,outputs,inputs,low,high,average
0,3.399,0.307,0.193,0.365,0.27955
1,3.353,0.299,0.189,0.354,0.27075
2,3.309,0.291,0.184,0.345,0.2623
3,3.268,0.284,0.18,0.337,0.2546
4,3.229,0.277,0.176,0.329,0.2474
5,3.192,0.271,0.173,0.321,0.2404
6,3.158,0.265,0.169,0.315,0.23425
7,3.127,0.259,0.166,0.308,0.2284
8,3.098,0.254,0.163,0.303,0.22305
9,3.071,0.249,0.16,0.297,0.21785
10,3.047,0.245,0.157,0.292,0.2132
11,3.026,0.241,0.153,0.288,0.20925
12,3.007,0.238,0.151,0.284,0.2057
13,2.991,0.235,0.148,0.281,0.2025
14,2.978,0.233,0.146,0.279,0.2001
15,2.968,0.231,0.144,0.277,0.1981
16,2.96,0.23,0.143,0.275,0.1966
17,2.955,0.229,0.142,0.274,0.19555
18,2.953,0.229,0.142,0.274,0.19515
19,2.953,0.229,0.142,0.274,0.19515
20,2.953,0.229,0.142,0.274,0.19515
21,2.953,0.231,0.142,0.274,0.19515
22,2.953,0.232,0.142,0.274,0.19515
23,2.953,0.234,0.142,0.274,0.19515
24,2.953,0.237,0.142,0.274,0.19515
25,2.953,0.24,0.142,0.274,0.19515
26,2.953,0.244,0.142,0.274,0.19515
27,2.953,0.248,0.142,0.274,0.19515
28,2.953,0.253,0.142,0.274,0.19515
29,2.953,0.258,0.142,0.274,0.19515
30,2.953,0.264,0.142,0.274,0.19515
31,2.953,0.27,0.142,0.274,0.19515
32,2.953,0.276,0.142,0.274,0.19515
33,2.953,0.284,0.142,0.274,0.19515
34,2.953,0.291,0.142,0.274,0.19515
35,2.953,0.299,0.142,0.274,0.19515
36,2.953,0.308,0.142,0.274,0.19515
37,2.953,0.317,0.142,0.274,0.19515
38,2.953,0.327,0.142,0.274,0.19515
39,2.953,0.337,0.142,0.274,0.19515
40,2.953,0.348,0.142,0.274,0.19515
41,2.953,0.359,0.142,0.274,0.19515
42,2.953,0.37,0.142,0.274,0.19515
43,2.953,0.382,0.142,0.274,0.19515
44,2.953,0.394,0.142,0.274,0.19515
45,2.953,0.407,0.142,0.274,0.19515
46,2.953,0.421,0.142,0.274,0.19515
47,2.968,0.434,0.142,0.274,0.19515
48,3.007,0.448,0.142,0.274,0.19515
49,3.047,0.463,0.142,0.274,0.19515
50,3.088,0.478,0.142,0.274,0.19515
51,3.13,0.493,0.142,0.274,0.19515
52,3.173,0.509,0.142,0.274,0.1991
53,3.217,0.525,0.147,0.291,0.2222
54,3.262,0.541,0.166,0.315,0.2472
55,3.308,0.558,0.187,0.345,0.2728
56,3.355,0.575,0.207,0.375,0.2988
57,3.402,0.593,0.226,0.405,0.32475
58,3.451,0.611,0.246,0.436,0.35185
59,3.501,0.629,0.266,0.468,0.37965
60,3.576,0.647,0.297,0.515,0.42115
61,3.653,0.666,0.328,0.564,0.46395
62,3.731,0.685,0.359,0.612,0.5058
63,3.81,0.704,0.391,0.637,0.54325
64,3.891,0.724,0.423,0.661,0.57815
65,3.972,0.743,0.456,0.686,0.61135
66,4.054,0.763,0.488,0.71,0.64165
67,4.137,0.784,0.521,0.734,0.6703
68,4.221,0.804,0.554,0.763,0.6974
69,4.305,0.825,0.587,0.795,0.72285
70,4.406,0.845,0.627,0.841,0.75165
71,4.511,0.866,0.669,0.887,0.779
72,4.617,0.887,0.702,0.91,0.80385
73,4.724,0.909,0.73,0.928,0.8267
74,4.831,0.93,0.755,0.945,0.84795
75,4.939,0.951,0.779,0.961,0.86795
76,5.047,0.973,0.802,0.975,0.8866
77,5.156,0.995,0.823,0.993,0.9046
78,5.265,1.016,0.845,1.017,0.9218
79,5.381,1.038,0.866,1.033,0.9383
80,5.506,1.06,0.878,1.04,0.9549
81,5.63,1.082,0.889,1.047,0.97095
82,5.755,1.104,0.901,1.055,0.98705
83,5.88,1.126,0.912,1.069,1.00275
84,6.005,1.148,0.924,1.089,1.01885
85,6.183,1.169,0.936,1.106,1.03205
86,6.388,1.191,0.946,1.121,1.04475
87,6.593,1.213,0.957,1.144,1.05845
88,6.796,1.234,0.968,1.173,1.07305
89,6.999,1.256,0.98,1.204,1.08895
90,7.201,1.277,0.991,1.236,1.10555
91,7.402,1.299,1.003,1.27,1.12285
92,7.601,1.32,1.014,1.304,1.14065
93,7.799,1.341,1.029,1.338,1.1591
94,7.997,1.362,1.047,1.373,1.1781
95,8.194,1.382,1.069,1.408,1.19785
96,8.391,1.403,1.094,1.444,1.218
97,8.585,1.423,1.12,1.479,1.23825
98,8.777,1.443,1.148,1.515,1.2587
99,8.966,1.463,1.176,1.549,1.279
100,9.154,1.483,1.205,1.584,1.2995
101,9.339,1.502,1.233,1.618,1.31995
102,9.521,1.521,1.248,1.652,1.3401
103,9.7,1.54,1.264,1.685,1.36025
104,9.877,1.558,1.279,1.718,1.38015
105,10.053,1.576,1.293,1.751,1.40015
106,10.226,1.594,1.307,1.783,1.41985
107,10.395,1.612,1.321,1.814,1.43925
108,10.561,1.629,1.336,1.845,1.4584
109,10.724,1.645,1.351,1.876,1.4773
110,10.883,1.662,1.367,1.906,1.4959
111,11.038,1.678,1.382,1.934,1.5139
112,11.189,1.693,1.395,1.963,1.5317
113,11.336,1.708,1.408,1.99,1.549
114,11.478,1.723,1.421,2.017,1.56585
115,11.617,1.737,1.433,2.043,1.5823
116,11.751,1.751,1.445,2.068,1.59815
117,11.882,1.765,1.457,2.092,1.6138
118,12.009,1.777,1.468,2.116,1.62895
119,12.131,1.79,1.479,2.139,1.6434
120,12.248,1.802,1.49,2.161,1.6575
121,12.361,1.813,1.5,2.182,1.67115
122,12.468,1.824,1.51,2.202,1.6841
123,12.57,1.834,1.519,2.221,1.6963
124,12.667,1.844,1.528,2.239,1.70795
125,12.759,1.854,1.536,2.257,1.71905
126,12.845,1.862,1.544,2.273,1.72955
127,12.926,1.871,1.551,2.288,1.7392
128,13.001,1.878,1.558,2.302,1.74835
129,13.071,1.885,1.564,2.315,1.75675
130,13.135,1.892,1.57,2.327,1.7645
131,13.194,1.898,1.576,2.338,1.7717
132,13.246,1.903,1.58,2.348,1.77805
133,13.293,1.908,1.585,2.357,1.78375
134,13.334,1.912,1.588,2.364,1.78865
135,13.369,1.915,1.592,2.371,1.79295
136,13.398,1.918,1.594,2.376,1.7965
137,13.421,1.921,1.596,2.381,1.7993
138,13.438,1.922,1.598,2.384,1.80135
139,13.449,1.924,1.599,2.386,1.8027
140,13.453,1.924,1.599,2.387,1.8032
141,13.453,1.924,1.599,2.387,1.8032
142,13.453,1.923,1.599,2.387,1.8032
143,13.453,1.922,1.599,2.387,1.8032
144,13.453,1.92,1.599,2.387,1.8032
145,13.453,1.917,1.599,2.387,1.8032
146,13.453,1.914,1.599,2.387,1.8032
147,13.453,1.91,1.599,2.387,1.8032
148,13.453,1.905,1.599,2.387,1.8032
149,13.453,1.9,1.599,2.387,1.8032
150,13.453,1.894,1.599,2.387,1.8032
151,13.453,1.888,1.599,2.387,1.8032
152,13.453,1.881,1.599,2.387,1.8032
153,13.453,1.873,1.599,2.387,1.8032
154,13.453,1.864,1.599,2.387,1.8032
155,13.453,1.855,1.599,2.387,1.8032
156,13.453,1.846,1.599,2.387,1.8032
157,13.453,1.836,1.599,2.387,1.8032
158,13.453,1.825,1.599,2.387,1.8032
159,13.453,1.813,1.599,2.387,1.8032
160,13.453,1.801,1.599,2.387,1.8032
161,13.453,1.789,1.599,2.387,1.8032
162,13.453,1.775,1.599,2.387,1.8032
163,13.453,1.762,1.599,2.387,1.8032
164,13.453,1.747,1.599,2.387,1.8032
165,13.453,1.732,1.599,2.387,1.8032
166,13.433,1.717,1.599,2.387,1.8032
167,13.389,1.7,1.599,2.387,1.8032
168,13.343,1.684,1.599,2.387,1.8032
169,13.296,1.666,1.599,2.387,1.8032
170,13.247,1.649,1.599,2.387,1.80295
171,13.197,1.63,1.574,2.355,1.78065
172,13.145,1.612,1.547,2.322,1.7519
173,13.092,1.592,1.518,2.288,1.7225
174,13.038,1.572,1.49,2.254,1.6927
175,12.982,1.552,1.46,2.218,1.66175
176,12.925,1.531,1.429,2.182,1.63015
177,12.847,1.51,1.388,2.133,1.58705
178,12.758,1.488,1.34,2.078,1.53775
179,12.667,1.466,1.292,2.027,1.49075
180,12.573,1.443,1.253,2.002,1.4534
181,12.478,1.42,1.223,1.981,1.42095
182,12.382,1.396,1.193,1.959,1.3918
183,12.283,1.373,1.162,1.937,1.3651
184,12.184,1.348,1.131,1.914,1.34055
185,12.082,1.324,1.106,1.891,1.317
186,11.956,1.298,1.078,1.865,1.2894
187,11.828,1.273,1.049,1.838,1.26275
188,11.698,1.247,1.021,1.81,1.23705
189,11.567,1.221,0.997,1.782,1.21235
190,11.435,1.195,0.975,1.754,1.18805
191,11.3,1.168,0.953,1.726,1.164
192,11.165,1.141,0.931,1.697,1.1403
193,11.02,1.114,0.907,1.667,1.1149
194,10.863,1.086,0.883,1.634,1.0878
195,10.704,1.058,0.858,1.601,1.0603
196,10.544,1.03,0.834,1.568,1.03365
197,10.383,1.002,0.809,1.535,1.0068
198,10.221,0.973,0.784,1.501,0.97985
199,10.057,0.945,0.758,1.467,0.9528
200,9.888,0.916,0.732,1.432,0.9251
201,9.707,0.887,0.704,1.394,0.8957
202,9.525,0.858,0.676,1.357,0.8663
203,9.342,0.828,0.647,1.319,0.83655
204,9.158,0.799,0.619,1.28,0.80705
205,8.974,0.77,0.59,1.242,0.77765
206,8.79,0.74,0.564,1.204,0.74855
207,8.598,0.711,0.541,1.164,0.71935
208,8.399,0.681,0.518,1.123,0.6899
209,8.2,0.651,0.496,1.082,0.6608
210,8.001,0.621,0.474,1.04,0.63215
211,7.802,0.592,0.456,0.999,0.60475
212,7.603,0.562,0.436,0.958,0.5782
213,7.404,0.532,0.394,0.917,0.553
214,7.197,0.503,0.359,0.874,0.5276
215,6.987,0.473,0.324,0.83,0.502
216,6.778,0.444,0.29,0.787,0.4767
217,6.569,0.414,0.257,0.744,0.45165
218,6.361,0.385,0.226,0.701,0.42685
219,6.154,0.356,0.196,0.658,0.40255
220,5.948,0.327,0.169,0.616,0.3786
221,5.735,0.298,0.144,0.573,0.3544
222,5.521,0.269,0.122,0.53,0.3305
223,5.309,0.241,0.105,0.488,0.3076
224,5.099,0.213,0.092,0.447,0.28555
225,4.89,0.185,0.079,0.407,0.26435
226,4.683,0.157,0.067,0.369,0.244
227,4.477,0.129,0.054,0.332,0.22305
228,4.267,0.102,0.042,0.296,0.20105
229,4.057,0.075,0.03,0.26,0.17775
230,3.85,0.048,0.018,0.224,0.15335
231,3.645,0.022,0.006,0.189,0.1283
232,3.442,-0.005,-0.007,0.158,0.10305
233,3.242,-0.03,-0.02,0.132,0.07785
234,3.045,-0.056,-0.034,0.105,0.05205
235,2.849,-0.081,-0.055,0.078,0.02535
236,2.65,-0.106,-0.08,0.049,-0.00195
237,2.454,-0.13,-0.106,0.02,-0.0289
238,2.262,-0.154,-0.133,-0.009,-0.05525
239,2.073,-0.178,-0.159,-0.037,-0.081
240,1.887,-0.201,-0.185,-0.063,-0.10665
241,1.705,-0.224,-0.211,-0.089,-0.1321
242,1.526,-0.246,-0.236,-0.108,-0.157
243,1.351,-0.268,-0.261,-0.127,-0.18145
244,1.176,-0.289,-0.286,-0.145,-0.20565
245,1.003,-0.31,-0.31,-0.163,-0.2291
246,0.834,-0.331,-0.334,-0.181,-0.2515
247,0.669,-0.351,-0.356,-0.198,-0.2722
248,0.509,-0.37,-0.374,-0.214,-0.2911
249,0.352,-0.389,-0.389,-0.23,-0.3089
250,0.2,-0.407,-0.403,-0.246,-0.3255
251,0.052,-0.425,-0.416,-0.256,-0.33945
252,-0.091,-0.442,-0.427,-0.262,-0.34465
253,-0.23,-0.459,-0.434,-0.268,-0.34485
254,-0.364,-0.475,-0.438,-0.277,-0.3511
255,-0.497,-0.491,-0.443,-0.294,-0.3721
256,-0.625,-0.506,-0.465,-0.321,-0.40235
257,-0.749,-0.521,-0.501,-0.351,-0.43565
258,-0.868,-0.535,-0.535,-0.381,-0.4696
259,-0.981,-0.548,-0.575,-0.41,-0.5027
260,-1.09,-0.561,-0.613,-0.44,-0.5351
261,-1.193,-0.573,-0.649,-0.469,-0.5664
262,-1.292,-0.585,-0.683,-0.498,-0.59685
263,-1.385,-0.596,-0.715,-0.525,-0.6257
264,-1.473,-0.606,-0.745,-0.551,-0.6528
265,-1.556,-0.616,-0.773,-0.576,-0.6779
266,-1.633,-0.625,-0.794,-0.6,-0.69855
267,-1.706,-0.633,-0.81,-0.623,-0.71495
268,-1.773,-0.641,-0.822,-0.644,-0.7274
269,-1.835,-0.649,-0.831,-0.664,-0.7372
270,-1.891,-0.655,-0.839,-0.683,-0.7449
271,-1.943,-0.661,-0.846,-0.699,-0.7512
272,-1.989,-0.667,-0.851,-0.707,-0.75625
273,-2.029,-0.671,-0.855,-0.711,-0.7601
274,-2.065,-0.676,-0.859,-0.713,-0.7635
275,-2.095,-0.679,-0.862,-0.714,-0.766
276,-2.121,-0.682,-0.864,-0.716,-0.768
277,-2.141,-0.684,-0.866,-0.717,-0.76975
278,-2.155,-0.686,-0.867,-0.717,-0.7706
279,-2.164,-0.687,-0.868,-0.718,-0.77135
280,-2.168,-0.688,-0.868,-0.718,-0.7716
281,-2.168,-0.687,-0.868,-0.718,-0.7716
282,-2.168,-0.687,-0.868,-0.718,-0.7716
283,-2.168,-0.685,-0.868,-0.718,-0.7716
284,-2.168,-0.683,-0.868,-0.718,-0.7716
285,-2.168,-0.681,-0.868,-0.718,-0.7716
286,-2.168,-0.677,-0.868,-0.718,-0.7716
287,-2.168,-0.674,-0.868,-0.718,-0.7716
288,-2.168,-0.669,-0.868,-0.718,-0.7716
289,-2.168,-0.664,-0.868,-0.718,-0.7716
290,-2.168,-0.659,-0.868,-0.718,-0.7716
291,-2.168,-0.653,-0.868,-0.718,-0.7716
292,-2.168,-0.646,-0.868,-0.718,-0.7716
293,-2.168,-0.639,-0.868,-0.718,-0.7716
294,-2.168,-0.631,-0.868,-0.718,-0.7716
295,-2.168,-0.623,-0.868,-0.718,-0.7716
296,-2.168,-0.614,-0.868,-0.718,-0.7716
297,-2.168,-0.605,-0.868,-0.718,-0.7716
298,-2.168,-0.595,-0.868,-0.718,-0.7716
299,-2.168,-0.585,-0.868,-0.718,-0.7716
300,-2.168,-0.574,-0.868,-0.718,-0.7716
301,-2.168,-0.563,-0.868,-0.718,-0.7716
302,-2.168,-0.551,-0.868,-0.718,-0.7716
303,-2.168,-0.539,-0.868,-0.718,-0.7716
304,-2.168,-0.527,-0.868,-0.718,-0.7716
305,-2.168,-0.514,-0.868,-0.718,-0.7716
306,-2.168,-0.5,-0.868,-0.718,-0.7716
307,-2.165,-0.486,-0.868,-0.718,-0.7716
308,-2.126,-0.472,-0.868,-0.718,-0.7716
309,-2.086,-0.458,-0.868,-0.718,-0.7716
310,-2.045,-0.443,-0.868,-0.718,-0.7716
311,-2.003,-0.427,-0.868,-0.718,-0.7716
312,-1.96,-0.412,-0.868,-0.718,-0.7711
313,-1.916,-0.396,-0.868,-0.696,-0.7529
314,-1.872,-0.379,-0.851,-0.67,-0.73045
315,-1.826,-0.363,-0.831,-0.643,-0.70655
316,-1.78,-0.346,-0.812,-0.615,-0.6822
317,-1.733,-0.329,-0.791,-0.586,-0.6567
318,-1.685,-0.311,-0.77,-0.556,-0.6299
319,-1.637,-0.293,-0.749,-0.525,-0.6026
320,-1.571,-0.276,-0.718,-0.48,-0.56355
321,-1.497,-0.257,-0.683,-0.427,-0.51755
322,-1.422,-0.239,-0.644,-0.371,-0.4682
323,-1.345,-0.221,-0.601,-0.327,-0.4159
324,-1.269,-0.202,-0.554,-0.284,-0.36345
325,-1.191,-0.183,-0.503,-0.233,-0.3087
326,-1.114,-0.164,-0.452,-0.181,-0.25685
327,-1.035,-0.145,-0.4,-0.129,-0.20665
328,-0.956,-0.126,-0.348,-0.088,-0.16035
329,-0.877,-0.107,-0.296,-0.052,-0.11605
330,-0.798,-0.087,-0.244,-0.014,-0.0735
331,-0.7,-0.068,-0.179,0.033,-0.02355
332,-0.602,-0.048,-0.113,0.077,0.0242
333,-0.505,-0.029,-0.056,0.118,0.0688
334,-0.407,-0.009,-0.007,0.163,0.1112
335,-0.309,0.01,0.026,0.214,0.1501
336,-0.212,0.029,0.05,0.252,0.18295
337,-0.114,0.049,0.071,0.269,0.20645
338,-0.017,0.068,0.09,0.282,0.22135
339,0.08,0.087,0.111,0.291,0.23255
340,0.176,0.107,0.13,0.296,0.2435
341,0.281,0.126,0.144,0.304,0.25735
342,0.389,0.145,0.158,0.318,0.27465
343,0.496,0.164,0.173,0.338,0.29265
344,0.603,0.182,0.188,0.361,0.31035
345,0.708,0.201,0.204,0.383,0.3271
346,0.812,0.219,0.221,0.403,0.3439
347,0.916,0.237,0.24,0.423,0.3613
348,1.018,0.255,0.26,0.443,0.3789
349,1.118,0.273,0.281,0.462,0.39695
350,1.218,0.29,0.302,0.48,0.41565
351,1.315,0.307,0.323,0.501,0.43385
352,1.418,0.324,0.345,0.524,0.4535
353,1.522,0.341,0.367,0.547,0.4733
354,1.623,0.357,0.382,0.57,0.4926
355,1.723,0.373,0.394,0.593,0.51185
356,1.82,0.388,0.407,0.615,0.5305
357,1.916,0.404,0.422,0.638,0.54925
358,2.009,0.419,0.437,0.659,0.5674
359,2.099,0.433,0.453,0.68,0.5853
360,2.188,0.447,0.47,0.701,0.60305
361,2.273,0.461,0.487,0.718,0.61965
362,2.357,0.474,0.503,0.728,0.6358
363,2.437,0.487,0.52,0.744,0.65125
364,2.515,0.499,0.536,0.763,0.666
365,2.589,0.511,0.552,0.773,0.67945
366,2.666,0.523,0.568,0.783,0.6929
367,2.74,0.534,0.583,0.792,0.7058
368,2.81,0.544,0.594,0.801,0.7176
369,2.877,0.554,0.604,0.809,0.7288
370,2.941,0.564,0.613,0.816,0.73955
371,3.001,0.573,0.622,0.823,0.7494
372,3.058,0.581,0.63,0.83,0.75865
373,3.111,0.589,0.637,0.836,0.7672
374,3.16,0.597,0.644,0.842,0.7747
375,3.206,0.603,0.651,0.847,0.7816
376,3.248,0.61,0.657,0.852,0.7876
377,3.285,0.615,0.662,0.856,0.79255
378,3.319,0.62,0.666,0.86,0.797
379,3.349,0.625,0.67,0.863,0.80115
380,3.375,0.629,0.673,0.866,0.8045
381,3.397,0.632,0.676,0.869,0.8074
382,3.414,0.634,0.678,0.871,0.8097
383,3.428,0.636,0.68,0.872,0.8114
384,3.437,0.638,0.681,0.873,0.81245
385,3.442,0.639,0.682,0.874,0.8133
386,3.442,0.639,0.682,0.874,0.8133
387,3.442,0.638,0.682,0.874,0.8133
388,3.442,0.637,0.682,0.874,0.8133
389,3.442,0.635,0.682,0.874,0.8133
390,3.442,0.632,0.682,0.874,0.8133
391,3.442,0.629,0.682,0.874,0.8133
392,3.442,0.625,0.682,0.874,0.8133
393,3.442,0.621,0.682,0.874,0.8133
394,3.442,0.616,0.682,0.874,0.8133
395,3.442,0.61,0.682,0.874,0.8133
396,3.442,0.603,0.682,0.874,0.8133
397,3.442,0.596,0.682,0.874,0.8133
398,3.442,0.588,0.682,0.874,0.8133
399,3.442,0.58,0.682,0.874,0.8133