0.714,11.995,18.661
0.675,11.995,18.656
0.613,11.995,18.647
0.534,11.995,18.635
0.444,11.772,18.621
0.348,11.509,18.607
0.253,11.150,18.592
0.164,10.787,18.579
0.089,10.444,18.567
0.032,10.159,18.559
-0.000,9.998,18.553
-0.003,9.981,18.553
0.019,9.981,18.556
0.060,9.981,18.562
0.115,9.981,18.570
0.179,9.981,18.579
0.246,10.116,18.589
0.310,10.291,18.599
0.365,10.443,18.608
0.407,10.571,18.614
0.429,10.662,18.618
0.428,10.662,18.618
0.407,10.662,18.615
0.371,10.662,18.610
0.325,10.662,18.603
0.276,10.662,18.595
0.227,10.655,18.588
0.184,10.538,18.581
0.152,10.451,18.576
0.137,10.409,18.574
0.143,10.409,18.575
0.174,10.409,18.579
0.226,10.409,18.587
0.294,10.409,18.597
0.371,10.503,18.608
0.452,10.756,18.620
0.531,11.081,18.632
0.602,11.379,18.643
0.661,11.671,18.652
0.700,11.867,18.658
0.714,11.939,18.661
0.700,11.939,18.659
0.659,11.939,18.653
0.599,11.939,18.644
0.522,11.939,18.633
0.434,11.720,18.620
0.340,11.463,18.606
0.245,11.107,18.591
0.153,10.731,18.577
0.070,10.349,18.565
0.000,9.998,18.554
-0.053,9.733,18.546
-0.088,9.547,18.540
-0.107,9.438,18.537
-0.111,9.418,18.536
-0.100,9.418,18.538
-0.075,9.418,18.541
-0.037,9.418,18.547
0.012,9.418,18.554
0.072,9.418,18.563
0.143,9.565,18.574
0.222,9.782,18.586
0.307,10.037,18.598
0.393,10.390,18.611
0.476,10.734,18.624
0.554,11.112,18.636
0.621,11.450,18.646
0.675,11.719,18.655
0.711,11.914,18.660
0.725,11.995,18.663
0.714,11.995,18.661
0.675,11.995,18.656
0.613,11.995,18.647
0.534,11.995,18.635
0.443,11.771,18.621
0.347,11.509,18.607
0.252,11.149,18.592
0.164,10.786,18.579
0.089,10.443,18.567
0.032,10.158,18.559
0.000,9.998,18.553
-0.003,9.982,18.553
0.019,9.982,18.556
0.061,9.982,18.562
0.116,9.982,18.570
0.180,9.982,18.580
0.247,10.119,18.590
0.311,10.294,18.599
0.366,10.446,18.608
0.407,10.573,18.614
0.429,10.662,18.618
0.427,10.662,18.618
0.405,10.662,18.615
0.369,10.662,18.609
0.324,10.662,18.603
0.275,10.662,18.595
0.228,10.659,18.588
0.188,10.550,18.582
0.161,10.476,18.578
0.152,10.452,18.576
0.167,10.452,18.578
0.209,10.452,18.584
0.273,10.452,18.594
0.354,10.455,18.606
0.444,10.723,18.619
0.538,11.108,18.633
0.628,11.509,18.647
0.710,11.917,18.659
0.775,12.330,18.670
0.818,12.620,18.676
0.833,12.719,18.679
0.815,12.719,18.677
0.767,12.719,18.670
0.696,12.719,18.659
0.606,12.644,18.646
0.504,12.364,18.631
0.394,12.013,18.614
0.284,11.558,18.597
0.178,11.071,18.581
0.081,10.587,18.566
0.000,10.157,18.554
-0.061,9.809,18.545
-0.102,9.575,18.538
-0.124,9.449,18.535
-0.128,9.426,18.534
-0.115,9.426,18.535
-0.087,9.426,18.540
-0.043,9.426,18.546
0.015,9.426,18.555
0.085,9.462,18.565
0.167,9.687,18.577
0.259,9.939,18.591
0.358,10.327,18.606
0.458,10.739,18.621
0.556,11.217,18.636
0.646,11.670,18.650
0.725,12.102,18.662
0.787,12.458,18.671
0.829,12.697,18.678
0.846,12.806,18.681
0.833,12.806,18.679
0.788,12.806,18.673
0.716,12.806,18.662
0.623,12.743,18.648
0.518,12.454,18.633
0.406,12.093,18.616
0.295,11.638,18.599
0.192,11.165,18.583
0.104,10.723,18.570
0.037,10.384,18.560
0.000,10.170,18.554
-0.004,10.148,18.553
0.022,10.148,18.556
0.070,10.148,18.563
0.134,10.148,18.573
0.209,10.183,18.584
0.287,10.396,18.595
0.361,10.600,18.607
0.426,10.818,18.617
0.474,11.017,18.624
0.500,11.123,18.628
0.499,11.123,18.628
0.474,11.123,18.625
0.432,11.123,18.619
0.379,11.123,18.611
0.321,11.123,18.602
0.264,11.025,18.594
0.214,10.888,18.586
0.177,10.787,18.580
0.160,10.738,18.577
0.167,10.738,18.578
0.203,10.738,18.583
0.264,10.738,18.592
0.343,10.738,18.604
0.433,10.939,18.617
0.527,11.235,18.632
0.620,11.636,18.646
0.703,12.054,18.658
0.771,12.394,18.669
0.816,12.637,18.676
0.833,12.732,18.679
0.816,12.732,18.677
0.769,12.732,18.670
0.698,12.732,18.660
0.609,12.665,18.646
0.506,12.385,18.631
0.397,12.035,18.614
0.286,11.579,18.598
0.179,11.090,18.581
0.082,10.602,18.567
-0.000,10.170,18.554
-0.061,9.820,18.544
-0.103,9.584,18.538
-0.125,9.458,18.534
-0.129,9.435,18.534
-0.116,9.435,18.535
-0.087,9.435,18.539
-0.043,9.435,18.546
0.014,9.435,18.554
0.085,9.472,18.565
0.167,9.697,18.577
0.259,9.950,18.591
0.358,10.339,18.606
0.458,10.752,18.621
0.556,11.230,18.636
0.646,11.684,18.650
0.725,12.116,18.662
0.787,12.472,18.671
0.829,12.711,18.678
0.846,12.806,18.681
0.833,12.806,18.679
0.788,12.806,18.673
0.716,12.806,18.662
0.623,12.743,18.648
0.517,12.454,18.633
0.406,12.093,18.616
0.295,11.638,18.599
0.192,11.165,18.583
0.104,10.723,18.570
0.037,10.384,18.560
0.000,10.170,18.554
-0.004,10.148,18.553
0.022,10.148,18.556
0.070,10.148,18.563
0.134,10.148,18.573
0.209,10.183,18.584
0.287,10.396,18.595
0.361,10.600,18.607
0.426,10.818,18.617
0.474,11.017,18.624
0.500,11.123,18.628
0.499,11.123,18.628
0.474,11.123,18.625
0.432,11.123,18.619
0.379,11.123,18.611
0.321,11.123,18.602
0.264,11.025,18.594
0.214,10.888,18.586
0.177,10.787,18.580
0.160,10.738,18.577
0.167,10.738,18.578
0.203,10.738,18.583
0.264,10.738,18.592
0.343,10.738,18.604
0.433,10.939,18.617
0.527,11.235,18.632
0.620,11.636,18.646
0.703,12.054,18.658
0.771,12.394,18.669
0.816,12.637,18.676
0.833,12.732,18.679
0.816,12.732,18.677
0.769,12.732,18.670
0.698,12.732,18.660
0.609,12.665,18.646
0.506,12.385,18.631
0.397,12.035,18.614
0.286,11.579,18.598
0.179,11.090,18.581
0.082,10.602,18.567
0.000,10.170,18.554
-0.061,9.820,18.544
-0.103,9.584,18.538
-0.125,9.458,18.534
-0.129,9.435,18.534
-0.116,9.435,18.535
-0.087,9.435,18.539
-0.043,9.435,18.546
0.014,9.435,18.554
0.085,9.472,18.565
0.167,9.698,18.577
0.259,9.950,18.591
0.358,10.339,18.606
0.458,10.752,18.621
0.556,11.230,18.636
0.646,11.684,18.650
0.725,12.116,18.662
0.787,12.472,18.671
0.829,12.711,18.678
0.846,12.806,18.681
0.833,12.806,18.679
0.788,12.806,18.673
0.716,12.806,18.662
0.623,12.743,18.648
0.517,12.454,18.633
0.406,12.093,18.616
0.295,11.638,18.599
0.192,11.165,18.583
0.104,10.723,18.570
0.037,10.384,18.560
0.000,10.170,18.554
-0.004,10.148,18.553
0.022,10.148,18.556
0.070,10.148,18.563
0.134,10.148,18.573
0.209,10.183,18.584
0.287,10.396,18.595
0.361,10.600,18.607
0.426,10.818,18.617
0.474,11.017,18.624
0.500,11.123,18.628
0.499,11.123,18.628
0.474,11.123,18.625
0.432,11.123,18.619
0.379,11.123,18.611
0.321,11.123,18.602
0.264,11.025,18.594
0.214,10.888,18.586
0.177,10.787,18.580
0.160,10.738,18.577
0.167,10.738,18.578
0.203,10.738,18.583
0.264,10.738,18.592
0.343,10.738,18.604
0.433,10.939,18.617
0.527,11.235,18.632
0.620,11.636,18.646
0.703,12.054,18.658
0.771,12.394,18.669
0.816,12.637,18.676
0.833,12.732,18.679
0.816,12.732,18.677
0.769,12.732,18.670
0.698,12.732,18.660
0.609,12.665,18.646
0.506,12.385,18.631
0.397,12.035,18.614
0.286,11.579,18.598
0.179,11.090,18.581
0.082,10.602,18.567
0.000,10.170,18.554
-0.061,9.820,18.544
-0.103,9.584,18.538
-0.125,9.458,18.534
-0.129,9.435,18.534
-0.116,9.435,18.535
-0.087,9.435,18.539
-0.043,9.435,18.546
0.014,9.435,18.554
0.085,9.472,18.565
0.167,9.698,18.577
0.259,9.950,18.591
0.358,10.339,18.606
0.458,10.752,18.621
0.556,11.230,18.636
0.646,11.684,18.650
0.725,12.116,18.662
0.787,12.472,18.671
0.829,12.711,18.678
0.846,12.806,18.681
0.833,12.806,18.679
0.788,12.806,18.673
0.716,12.806,18.662
0.623,12.743,18.648
0.517,12.454,18.633
0.406,12.093,18.616
0.295,11.638,18.599
0.192,11.165,18.583
0.104,10.723,18.570
0.037,10.384,18.560
0.000,10.170,18.554
-0.004,10.148,18.553
0.022,10.148,18.556
0.070,10.148,18.563
0.134,10.148,18.573
0.209,10.183,18.584
0.287,10.396,18.595
0.361,10.600,18.607
0.426,10.818,18.617
0.474,11.017,18.624
0.500,11.123,18.628
0.499,11.123,18.628
0.474,11.123,18.625
0.432,11.123,18.619
0.379,11.123,18.611
0.321,11.123,18.602
0.264,11.025,18.594
0.214,10.888,18.586
0.177,10.787,18.580
0.160,10.738,18.577
0.167,10.738,18.578
0.203,10.738,18.583
0.264,10.738,18.592
0.343,10.738,18.604
0.433,10.939,18.617
0.527,11.235,18.632
0.620,11.636,18.646
0.703,12.054,18.658
0.771,12.394,18.669
0.816,12.637,18.676
0.833,12.732,18.679
0.816,12.732,18.677
0.769,12.732,18.670
0.698,12.732,18.660
0.609,12.665,18.646
0.506,12.385,18.631
0.397,12.035,18.614
0.286,11.579,18.598
0.179,11.090,18.581
0.082,10.602,18.567
0.000,10.170,18.554
-0.061,9.820,18.544
-0.103,9.584,18.538
-0.125,9.458,18.534
-0.129,9.435,18.534
-0.116,9.435,18.535
-0.087,9.435,18.539
-0.043,9.435,18.546
0.014,9.435,18.554
0.085,9.472,18.565
0.167,9.698,18.577
0.259,9.950,18.591
0.358,10.339,18.606
0.458,10.752,18.621
0.556,11.230,18.636
0.646,11.684,18.650
0.725,12.116,18.662
0.787,12.472,18.671
0.829,12.711,18.678
0.846,12.806,18.681
0.833,12.806,18.679
0.788,12.806,18.673
0.716,12.806,18.662
0.623,12.743,18.648
0.517,12.454,18.633
0.406,12.093,18.616
0.295,11.638,18.599
0.192,11.165,18.583
0.104,10.723,18.570
0.037,10.384,18.560
0.000,10.170,18.554
-0.004,10.148,18.553
0.022,10.148,18.556
0.070,10.148,18.563
0.134,10.148,18.573
0.209,10.183,18.584
0.287,10.396,18.595
0.361,10.600,18.607
0.426,10.818,18.617
0.474,11.017,18.624
0.500,11.123,18.628
0.499,11.123,18.628
0.474,11.123,18.625
0.432,11.123,18.619
0.379,11.123,18.611
0.321,11.123,18.602
0.264,11.025,18.594
0.214,10.888,18.586
0.177,10.787,18.580
0.160,10.738,18.577
0.167,10.738,18.578
0.203,10.738,18.583
0.264,10.738,18.592
0.343,10.738,18.604
0.433,10.939,18.617
0.527,11.235,18.632
0.620,11.636,18.646
0.703,12.054,18.658
0.771,12.394,18.669
0.816,12.637,18.676
0.833,12.732,18.679
0.816,12.732,18.677
0.769,12.732,18.670
0.698,12.732,18.660
0.609,12.665,18.646
0.506,12.385,18.631
0.397,12.035,18.614
0.286,11.579,18.598
0.179,11.090,18.581
0.082,10.602,18.567
-0.000,10.170,18.554
-0.061,9.820,18.544
-0.103,9.584,18.538
-0.125,9.458,18.534
-0.129,9.435,18.534
-0.116,9.435,18.535
-0.087,9.435,18.539
-0.043,9.435,18.546
0.014,9.435,18.554
0.085,9.472,18.565
0.167,9.698,18.577
0.259,9.950,18.591
0.358,10.339,18.606
0.458,10.752,18.621
0.556,11.230,18.636
0.646,11.684,18.650
0.725,12.116,18.662
0.787,12.472,18.671
0.829,12.711,18.678
0.846,12.806,18.681
0.833,12.806,18.679
0.788,12.806,18.673
0.716,12.806,18.662
0.623,12.743,18.648
0.517,12.454,18.633
0.406,12.093,18.616
0.295,11.638,18.599
0.192,11.165,18.583
0.104,10.723,18.570
0.037,10.384,18.560
-0.000,10.170,18.554
-0.004,10.148,18.553
0.022,10.148,18.556
0.070,10.148,18.563
0.134,10.148,18.573
0.209,10.183,18.584
0.287,10.396,18.595
0.361,10.600,18.607
0.426,10.818,18.617
0.474,11.017,18.624
0.500,11.123,18.628
0.499,11.123,18.628
0.474,11.123,18.625
0.432,11.123,18.619
0.379,11.123,18.611
0.321,11.123,18.602
0.264,11.025,18.594
0.214,10.888,18.586
0.177,10.787,18.580
0.160,10.738,18.577
0.167,10.738,18.578
0.203,10.738,18.583
0.264,10.738,18.592
0.343,10.738,18.604
0.433,10.939,18.617
0.527,11.235,18.632
0.620,11.636,18.646
0.703,12.054,18.658
0.771,12.394,18.669
0.816,12.637,18.676
0.833,12.732,18.679
0.816,12.732,18.677
0.769,12.732,18.670
0.698,12.732,18.660
0.609,12.665,18.646
0.506,12.385,18.631
0.397,12.035,18.614
0.286,11.579,18.598
0.179,11.090,18.581
0.082,10.602,18.567
0.000,10.170,18.554
-0.061,9.820,18.544
-0.103,9.584,18.538
-0.125,9.458,18.534
-0.129,9.434,18.534
-0.116,9.434,18.535
-0.087,9.434,18.539
-0.043,9.434,18.546
0.014,9.434,18.554
0.085,9.472,18.565
0.167,9.697,18.577
0.259,9.950,18.591
0.358,10.340,18.606
0.459,10.753,18.621
0.556,11.232,18.636
0.647,11.686,18.650
0.725,12.118,18.662
0.788,12.475,18.672
0.830,12.713,18.678
0.846,12.807,18.681
0.833,12.807,18.679
0.788,12.807,18.673
0.715,12.807,18.662
0.622,12.741,18.648
0.516,12.451,18.632
0.404,12.087,18.616
0.293,11.632,18.599
0.190,11.158,18.583
0.102,10.717,18.570
0.037,10.380,18.559
0.000,10.171,18.553
-0.003,10.155,18.553
0.024,10.155,18.556
0.074,10.155,18.564
0.139,10.155,18.573
0.215,10.202,18.585
0.293,10.416,18.596
0.367,10.619,18.608
0.431,10.840,18.617
0.477,11.031,18.625
0.500,11.125,18.628
0.495,11.125,18.628
0.465,11.125,18.624
0.419,11.125,18.617
0.361,11.125,18.608
0.300,11.125,18.599
0.242,10.965,18.590
0.193,10.830,18.583
0.159,10.739,18.578
0.149,10.710,18.576
0.167,10.710,18.578
0.219,10.710,18.586
0.299,10.710,18.597
0.399,10.847,18.612
0.511,11.169,18.629
0.627,11.675,18.647
0.740,12.242,18.664
0.842,12.783,18.679
0.924,13.344,18.692
0.980,13.737,18.701
1.000,13.881,18.704
0.980,13.881,18.702
0.924,13.881,18.694
0.839,13.881,18.681
0.731,13.693,18.665
0.608,13.356,18.647
0.477,12.827,18.627
0.343,12.227,18.607
0.215,11.582,18.587
0.098,10.926,18.569
-0.000,10.367,18.554
-0.074,9.905,18.543
-0.124,9.595,18.535
-0.150,9.428,18.531
-0.155,9.397,18.530
-0.140,9.397,18.532
-0.105,9.397,18.537
-0.053,9.397,18.544
0.017,9.397,18.555
0.101,9.552,18.567
0.200,9.822,18.582
0.311,10.216,18.599
0.429,10.702,18.617
0.550,11.293,18.635
0.667,11.897,18.653
0.776,12.516,18.669
0.870,13.069,18.684
0.945,13.539,18.695
0.995,13.853,18.703
1.016,13.992,18.706
1.000,13.992,18.705
0.946,13.992,18.697
0.859,13.992,18.684
0.748,13.807,18.668
0.621,13.460,18.649
0.487,12.917,18.628
0.354,12.314,18.608
0.230,11.693,18.589
0.125,11.100,18.573
0.045,10.646,18.561
-0.000,10.380,18.554
-0.005,10.351,18.552
0.026,10.351,18.557
0.084,10.351,18.565
0.161,10.351,18.577
0.251,10.503,18.590
0.344,10.758,18.604
0.433,11.054,18.617
0.511,11.374,18.629
0.569,11.613,18.638
0.600,11.744,18.643
0.598,11.744,18.644
0.569,11.744,18.639
0.519,11.744,18.632
0.455,11.744,18.623
0.385,11.704,18.612
0.317,11.516,18.602
0.257,11.352,18.593
0.213,11.231,18.586
0.191,11.160,18.582
0.200,11.160,18.583
0.244,11.160,18.589
0.317,11.160,18.600
0.412,11.216,18.614
0.520,11.511,18.630
0.633,11.909,18.647
0.744,12.465,18.664
0.844,13.001,18.680
0.925,13.465,18.692
0.980,13.778,18.701
1.000,13.894,18.704
0.980,13.894,18.702
0.924,13.894,18.694
0.838,13.894,18.681
0.731,13.705,18.665
0.608,13.368,18.647
0.476,12.839,18.627
0.343,12.239,18.607
0.215,11.594,18.587
0.098,10.939,18.569
0.000,10.380,18.554
-0.074,9.919,18.543
-0.123,9.609,18.535
-0.150,9.442,18.531
-0.155,9.411,18.530
-0.140,9.411,18.532
-0.105,9.411,18.537
-0.052,9.411,18.544
0.017,9.411,18.555
0.101,9.565,18.567
0.200,9.835,18.582
0.311,10.230,18.599
0.429,10.716,18.617
0.550,11.306,18.635
0.667,11.910,18.653
0.776,12.529,18.669
0.870,13.082,18.684
0.945,13.552,18.695
0.995,13.866,18.703
1.016,13.991,18.706
1.000,13.991,18.705
0.946,13.991,18.697
0.859,13.991,18.684
0.748,13.807,18.668
0.621,13.460,18.649
0.487,12.917,18.628
0.354,12.314,18.608
0.230,11.693,18.589
0.125,11.100,18.573
0.045,10.646,18.561
-0.000,10.380,18.554
-0.005,10.351,18.552
0.026,10.351,18.557
0.084,10.351,18.565
0.161,10.351,18.577
0.251,10.503,18.590
0.344,10.758,18.604
0.433,11.054,18.617
0.511,11.374,18.629
0.569,11.613,18.638
0.600,11.744,18.643
0.598,11.744,18.644
0.569,11.744,18.639
0.519,11.744,18.632
0.455,11.744,18.623
0.385,11.704,18.612
0.317,11.516,18.602
0.257,11.352,18.593
0.213,11.231,18.586
0.191,11.160,18.582
0.200,11.160,18.583
0.244,11.160,18.589
0.317,11.160,18.600
0.412,11.216,18.614
0.520,11.511,18.630
0.633,11.909,18.647
0.744,12.465,18.664
0.844,13.001,18.680
0.925,13.465,18.692
0.980,13.778,18.701
1.000,13.894,18.704
0.980,13.894,18.702
0.924,13.894,18.694
0.838,13.894,18.681
0.731,13.705,18.665
0.608,13.368,18.647
0.476,12.839,18.627
0.343,12.239,18.607
0.215,11.594,18.587
0.098,10.939,18.569
-0.000,10.380,18.554
-0.074,9.919,18.543
-0.123,9.609,18.535
-0.150,9.442,18.531
-0.155,9.411,18.530
-0.140,9.411,18.532
-0.105,9.411,18.537
-0.052,9.411,18.544
0.017,9.411,18.555
0.101,9.565,18.567
0.200,9.835,18.582
0.311,10.230,18.599
0.429,10.716,18.617
0.550,11.306,18.635
0.667,11.910,18.653
0.776,12.529,18.669
0.870,13.082,18.684
0.945,13.552,18.695
0.995,13.866,18.703
1.016,13.991,18.706
1.000,13.991,18.705
0.946,13.991,18.697
0.859,13.991,18.684
0.748,13.807,18.668
0.621,13.460,18.649
0.487,12.917,18.628
0.354,12.314,18.608
0.230,11.693,18.589
0.125,11.100,18.573
0.045,10.646,18.561
-0.000,10.380,18.554
-0.005,10.351,18.552
0.026,10.351,18.557
0.084,10.351,18.565
0.161,10.351,18.577
0.251,10.503,18.590
0.344,10.758,18.604
0.433,11.054,18.617
0.511,11.374,18.629
0.569,11.613,18.638
0.600,11.744,18.643
0.598,11.744,18.644
0.569,11.744,18.639
0.519,11.744,18.632
0.455,11.744,18.623
0.385,11.704,18.612
0.317,11.516,18.602
0.257,11.352,18.593
0.213,11.231,18.586
0.191,11.160,18.582
0.200,11.160,18.583
0.244,11.160,18.589
0.317,11.160,18.600
0.412,11.216,18.614
0.520,11.511,18.630
0.633,11.909,18.647
0.744,12.465,18.664
0.844,13.001,18.680
0.925,13.465,18.692
0.980,13.778,18.701
1.000,13.894,18.704
0.980,13.894,18.702
0.924,13.894,18.694
0.838,13.894,18.681
0.731,13.705,18.665
0.608,13.368,18.647
0.476,12.839,18.627
0.343,12.239,18.607
0.215,11.594,18.587
0.098,10.939,18.569
0.000,10.380,18.554
-0.074,9.919,18.543
-0.123,9.609,18.535
-0.150,9.442,18.531
-0.155,9.411,18.530
-0.140,9.411,18.532
-0.105,9.411,18.537
-0.052,9.411,18.544
0.017,9.411,18.555
0.101,9.565,18.567
0.200,9.835,18.582
0.311,10.230,18.599
0.429,10.716,18.617
0.550,11.306,18.635
0.667,11.910,18.653
0.776,12.529,18.669
0.870,13.082,18.684
0.945,13.552,18.695
0.995,13.866,18.703
1.016,13.991,18.706
1.000,13.991,18.705
0.946,13.991,18.697
0.859,13.991,18.684
0.748,13.807,18.668
0.621,13.460,18.649
0.487,12.917,18.628
0.354,12.314,18.608
0.230,11.693,18.589
0.125,11.100,18.573
0.045,10.646,18.561
-0.000,10.380,18.554
-0.005,10.351,18.552
0.026,10.351,18.557
0.084,10.351,18.565
0.161,10.351,18.577
0.251,10.503,18.590
0.344,10.758,18.604
0.433,11.054,18.617
0.511,11.374,18.629
0.569,11.613,18.638
0.600,11.744,18.643
0.598,11.744,18.644
0.569,11.744,18.639
0.519,11.744,18.632
0.455,11.744,18.623
0.385,11.704,18.612
0.317,11.516,18.602
0.257,11.352,18.593
0.213,11.231,18.586
0.191,11.160,18.582
0.200,11.160,18.583
0.244,11.160,18.589
0.317,11.160,18.600
0.412,11.216,18.614
0.520,11.511,18.630
0.633,11.909,18.647
0.744,12.465,18.664
0.844,13.001,18.680
0.925,13.465,18.692
0.980,13.778,18.701
1.000,13.894,18.704
0.980,13.894,18.702
0.924,13.894,18.694
0.838,13.894,18.681
0.731,13.705,18.665
0.608,13.368,18.647
0.476,12.839,18.627
0.343,12.239,18.607
0.215,11.594,18.587
0.098,10.939,18.569
0.000,10.380,18.554
-0.074,9.919,18.543
-0.123,9.609,18.535
-0.150,9.442,18.531
-0.155,9.411,18.530
-0.140,9.411,18.532
-0.105,9.411,18.537
-0.052,9.411,18.544
0.017,9.411,18.555
0.101,9.565,18.567
0.200,9.835,18.582
0.311,10.230,18.599
0.429,10.716,18.617
0.550,11.306,18.635
0.667,11.910,18.653
0.776,12.529,18.669
0.870,13.082,18.684
0.945,13.552,18.695
0.995,13.866,18.703
1.016,13.991,18.706
1.000,13.991,18.705
0.946,13.991,18.697
0.859,13.991,18.684
0.748,13.807,18.668
0.621,13.460,18.649
0.487,12.917,18.628
0.354,12.314,18.608
0.230,11.693,18.589
0.125,11.100,18.573
0.045,10.646,18.561
0.000,10.380,18.554
-0.005,10.351,18.552
0.026,10.351,18.557
0.084,10.351,18.565
0.161,10.351,18.577
0.251,10.503,18.590
0.344,10.758,18.604
0.433,11.054,18.617
0.511,11.374,18.629
0.569,11.613,18.638
0.600,11.744,18.643
0.598,11.744,18.644
0.569,11.744,18.639
0.519,11.744,18.632
0.455,11.744,18.623
0.385,11.704,18.612
0.317,11.516,18.602
0.257,11.352,18.593
0.213,11.231,18.586
0.191,11.160,18.582
0.200,11.160,18.583
0.244,11.160,18.589
0.317,11.160,18.600
0.412,11.216,18.614
0.520,11.511,18.630
0.633,11.909,18.647
0.744,12.465,18.664
0.844,13.001,18.680
0.925,13.465,18.692
0.980,13.778,18.701
1.000,13.894,18.704
0.980,13.894,18.702
0.924,13.894,18.694
0.838,13.894,18.681
0.731,13.705,18.665
0.608,13.368,18.647
0.476,12.839,18.627
0.343,12.239,18.607
0.215,11.594,18.587
0.098,10.939,18.569
0.000,10.380,18.554
-0.074,9.919,18.543
-0.123,9.609,18.535
-0.150,9.442,18.531
-0.155,9.411,18.530
-0.140,9.411,18.532
-0.105,9.411,18.537
-0.052,9.411,18.544
0.017,9.411,18.555
0.101,9.565,18.567
0.200,9.835,18.582
0.311,10.230,18.599
0.429,10.716,18.617
0.550,11.306,18.635
0.667,11.910,18.653
0.776,12.529,18.669
0.870,13.082,18.684
0.945,13.552,18.695
0.995,13.866,18.703
1.016,13.991,18.706
1.000,13.991,18.705
0.946,13.991,18.697
0.859,13.991,18.684
0.748,13.807,18.668
0.621,13.460,18.649
0.487,12.917,18.628
0.354,12.314,18.608
0.230,11.693,18.589
0.125,11.100,18.573
0.045,10.646,18.561
0.000,10.380,18.554
-0.005,10.351,18.552
0.026,10.351,18.557
0.084,10.351,18.565
0.161,10.351,18.577
0.251,10.503,18.590
0.344,10.758,18.604
0.433,11.054,18.617
0.511,11.374,18.629
0.569,11.613,18.638
0.600,11.744,18.643
0.598,11.744,18.644
0.569,11.744,18.639
0.519,11.744,18.632
0.455,11.744,18.623
0.385,11.704,18.612
0.317,11.516,18.602
0.257,11.352,18.593
0.213,11.231,18.586
0.191,11.160,18.582
0.200,11.160,18.583
0.244,11.160,18.589
0.317,11.160,18.600
0.412,11.216,18.614
0.520,11.511,18.630
0.633,11.909,18.647
0.744,12.465,18.664
0.844,13.001,18.680
0.925,13.465,18.692
0.980,13.778,18.701
1.000,13.894,18.704
0.980,13.894,18.702
0.924,13.894,18.694
0.838,13.894,18.681
0.731,13.705,18.665
0.608,13.368,18.647
0.476,12.839,18.627
0.343,12.239,18.607
0.215,11.594,18.587
0.098,10.939,18.569
-0.000,10.380,18.554
-0.074,9.919,18.543
-0.123,9.609,18.535
-0.150,9.442,18.531
-0.155,9.411,18.530
-0.140,9.411,18.532
-0.105,9.411,18.537
-0.052,9.411,18.544
0.017,9.411,18.555
0.101,9.565,18.567
0.200,9.835,18.582
0.311,10.230,18.599
0.429,10.716,18.617
0.550,11.306,18.635
0.667,11.910,18.653
0.776,12.529,18.669
0.870,13.082,18.684
0.945,13.552,18.695
0.995,13.866,18.703
1.016,13.991,18.706
1.000,13.991,18.705
0.946,13.991,18.697
0.859,13.991,18.684
0.748,13.807,18.668
0.621,13.460,18.649
0.487,12.917,18.628
0.354,12.314,18.608
0.230,11.693,18.589
0.125,11.100,18.573
0.045,10.646,18.561
0.000,10.380,18.554
-0.005,10.351,18.552
0.026,10.351,18.557
0.084,10.351,18.565
0.161,10.351,18.577
0.251,10.502,18.590
0.344,10.758,18.604
0.433,11.054,18.617
0.511,11.373,18.629
0.569,11.612,18.638
0.600,11.744,18.643
0.598,11.744,18.644
0.569,11.744,18.639
0.519,11.744,18.632
0.455,11.744,18.623
0.386,11.704,18.612
0.317,11.517,18.602
0.257,11.352,18.593
0.213,11.231,18.586
0.191,11.160,18.582
0.200,11.160,18.583
0.244,11.160,18.589
0.317,11.160,18.600
0.411,11.215,18.614
0.519,11.510,18.630
0.632,11.906,18.647
0.743,12.461,18.664
0.843,12.997,18.679
0.925,13.462,18.692
0.980,13.776,18.701
1.000,13.894,18.704
0.980,13.894,18.702
0.925,13.894,18.694
0.840,13.894,18.681
0.733,13.711,18.665
0.610,13.375,18.647
0.479,12.850,18.627
0.346,12.252,18.607
0.217,11.605,18.587
0.099,10.947,18.570
0.000,10.380,18.554
-0.076,9.908,18.543
-0.127,9.586,18.534
-0.155,9.412,18.530
-0.160,9.380,18.529
-0.143,9.380,18.531
-0.104,9.380,18.537
-0.045,9.380,18.545
0.034,9.380,18.557
0.133,9.634,18.572
0.250,9.969,18.589
0.384,10.520,18.610
0.529,11.198,18.631
0.678,11.973,18.654
0.825,12.807,18.676
0.961,13.651,18.697
1.080,14.452,18.715
1.176,15.160,18.730
1.241,15.642,19.322
1.268,15.842,19.569
1.250,15.842,19.097
1.183,15.842,18.733
1.076,15.842,18.717
0.937,15.485,18.697
0.779,14.930,18.673
0.611,14.190,18.648
0.445,13.337,18.622
0.290,12.453,18.599
0.157,11.634,18.578
0.057,11.004,18.563
0.000,10.623,18.554
-0.006,10.582,18.552
0.032,10.582,18.557
0.104,10.582,18.568
0.201,10.602,18.582
0.313,10.907,18.599
0.429,11.275,18.617
0.541,11.735,18.634
0.638,12.175,18.648
0.711,12.541,18.660
0.750,12.735,18.666
0.748,12.735,18.666
0.711,12.735,18.661
0.648,12.735,18.652
0.569,12.735,18.640
0.482,12.548,18.627
0.396,12.314,18.614
0.321,12.069,18.603
0.266,11.841,18.594
0.239,11.732,18.590
0.250,11.732,18.591
0.305,11.732,18.599
0.396,11.732,18.612
0.514,11.938,18.629
0.649,12.322,18.650
0.791,12.941,18.671
0.930,13.729,18.692
1.055,14.477,18.711
1.157,15.113,18.727
1.225,15.555,19.004
1.250,15.723,19.377
1.225,15.723,18.739
1.155,15.723,18.729
1.048,15.718,18.713
0.914,15.350,18.693
0.760,14.806,18.670
0.595,14.080,18.645
0.429,13.228,18.620
0.268,12.313,18.596
0.122,11.412,18.573
0.000,10.623,18.555
-0.092,10.004,18.540
-0.154,9.580,18.530
-0.188,9.343,18.525
-0.194,9.299,18.524
-0.175,9.299,18.526
-0.131,9.299,18.533
-0.066,9.299,18.542
0.021,9.339,18.555
0.127,9.629,18.571
0.250,10.027,18.589
0.389,10.596,18.610
0.537,11.323,18.632
0.687,12.135,18.655
0.834,12.986,18.677
0.970,13.834,18.698
1.088,14.610,18.716
1.182,15.240,18.731
1.244,15.676,19.394
1.269,15.855,19.566
1.250,15.855,19.100
1.182,15.855,18.733
1.074,15.855,18.717
0.935,15.487,18.696
0.777,14.926,18.673
0.609,14.182,18.647
0.443,13.329,18.622
0.288,12.447,18.599
0.156,11.630,18.578
0.056,11.002,18.563
0.000,10.625,18.554
-0.006,10.585,18.552
0.032,10.585,18.557
0.105,10.585,18.568
0.202,10.606,18.582
0.313,10.912,18.599
0.430,11.279,18.617
0.542,11.738,18.634
0.639,12.178,18.648
0.711,12.543,18.660
0.750,12.737,18.666
0.748,12.737,18.666
0.711,12.737,18.661
0.648,12.737,18.652
0.569,12.737,18.640
0.482,12.550,18.627
0.396,12.316,18.614
0.321,12.071,18.603
0.266,11.843,18.594
0.239,11.733,18.590
0.250,11.733,18.591
0.305,11.733,18.599
0.396,11.733,18.612
0.514,11.940,18.629
0.649,12.324,18.650
0.791,12.943,18.671
0.930,13.731,18.692
1.055,14.478,18.711
1.157,15.115,18.727
1.225,15.556,19.004
1.250,15.724,19.376
1.225,15.724,18.739
1.155,15.724,18.729
1.048,15.719,18.713
0.914,15.351,18.693
0.760,14.807,18.670
0.595,14.081,18.645
0.429,13.230,18.620
0.268,12.314,18.596
0.122,11.413,18.573
0.000,10.625,18.555
-0.092,10.006,18.540
-0.154,9.580,18.530
-0.188,9.344,18.525
-0.194,9.299,18.524
-0.175,9.299,18.526
-0.131,9.299,18.533
-0.066,9.299,18.542
0.021,9.340,18.555
0.127,9.629,18.571
0.250,10.027,18.589
0.389,10.597,18.610
0.537,11.323,18.632
0.687,12.135,18.655
0.834,12.986,18.677
0.970,13.835,18.698
1.088,14.611,18.716
1.182,15.240,18.731
1.244,15.677,19.394
1.269,15.855,19.566
1.250,15.855,19.100
1.182,15.855,18.733
1.074,15.855,18.717
0.935,15.487,18.696
0.777,14.926,18.673
0.609,14.182,18.647
0.443,13.329,18.622
0.288,12.447,18.599
0.156,11.630,18.578
0.056,11.002,18.563
0.000,10.625,18.554
-0.006,10.585,18.552
0.032,10.585,18.557
0.105,10.585,18.568
0.202,10.606,18.582
0.313,10.912,18.599
0.430,11.279,18.617
0.542,11.738,18.634
0.639,12.178,18.648
0.711,12.543,18.660
0.750,12.737,18.666
0.748,12.737,18.666
0.711,12.737,18.661
0.648,12.737,18.652
0.569,12.737,18.640
0.482,12.550,18.627
0.396,12.316,18.614
0.321,12.071,18.603
0.266,11.843,18.594
0.239,11.733,18.590
0.250,11.733,18.591
0.305,11.733,18.599
0.396,11.733,18.612
0.514,11.940,18.629
0.649,12.324,18.650
0.791,12.943,18.671
0.930,13.731,18.692
1.055,14.478,18.711
1.157,15.115,18.727
1.225,15.556,19.004
1.250,15.724,19.376
1.225,15.724,18.739
1.155,15.724,18.729
1.048,15.719,18.713
0.914,15.351,18.693
0.760,14.807,18.670
0.595,14.081,18.645
0.429,13.230,18.620
0.268,12.314,18.596
0.122,11.413,18.573
0.000,10.625,18.555
-0.092,10.006,18.540
-0.154,9.580,18.530
-0.188,9.344,18.525
-0.194,9.299,18.524
-0.175,9.299,18.526
-0.131,9.299,18.533
-0.066,9.299,18.542
0.021,9.340,18.555
0.127,9.629,18.571
0.250,10.027,18.589
0.389,10.597,18.610
0.537,11.323,18.632
0.687,12.135,18.655
0.834,12.986,18.677
0.970,13.835,18.698
1.088,14.611,18.716
1.182,15.240,18.731
1.244,15.677,19.394
1.269,15.855,19.566
1.250,15.855,19.100
1.182,15.855,18.733
1.074,15.855,18.717
0.935,15.487,18.696
0.777,14.926,18.673
0.609,14.182,18.647
0.443,13.329,18.622
0.288,12.447,18.599
0.156,11.630,18.578
0.056,11.002,18.563
0.000,10.625,18.554
-0.006,10.585,18.552
0.032,10.585,18.557
0.105,10.585,18.568
0.202,10.606,18.582
0.313,10.912,18.599
0.430,11.279,18.617
0.542,11.738,18.634
0.639,12.178,18.648
0.711,12.543,18.660
0.750,12.737,18.666
0.748,12.737,18.666
0.711,12.737,18.661
0.648,12.737,18.652
0.569,12.737,18.640
0.482,12.550,18.627
0.396,12.316,18.614
0.321,12.071,18.603
0.266,11.843,18.594
0.239,11.733,18.590
0.250,11.733,18.591
0.305,11.733,18.599
0.396,11.733,18.612
0.514,11.940,18.629
0.649,12.324,18.650
0.791,12.943,18.671
0.930,13.731,18.692
1.055,14.478,18.711
1.157,15.115,18.727
1.225,15.556,19.004
1.250,15.724,19.376
1.225,15.724,18.739
1.155,15.724,18.729
1.048,15.719,18.713
0.914,15.351,18.693
0.760,14.807,18.670
0.595,14.081,18.645
0.429,13.230,18.620
0.268,12.314,18.596
0.122,11.413,18.573
0.000,10.625,18.555
-0.092,10.006,18.540
-0.154,9.580,18.530
-0.188,9.344,18.525
-0.194,9.299,18.524
-0.175,9.299,18.526
-0.131,9.299,18.533
-0.066,9.299,18.542
0.021,9.340,18.555
0.127,9.629,18.571
0.250,10.027,18.589
0.389,10.597,18.610
0.537,11.323,18.632
0.687,12.135,18.655
0.834,12.986,18.677
0.970,13.835,18.698
1.088,14.611,18.716
1.182,15.240,18.731
1.244,15.677,19.394
1.269,15.855,19.566
1.250,15.855,19.100
1.182,15.855,18.733
1.074,15.855,18.717
0.935,15.487,18.696
0.777,14.926,18.673
0.609,14.182,18.647
0.443,13.329,18.622
0.288,12.447,18.599
0.156,11.630,18.578
0.056,11.002,18.563
-0.000,10.625,18.554
-0.006,10.585,18.552
0.032,10.585,18.557
0.105,10.585,18.568
0.202,10.606,18.582
0.313,10.912,18.599
0.430,11.279,18.617
0.542,11.738,18.634
0.639,12.178,18.648
0.711,12.543,18.660
0.750,12.737,18.666
0.748,12.737,18.666
0.711,12.737,18.661
0.648,12.737,18.652
0.569,12.737,18.640
0.482,12.550,18.627
0.396,12.316,18.614
0.321,12.071,18.603
0.266,11.843,18.594
0.239,11.733,18.590
0.250,11.733,18.591
0.305,11.733,18.599
0.396,11.733,18.612
0.514,11.940,18.629
0.649,12.324,18.650
0.791,12.943,18.671
0.930,13.731,18.692
1.055,14.478,18.711
1.157,15.115,18.727
1.225,15.556,19.004
1.250,15.724,19.376
1.225,15.724,18.739
1.155,15.724,18.729
1.048,15.719,18.713
0.914,15.351,18.693
0.760,14.807,18.670
0.595,14.081,18.645
0.429,13.230,18.620
0.268,12.314,18.596
0.122,11.413,18.573
0.000,10.625,18.555
-0.092,10.006,18.540
-0.154,9.580,18.530
-0.188,9.344,18.525
-0.194,9.299,18.524
-0.175,9.299,18.526
-0.131,9.299,18.533
-0.066,9.299,18.542
0.021,9.340,18.555
0.127,9.629,18.571
0.250,10.027,18.589
0.389,10.597,18.610
0.537,11.323,18.632
0.687,12.135,18.655
0.834,12.986,18.677
0.970,13.835,18.698
1.088,14.611,18.716
1.182,15.240,18.731
1.244,15.677,19.394
1.269,15.855,19.566
1.250,15.855,19.100
1.182,15.855,18.733
1.074,15.855,18.717
0.935,15.487,18.696
0.777,14.926,18.673
0.609,14.182,18.647
0.443,13.329,18.622
0.288,12.447,18.599
0.156,11.630,18.578
0.056,11.002,18.563
0.000,10.625,18.554
-0.006,10.585,18.552
0.032,10.585,18.557
0.105,10.585,18.568
0.202,10.606,18.582
0.313,10.912,18.599
0.430,11.279,18.617
0.542,11.738,18.634
0.639,12.178,18.648
0.711,12.543,18.660
0.750,12.737,18.666
0.748,12.737,18.666
0.711,12.737,18.661
0.648,12.737,18.652
0.569,12.737,18.640
0.482,12.550,18.627
0.396,12.316,18.614
0.321,12.071,18.603
0.266,11.843,18.594
0.239,11.733,18.590
0.250,11.733,18.591
0.305,11.733,18.599
0.396,11.733,18.612
0.514,11.940,18.629
0.649,12.324,18.650
0.791,12.943,18.671
0.930,13.731,18.692
1.055,14.478,18.711
1.157,15.115,18.727
1.225,15.556,19.004
1.250,15.724,19.376
1.225,15.724,18.739
1.155,15.724,18.729
1.048,15.719,18.713
0.914,15.351,18.693
0.760,14.807,18.670
0.595,14.081,18.645
0.429,13.230,18.620
0.268,12.314,18.596
0.122,11.413,18.573
-0.000,10.625,18.555
-0.092,10.006,18.540
-0.154,9.580,18.530
-0.188,9.344,18.525
-0.194,9.299,18.524
-0.175,9.299,18.526
-0.131,9.299,18.533
-0.066,9.299,18.542
0.021,9.340,18.555
0.127,9.629,18.571
0.250,10.027,18.589
0.389,10.597,18.610
0.537,11.323,18.632
0.687,12.135,18.655
0.834,12.986,18.677
0.970,13.835,18.698
1.088,14.611,18.716
1.182,15.240,18.731
1.244,15.677,19.394
1.269,15.855,19.566
1.250,15.855,19.100
1.182,15.855,18.733
1.074,15.855,18.717
0.935,15.487,18.696
0.777,14.926,18.673
0.609,14.182,18.647
0.443,13.329,18.622
0.288,12.447,18.599
0.156,11.630,18.578
0.056,11.002,18.563
0.000,10.625,18.554
-0.006,10.585,18.552
0.032,10.585,18.557
0.105,10.585,18.568
0.202,10.606,18.582
0.313,10.911,18.599
0.430,11.279,18.617
0.541,11.738,18.634
0.639,12.177,18.648
0.711,12.543,18.660
0.750,12.737,18.666
0.748,12.737,18.666
0.711,12.737,18.661
0.648,12.737,18.652
0.569,12.737,18.640
0.482,12.551,18.627
0.396,12.316,18.614
0.321,12.072,18.603
0.266,11.844,18.594
0.239,11.734,18.590
0.250,11.734,18.591
0.304,11.734,18.598
0.396,11.734,18.612
0.514,11.938,18.629
0.648,12.320,18.650
0.790,12.938,18.671
0.928,13.724,18.692
1.054,14.471,18.711
1.156,15.108,18.727
1.224,15.552,18.992
1.250,15.724,19.383
1.226,15.724,18.740
1.156,15.724,18.729
1.051,15.724,18.713
0.917,15.361,18.694
0.764,14.824,18.671
0.600,14.104,18.646
0.433,13.255,18.621
0.272,12.335,18.596
0.125,11.427,18.574
-0.000,10.625,18.555
-0.095,9.985,18.540
-0.160,9.537,18.530
-0.196,9.286,18.524
-0.202,9.241,18.523
-0.180,9.241,18.525
-0.130,9.241,18.533
-0.054,9.241,18.544
0.050,9.382,18.559
0.179,9.736,18.579
0.333,10.343,18.602
0.510,11.175,18.628
0.703,12.214,18.657
0.902,13.403,18.687
1.097,14.667,18.717
1.279,15.923,20.057
1.438,17.156,22.585
1.566,18.168,23.866
1.653,18.867,24.972
1.690,19.161,25.154
1.667,19.161,24.614
1.579,19.161,23.134
1.435,19.010,21.028
1.251,18.452,18.748
1.040,17.539,18.713
0.816,16.365,18.679
0.594,15.043,18.646
0.387,13.702,18.614
0.209,12.481,18.587
0.076,11.528,18.566
-0.000,10.964,18.554
-0.008,10.902,18.552
0.042,10.902,18.559
0.139,10.902,18.573
0.268,11.110,18.592
0.417,11.552,18.614
0.572,12.191,18.638
0.721,12.922,18.660
0.851,13.614,18.680
0.948,14.169,18.695
1.000,14.468,18.704
0.997,14.468,18.704
0.948,14.468,18.697
0.864,14.468,18.685
0.758,14.354,18.669
0.642,14.036,18.652
0.528,13.625,18.634
0.428,13.214,18.619
0.354,12.868,18.608
0.318,12.689,18.602
0.333,12.689,18.603
0.406,12.689,18.614
0.528,12.715,18.631
0.686,13.147,18.655
0.866,13.842,18.682
1.055,14.811,18.710
1.239,15.987,19.274
1.406,17.113,22.347
1.542,18.077,23.500
1.634,18.740,24.759
1.667,18.989,24.799
1.633,18.989,24.122
1.540,18.989,22.606
1.398,18.799,20.544
1.219,18.242,18.742
1.014,17.351,18.709
0.794,16.200,18.676
0.572,14.879,18.642
0.358,13.491,18.610
0.163,12.146,18.580
0.000,10.964,18.555
-0.123,10.044,18.536
-0.206,9.403,18.523
-0.250,9.058,18.516
-0.259,8.993,18.514
-0.233,8.993,18.517
-0.175,8.993,18.526
-0.088,8.993,18.539
0.027,9.229,18.556
0.168,9.653,18.577
0.333,10.328,18.601
0.518,11.249,18.629
0.715,12.359,18.659
0.916,13.601,18.689
1.112,14.901,18.719
1.293,16.175,20.341
1.450,17.331,22.680
1.576,18.273,24.002
1.659,18.923,25.022
1.693,19.183,25.185
1.667,19.183,24.599
1.577,19.183,23.102
1.432,19.016,20.979
1.247,18.447,18.747
1.036,17.527,18.713
0.812,16.350,18.679
0.590,15.028,18.645
0.384,13.689,18.614
0.208,12.473,18.587
0.075,11.524,18.566
0.000,10.966,18.554
-0.008,10.908,18.552
0.043,10.908,18.559
0.140,10.908,18.573
0.269,11.118,18.592
0.418,11.560,18.614
0.573,12.198,18.638
0.722,12.929,18.660
0.852,13.619,18.680
0.949,14.173,18.695
1.000,14.470,18.704
0.997,14.470,18.704
0.948,14.470,18.697
0.864,14.470,18.685
0.758,14.356,18.669
0.642,14.038,18.652
0.528,13.627,18.634
0.428,13.216,18.619
0.354,12.870,18.608
0.318,12.691,18.602
0.333,12.691,18.603
0.406,12.691,18.614
0.528,12.718,18.631
0.686,13.150,18.655
0.866,13.845,18.682
1.055,14.813,18.710
1.240,15.990,19.275
1.406,17.115,22.347
1.542,18.079,23.500
1.634,18.742,24.759
1.667,18.990,24.799
1.633,18.990,24.122
1.540,18.990,22.606
1.398,18.801,20.543
1.218,18.243,18.742
1.014,17.353,18.709
0.794,16.202,18.676
0.572,14.881,18.642
0.358,13.493,18.610
0.163,12.148,18.580
0.000,10.966,18.555
-0.123,10.045,18.536
-0.206,9.404,18.523
-0.250,9.059,18.516
-0.259,8.994,18.514
-0.233,8.994,18.517
-0.175,8.994,18.526
-0.088,8.994,18.539
0.027,9.230,18.556
0.168,9.654,18.577
0.333,10.329,18.601
0.518,11.250,18.629
0.715,12.360,18.659
0.916,13.602,18.689
1.112,14.902,18.719
1.293,16.175,20.341
1.450,17.332,22.680
1.576,18.274,24.002
1.659,18.923,25.022
1.693,19.183,25.185
1.667,19.183,24.599
1.577,19.183,23.102
1.432,19.016,20.979
1.247,18.447,18.747
1.036,17.527,18.713
0.812,16.350,18.679
0.590,15.028,18.645
0.384,13.689,18.614
0.208,12.473,18.587
0.075,11.524,18.566
0.000,10.966,18.554
-0.008,10.908,18.552
0.043,10.908,18.559
0.140,10.908,18.573
0.269,11.118,18.592
0.418,11.560,18.614
0.573,12.198,18.638
0.722,12.929,18.660
0.852,13.619,18.680
0.949,14.173,18.695
1.000,14.470,18.704
0.997,14.470,18.704
0.948,14.470,18.697
0.864,14.470,18.685
0.758,14.356,18.669
0.642,14.038,18.652
0.528,13.627,18.634
0.428,13.216,18.619
0.354,12.870,18.608
0.318,12.691,18.602
0.333,12.691,18.603
0.406,12.691,18.614
0.528,12.718,18.631
0.686,13.150,18.655
0.866,13.845,18.682
1.055,14.813,18.710
1.240,15.990,19.275
1.406,17.115,22.347
1.542,18.079,23.500
1.634,18.742,24.759
1.667,18.990,24.799
1.633,18.990,24.122
1.540,18.990,22.606
1.398,18.801,20.543
1.218,18.243,18.742
1.014,17.353,18.709
0.794,16.202,18.676
0.572,14.881,18.642
0.358,13.493,18.610
0.163,12.148,18.580
0.000,10.966,18.555
-0.123,10.045,18.536
-0.206,9.404,18.523
-0.250,9.059,18.516
-0.259,8.994,18.514
-0.233,8.994,18.517
-0.175,8.994,18.526
-0.088,8.994,18.539
0.027,9.230,18.556
0.168,9.654,18.577
0.333,10.329,18.601
0.518,11.250,18.629
0.715,12.360,18.659
0.916,13.602,18.689
1.112,14.902,18.719
1.293,16.175,20.341
1.450,17.332,22.680
1.576,18.274,24.002
1.659,18.923,25.022
1.693,19.183,25.185
1.667,19.183,24.599
1.577,19.183,23.102
1.432,19.016,20.979
1.247,18.447,18.747
1.036,17.527,18.713
0.812,16.350,18.679
0.590,15.028,18.645
0.384,13.689,18.614
0.208,12.473,18.587
0.075,11.524,18.566
0.000,10.966,18.554
-0.008,10.908,18.552
0.043,10.908,18.559
0.140,10.908,18.573
0.269,11.118,18.592
0.418,11.560,18.614
0.573,12.198,18.638
0.722,12.929,18.660
0.852,13.619,18.680
0.949,14.173,18.695
1.000,14.470,18.704
0.997,14.470,18.704
0.948,14.470,18.697
0.864,14.470,18.685
0.758,14.356,18.669
0.642,14.038,18.652
0.528,13.627,18.634
0.428,13.216,18.619
0.354,12.870,18.608
0.318,12.691,18.602
0.333,12.691,18.603
0.406,12.691,18.614
0.528,12.718,18.631
0.686,13.150,18.655
0.866,13.845,18.682
1.055,14.813,18.710
1.240,15.990,19.275
1.406,17.115,22.347
1.542,18.079,23.500
1.634,18.742,24.759
1.667,18.990,24.799
1.633,18.990,24.122
1.540,18.990,22.606
1.398,18.801,20.543
1.218,18.243,18.742
1.014,17.353,18.709
0.794,16.202,18.676
0.572,14.881,18.642
0.358,13.493,18.610
0.163,12.148,18.580
-0.000,10.966,18.555
-0.123,10.045,18.536
-0.206,9.404,18.523
-0.250,9.059,18.516
-0.259,8.994,18.514
-0.233,8.994,18.517
-0.175,8.994,18.526
-0.088,8.994,18.539
0.027,9.230,18.556
0.168,9.654,18.577
0.333,10.329,18.601
0.518,11.250,18.629
0.715,12.360,18.659
0.916,13.602,18.689
1.112,14.902,18.719
1.293,16.175,20.341
1.450,17.332,22.680
1.576,18.274,24.002
1.659,18.923,25.022
1.693,19.183,25.185
1.667,19.183,24.599
1.577,19.183,23.102
1.432,19.016,20.979
1.247,18.447,18.747
1.036,17.527,18.713
0.812,16.350,18.679
0.590,15.028,18.645
0.384,13.689,18.614
0.208,12.473,18.587
0.075,11.524,18.566
-0.000,10.966,18.554
-0.008,10.908,18.552
0.043,10.908,18.559
0.140,10.908,18.573
0.269,11.118,18.592
0.418,11.560,18.614
0.573,12.198,18.638
0.722,12.929,18.660
0.852,13.619,18.680
0.949,14.173,18.695
1.000,14.470,18.704
0.997,14.470,18.704
0.948,14.470,18.697
0.864,14.470,18.685
0.758,14.356,18.669
0.642,14.038,18.652
0.528,13.627,18.634
0.428,13.216,18.619
0.354,12.870,18.608
0.318,12.691,18.602
0.333,12.691,18.603
0.406,12.691,18.614
0.528,12.718,18.631
0.686,13.150,18.655
0.866,13.845,18.682
1.055,14.813,18.710
1.240,15.990,19.275
1.406,17.115,22.347
1.542,18.079,23.500
1.634,18.742,24.759
1.667,18.990,24.799
1.633,18.990,24.122
1.540,18.990,22.606
1.398,18.801,20.543
1.218,18.243,18.742
1.014,17.353,18.709
0.794,16.202,18.676
0.572,14.881,18.642
0.358,13.493,18.610
0.163,12.148,18.580
0.000,10.966,18.555
-0.123,10.045,18.536
-0.206,9.404,18.523
-0.250,9.059,18.516
-0.259,8.994,18.514
-0.233,8.994,18.517
-0.175,8.994,18.526
-0.088,8.994,18.539
0.027,9.230,18.556
0.168,9.654,18.577
0.333,10.329,18.601
0.518,11.250,18.629
0.715,12.360,18.659
0.916,13.602,18.689
1.112,14.902,18.719
1.293,16.175,20.341
1.450,17.332,22.680
1.576,18.274,24.002
1.659,18.923,25.022
1.693,19.183,25.185
1.667,19.183,24.599
1.577,19.183,23.102
1.432,19.016,20.979
1.247,18.447,18.747
1.036,17.527,18.713
0.812,16.350,18.679
0.590,15.028,18.645
0.384,13.689,18.614
0.208,12.473,18.587
0.075,11.524,18.566
-0.000,10.966,18.554
-0.008,10.908,18.552
0.043,10.908,18.559
0.140,10.908,18.573
0.269,11.118,18.592
0.418,11.560,18.614
0.573,12.198,18.638
0.722,12.929,18.660
0.852,13.619,18.680
0.949,14.173,18.695
1.000,14.470,18.704
0.997,14.470,18.704
0.948,14.470,18.697
0.864,14.470,18.685
0.758,14.356,18.669
0.642,14.038,18.652
0.528,13.627,18.634
0.428,13.216,18.619
0.354,12.870,18.608
0.318,12.691,18.602
0.333,12.691,18.603
0.406,12.691,18.614
0.528,12.718,18.631
0.686,13.150,18.655
0.866,13.845,18.682
1.055,14.813,18.710
1.240,15.990,19.275
1.406,17.115,22.347
1.542,18.079,23.500
1.634,18.742,24.759
1.667,18.990,24.799
1.633,18.990,24.121
1.540,18.990,22.606
1.398,18.801,20.543
1.218,18.243,18.742
1.013,17.353,18.709
0.794,16.202,18.676
0.572,14.881,18.642
0.358,13.492,18.610
0.163,12.148,18.580
-0.000,10.966,18.555
-0.123,10.045,18.536
-0.206,9.404,18.523
-0.250,9.059,18.516
-0.259,8.995,18.514
-0.233,8.995,18.517
-0.175,8.995,18.526
-0.088,8.995,18.539
0.028,9.231,18.556
0.168,9.654,18.577
0.333,10.330,18.601
0.518,11.250,18.629
0.715,12.360,18.659
0.916,13.601,18.689
1.112,14.901,18.719
1.293,16.174,20.338
1.450,17.330,22.678
1.575,18.273,24.000
1.659,18.922,25.020
1.693,19.182,25.184
1.667,19.182,24.599
1.577,19.182,23.104
1.432,19.016,20.983
1.247,18.448,18.747
1.036,17.530,18.713
0.813,16.353,18.679
0.591,15.032,18.645
0.385,13.694,18.614
0.208,12.476,18.587
0.075,11.526,18.566
-0.000,10.966,18.554
-0.008,10.904,18.552
0.042,10.904,18.559
0.138,10.904,18.573
0.267,11.110,18.592
0.415,11.549,18.614
0.571,12.187,18.637
0.720,12.916,18.660
0.850,13.607,18.680
0.947,14.165,18.695
1.000,14.470,18.704
0.999,14.470,18.704
0.951,14.470,18.698
0.870,14.470,18.686
0.765,14.375,18.670
0.651,14.061,18.653
0.537,13.664,18.636
0.437,13.251,18.620
0.361,12.907,18.609
0.323,12.713,18.602
0.333,12.713,18.603
0.400,12.713,18.613
0.515,12.713,18.630
0.665,13.103,18.652
0.839,13.737,18.678
1.023,14.614,18.706
1.205,15.761,18.733
1.374,16.888,21.964
1.515,17.884,23.144
1.617,18.617,24.603
1.667,18.990,24.875
1.656,18.990,24.539
1.589,18.990,23.383
1.474,18.990,21.679
1.319,18.586,19.449
1.132,17.890,18.728
0.921,16.890,18.695
0.695,15.634,18.661
0.460,14.179,18.626
0.226,12.592,18.590
0.000,10.966,18.556
-0.209,9.379,18.524
-0.391,7.944,18.496
-0.537,6.700,18.474
-0.635,5.645,18.458
-0.676,5.202,18.451
-0.650,5.202,18.454
-0.546,5.202,18.469
-0.355,5.536,18.497
-0.065,6.629,18.540
0.333,8.775,18.599
0.842,12.148,18.674
1.434,16.654,23.101
2.075,22.045,33.700
2.730,27.978,41.404
3.364,34.057,48.154
3.943,39.837,48.208
4.430,44.868,48.208
4.792,48.685,48.208
4.994,50.840,48.208
5.000,50.909,48.208
4.790,50.880,48.208
4.394,49.511,48.208
3.859,46.516,48.208
3.230,42.118,44.286
2.551,36.673,32.739
1.868,30.670,24.969
1.227,24.655,18.755
0.671,19.201,18.662
0.247,14.908,18.596
0.000,12.356,18.556
-0.040,11.943,18.548
0.103,11.943,18.567
0.387,12.600,18.608
0.774,14.391,18.665
1.222,17.121,18.877
1.693,20.455,28.235
2.146,23.996,32.519
2.542,27.304,38.296
2.840,29.909,41.340
3.000,31.345,43.043
2.996,31.345,42.129
2.851,31.345,39.724
2.601,30.801,35.975
2.284,29.393,31.542
1.935,27.426,26.820
1.592,25.180,22.340
1.290,22.999,18.757
1.066,21.295,18.718
0.958,20.441,18.699
1.000,20.441,18.704
1.218,20.605,18.830
1.583,21.936,26.072
2.055,24.566,31.808
2.595,28.248,39.702
3.162,32.821,47.036
3.717,38.032,48.208
4.218,42.935,48.208
4.625,47.045,48.208
4.899,49.864,48.208
5.000,50.909,48.208
4.899,50.909,48.208
4.619,50.412,48.208
4.193,48.493,48.208
3.655,45.172,48.208
3.040,40.657,40.516
2.382,35.233,31.284
1.715,29.262,22.622
1.073,23.164,18.729
0.490,17.377,18.635
-0.000,12.356,18.559
-0.369,8.481,18.502
-0.617,5.839,18.463
-0.751,4.404,18.441
-0.776,4.135,18.436
-0.698,4.135,18.446
-0.525,4.272,18.471
-0.263,5.147,18.510
0.083,6.844,18.561
0.506,9.449,18.625
1.000,12.967,18.698
1.555,17.378,25.520
2.147,22.484,33.895
2.749,28.020,41.699
3.335,33.678,48.150
3.878,39.123,48.208
4.351,44.006,48.208
4.726,47.971,48.208
4.977,50.663,48.208
5.078,51.747,48.208
5.000,51.747,48.208
4.729,51.340,48.208
4.295,49.461,48.208
3.740,46.060,48.208
3.107,41.407,41.833
2.436,35.863,31.687
1.771,29.895,23.533
1.152,24.019,18.742
0.623,18.776,18.654
0.225,14.717,18.592
0.000,12.383,18.556
-0.023,12.139,18.550
0.129,12.139,18.571
0.419,12.861,18.613
0.807,14.683,18.670
1.253,17.416,19.496
1.719,20.726,28.444
2.166,24.222,32.815
2.555,27.472,38.405
2.846,30.015,41.406
3.000,31.394,43.011
2.991,31.394,42.059
2.844,31.394,39.617
2.593,30.816,35.858
2.275,29.397,31.424
1.927,27.423,26.714
1.585,25.178,22.252
1.284,23.008,18.756
1.063,21.317,18.717
0.956,20.477,18.699
1.000,20.477,18.704
1.219,20.649,18.853
1.585,21.990,26.098
2.058,24.627,31.840
2.598,28.313,39.733
3.165,32.890,47.065
3.718,38.091,48.208
4.219,42.984,48.208
4.626,47.085,48.208
4.900,49.897,48.208
5.000,50.935,48.208
4.899,50.935,48.208
4.618,50.437,48.208
4.192,48.516,48.208
3.654,45.194,48.208
3.040,40.679,40.504
2.382,35.255,31.280
1.715,29.285,22.616
1.073,23.189,18.729
0.490,17.402,18.635
0.000,12.383,18.559
-0.369,8.496,18.502
-0.617,5.843,18.463
-0.751,4.407,18.441
-0.775,4.136,18.436
-0.698,4.136,18.446
-0.525,4.274,18.471
-0.262,5.148,18.510
0.084,6.846,18.561
0.506,9.450,18.625
1.000,12.968,18.698
1.555,17.378,25.519
2.147,22.484,33.894
2.749,28.020,41.698
3.335,33.678,48.150
3.878,39.123,48.208
4.351,44.006,48.208
4.726,47.970,48.208
4.977,50.663,48.208
5.078,51.747,48.208
5.000,51.747,48.208
4.729,51.340,48.208
4.295,49.461,48.208
3.740,46.060,48.208
3.107,41.407,41.833
2.436,35.863,31.688
1.771,29.895,23.533
1.152,24.019,18.742
0.623,18.776,18.654
0.225,14.717,18.592
0.000,12.383,18.556
-0.023,12.139,18.550
0.129,12.139,18.571
0.419,12.861,18.613
0.807,14.683,18.670
1.253,17.416,19.496
1.719,20.726,28.444
2.166,24.222,32.815
2.555,27.472,38.405
2.846,30.014,41.406
3.000,31.394,43.011
2.991,31.394,42.059
2.844,31.394,39.617
2.593,30.816,35.858
2.275,29.397,31.424
1.927,27.423,26.714
1.585,25.178,22.252
1.284,23.008,18.756
1.063,21.317,18.717
0.956,20.477,18.699
1.000,20.477,18.704
1.219,20.649,18.853
1.585,21.990,26.098
2.058,24.627,31.840
2.598,28.313,39.733
3.165,32.890,47.065
3.718,38.091,48.208
4.219,42.984,48.208
4.626,47.085,48.208
4.900,49.897,48.208
5.000,50.935,48.208
4.899,50.935,48.208
4.618,50.437,48.208
4.192,48.516,48.208
3.654,45.194,48.208
3.040,40.679,40.504
2.382,35.255,31.280
1.715,29.285,22.616
1.073,23.189,18.729
0.490,17.402,18.635
0.000,12.383,18.559
-0.369,8.496,18.502
-0.617,5.843,18.463
-0.751,4.407,18.441
-0.775,4.136,18.436
-0.698,4.136,18.446
-0.525,4.274,18.471
-0.262,5.148,18.510
0.084,6.846,18.561
0.506,9.450,18.625
1.000,12.968,18.698
1.555,17.378,25.519
2.147,22.484,33.894
2.749,28.020,41.698
3.335,33.678,48.150
3.878,39.123,48.208
4.351,44.006,48.208
4.726,47.970,48.208
4.977,50.663,48.208
5.078,51.747,48.208
5.000,51.747,48.208
4.729,51.340,48.208
4.295,49.461,48.208
3.740,46.060,48.208
3.107,41.407,41.833
2.436,35.863,31.688
1.771,29.895,23.533
1.152,24.019,18.742
0.623,18.776,18.654
0.225,14.717,18.592
-0.000,12.383,18.556
-0.023,12.139,18.550
0.129,12.139,18.571
0.419,12.861,18.613
0.807,14.683,18.670
1.253,17.416,19.496
1.719,20.726,28.444
2.166,24.222,32.815
2.555,27.472,38.405
2.846,30.014,41.406
3.000,31.394,43.011
2.991,31.394,42.059
2.844,31.394,39.617
2.593,30.816,35.858
2.275,29.397,31.424
1.927,27.423,26.714
1.585,25.178,22.252
1.284,23.008,18.756
1.063,21.317,18.717
0.956,20.477,18.699
1.000,20.477,18.704
1.219,20.649,18.853
1.585,21.990,26.098
2.058,24.627,31.840
2.598,28.313,39.733
3.165,32.890,47.065
3.718,38.091,48.208
4.219,42.984,48.208
4.626,47.085,48.208
4.900,49.897,48.208
5.000,50.935,48.208
4.899,50.935,48.208
4.618,50.437,48.208
4.192,48.516,48.208
3.654,45.194,48.208
3.040,40.679,40.504
2.382,35.255,31.280
1.715,29.285,22.616
1.073,23.189,18.729
0.490,17.402,18.635
-0.000,12.383,18.559
-0.369,8.496,18.502
-0.617,5.843,18.463
-0.751,4.407,18.441
-0.775,4.136,18.436
-0.698,4.136,18.446
-0.525,4.274,18.471
-0.262,5.148,18.510
0.084,6.846,18.561
0.506,9.450,18.625
1.000,12.968,18.698
1.555,17.378,25.519
2.147,22.484,33.894
2.749,28.020,41.698
3.335,33.678,48.150
3.878,39.123,48.208
4.351,44.006,48.208
4.726,47.970,48.208
4.977,50.663,48.208
5.078,51.747,48.208
5.000,51.747,48.208
4.729,51.340,48.208
4.295,49.461,48.208
3.740,46.060,48.208
3.107,41.407,41.833
2.436,35.863,31.688
1.771,29.895,23.533
1.152,24.019,18.742
0.623,18.776,18.654
0.225,14.717,18.592
0.000,12.383,18.556
-0.023,12.139,18.550
0.129,12.139,18.571
0.419,12.861,18.613
0.807,14.683,18.670
1.253,17.416,19.496
1.719,20.726,28.444
2.166,24.222,32.815
2.555,27.472,38.405
2.846,30.014,41.406
3.000,31.394,43.011
2.991,31.394,42.059
2.844,31.394,39.617
2.593,30.816,35.858
2.275,29.397,31.424
1.927,27.423,26.714
1.585,25.178,22.252
1.284,23.008,18.756
1.063,21.317,18.717
0.956,20.477,18.699
1.000,20.477,18.704
1.219,20.649,18.853
1.585,21.990,26.098
2.058,24.627,31.840
2.598,28.313,39.733
3.165,32.890,47.065
3.718,38.091,48.208
4.219,42.984,48.208
4.626,47.085,48.208
4.900,49.897,48.208
5.000,50.935,48.208
4.899,50.935,48.208
4.618,50.437,48.208
4.192,48.516,48.208
3.654,45.194,48.208
3.040,40.679,40.504
2.382,35.255,31.280
1.715,29.285,22.616
1.073,23.189,18.729
0.490,17.402,18.635
-0.000,12.383,18.559
-0.369,8.496,18.502
-0.617,5.843,18.463
-0.751,4.407,18.441
-0.775,4.136,18.436
-0.698,4.136,18.446
-0.525,4.274,18.471
-0.262,5.148,18.510
0.084,6.846,18.561
0.506,9.450,18.625
1.000,12.968,18.698
1.555,17.378,25.519
2.147,22.484,33.894
2.749,28.020,41.698
3.335,33.678,48.150
3.878,39.123,48.208
4.351,44.006,48.208
4.726,47.970,48.208
4.977,50.663,48.208
5.078,51.747,48.208
5.000,51.747,48.208
4.729,51.340,48.208
4.295,49.461,48.208
3.740,46.060,48.208
3.107,41.407,41.833
2.436,35.863,31.688
1.771,29.895,23.533
1.152,24.019,18.742
0.623,18.776,18.654
0.225,14.717,18.592
-0.000,12.383,18.556
-0.023,12.139,18.550
0.129,12.139,18.571
0.419,12.861,18.613
0.807,14.683,18.670
1.253,17.416,19.496
1.719,20.726,28.444
2.166,24.222,32.815
2.555,27.472,38.405
2.846,30.015,41.406
3.000,31.394,43.011
2.991,31.394,42.059
2.844,31.394,39.617
2.593,30.816,35.858
2.275,29.397,31.424
1.927,27.423,26.714
1.585,25.178,22.252
1.284,23.008,18.756
1.063,21.317,18.717
0.956,20.477,18.699
1.000,20.477,18.704
1.219,20.649,18.853
1.585,21.990,26.098
2.058,24.627,31.840
2.598,28.313,39.733
3.165,32.890,47.065
3.718,38.091,48.208
4.219,42.984,48.208
4.626,47.085,48.208
4.900,49.897,48.208
5.000,50.935,48.208
4.899,50.935,48.208
4.618,50.437,48.208
4.192,48.516,48.208
3.654,45.194,48.208
3.040,40.679,40.504
2.382,35.255,31.280
1.715,29.285,22.616
1.073,23.189,18.729
0.490,17.402,18.635
-0.000,12.383,18.559
-0.369,8.496,18.502
-0.617,5.843,18.463
-0.751,4.407,18.441
-0.775,4.136,18.436
-0.698,4.136,18.446
-0.525,4.274,18.471
-0.262,5.148,18.510
0.084,6.846,18.561
0.506,9.450,18.625
1.000,12.968,18.698
1.555,17.378,25.519
2.147,22.484,33.894
2.749,28.020,41.698
3.335,33.678,48.150
3.878,39.123,48.208
4.351,44.006,48.208
4.726,47.970,48.208
4.977,50.663,48.208
5.078,51.747,48.208
5.000,51.747,48.208
4.729,51.340,48.208
4.295,49.461,48.208
3.740,46.061,48.208
3.107,41.407,41.834
2.436,35.863,31.688
1.771,29.895,23.534
1.152,24.020,18.742
0.623,18.777,18.654
0.225,14.717,18.592
0.000,12.383,18.556
-0.023,12.139,18.550
0.129,12.139,18.571
0.419,12.860,18.613
0.807,14.682,18.670
1.253,17.415,19.493
1.719,20.725,28.442
2.166,24.220,32.813
2.554,27.471,38.403
2.845,30.014,41.405
3.000,31.394,43.011
2.992,31.394,42.061
2.844,31.394,39.621
2.593,30.817,35.863
2.275,29.399,31.431
1.927,27.426,26.721
1.585,25.183,22.260
1.285,23.013,18.756
1.063,21.321,18.717
0.956,20.479,18.699
1.000,20.479,18.704
1.218,20.649,18.845
1.584,21.986,26.085
2.056,24.619,31.821
2.596,28.301,39.709
3.163,32.871,47.037
3.716,38.070,48.208
4.217,42.963,48.208
4.624,47.067,48.208
4.899,49.886,48.208
5.000,50.935,48.208
4.900,50.935,48.208
4.621,50.446,48.208
4.197,48.544,48.208
3.661,45.238,48.208
3.047,40.737,40.655
2.390,35.325,31.365
1.722,29.357,22.730
1.079,23.252,18.730
0.494,17.442,18.635
0.000,12.383,18.559
-0.375,8.437,18.501
-0.629,5.716,18.461
-0.769,4.209,18.438
-0.799,3.842,18.432
-0.726,3.842,18.442
-0.555,3.963,18.467
-0.292,4.833,18.506
0.059,6.550,18.558
0.492,9.217,18.622
1.000,12.852,18.698
1.575,17.452,25.925
2.191,22.797,34.566
2.817,28.596,42.716
3.425,34.506,48.165
3.984,40.152,48.208
4.464,45.149,48.208
4.835,49.097,48.208
5.068,51.611,48.208
5.133,52.315,48.208
5.000,52.315,48.208
4.653,51.437,48.208
4.130,48.784,48.208
3.486,44.438,48.191
2.772,38.818,35.173
2.042,32.448,27.231
1.349,25.959,18.777
0.745,20.018,18.674
0.284,15.321,18.602
0.018,12.558,18.559
0.000,12.371,18.553
0.264,12.547,18.590
0.768,14.582,18.663
1.449,18.824,23.379
2.246,24.918,36.944
3.097,32.294,47.047
3.940,40.241,48.208
4.714,47.974,48.208
5.356,54.748,48.208
5.806,59.717,48.208
6.000,61.895,48.208
5.900,61.895,48.208
5.551,61.144,48.208
5.022,58.504,48.208
4.380,54.223,48.208
3.695,48.862,48.208
3.035,43.162,40.408
2.467,37.928,33.019
2.059,34.020,28.588
1.881,32.272,27.214
2.000,32.272,30.227
2.460,33.553,37.823
3.206,37.872,48.124
4.159,45.084,48.208
5.241,54.609,48.208
6.372,66.099,48.208
7.473,78.854,48.208
8.465,90.695,48.208
9.270,100.511,48.208
9.808,107.138,48.208
10.000,109.504,48.208
9.792,109.481,48.208
9.227,107.264,48.208
8.372,101.771,48.208
7.297,93.084,48.208
6.068,81.712,48.208
4.754,68.373,48.208
3.422,53.927,48.099
2.140,39.322,22.650
0.977,25.566,18.722
0.000,13.691,18.566
-0.737,4.616,18.451
-1.232,-1.483,18.373
-1.498,-4.762,18.330
-1.548,-5.375,18.320
-1.393,-5.375,18.340
-1.048,-4.416,18.390
-0.523,-1.706,18.468
0.168,3.014,18.570
1.013,9.815,18.696
2.000,18.727,34.367
3.109,29.640,48.100
4.292,42.093,48.208
5.497,55.449,48.208
6.670,68.987,48.208
7.755,81.939,48.208
8.701,93.496,48.208
9.452,102.748,48.208
9.954,108.942,48.208
10.155,111.415,48.208
10.000,111.415,48.208
9.458,109.559,48.208
8.590,104.138,48.208
7.481,95.246,48.208
6.213,83.528,48.208
4.872,69.897,48.208
3.541,55.440,48.198
2.305,41.339,25.888
1.246,28.842,18.766
0.450,19.212,18.632
-0.000,13.691,18.559
-0.047,13.115,18.547
0.259,13.404,18.589
0.838,15.972,18.673
1.613,21.087,26.655
2.506,28.234,40.460
3.438,36.628,48.160
4.332,45.322,48.208
5.109,53.295,48.208
5.691,59.481,48.208
6.000,62.830,48.208
5.983,62.830,48.208
5.687,62.521,48.208
5.185,60.373,48.208
4.550,56.368,48.208
3.854,51.093,48.208
3.169,45.294,43.078
2.569,39.827,33.701
2.126,35.599,29.583
1.912,33.510,27.329
2.000,33.510,30.178
2.437,34.573,37.406
3.169,38.659,48.119
4.115,45.705,48.208
5.195,55.143,48.208
6.329,66.448,48.208
7.437,78.948,48.208
8.438,90.635,48.208
9.252,100.382,48.208
9.800,107.045,48.208
10.000,109.504,48.208
9.798,109.498,48.208
9.236,107.313,48.208
8.384,101.858,48.208
7.309,93.190,48.208
6.079,81.822,48.208
4.763,68.475,48.208
3.429,54.009,48.183
2.145,39.378,22.703
0.979,25.593,18.723
0.000,13.691,18.566
-0.738,4.597,18.451
-1.234,-1.516,18.373
-1.501,-4.801,18.329
-1.551,-5.415,18.319
-1.396,-5.415,18.340
-1.050,-4.454,18.390
-0.525,-1.738,18.467
0.167,2.988,18.570
1.013,9.797,18.696
2.000,18.717,34.367
3.109,29.637,48.100
4.293,42.096,48.208
5.498,55.456,48.208
6.670,68.996,48.208
7.756,81.948,48.208
8.701,93.504,48.208
9.452,102.754,48.208
9.955,108.946,48.208
10.155,111.417,48.208
10.000,111.417,48.208
9.458,109.559,48.208
8.590,104.138,48.208
7.480,95.245,48.208
6.213,83.526,48.208
4.872,69.895,48.208
3.541,55.438,48.198
2.304,41.337,25.886
1.246,28.841,18.766
0.450,19.212,18.632
0.000,13.691,18.559
-0.047,13.116,18.547
0.259,13.404,18.589
0.838,15.972,18.673
1.613,21.088,26.656
2.506,28.235,40.461
3.438,36.629,48.160
4.332,45.323,48.208
5.109,53.295,48.208
5.691,59.481,48.208
6.000,62.830,48.208
5.983,62.830,48.208
5.687,62.521,48.208
5.185,60.373,48.208
4.550,56.368,48.208
3.854,51.093,48.208
3.169,45.294,43.078
2.569,39.827,33.701
2.126,35.599,29.583
1.912,33.510,27.329
2.000,33.510,30.178
2.437,34.573,37.406
3.169,38.659,48.119
4.115,45.705,48.208
5.195,55.143,48.208
6.329,66.448,48.208
7.437,78.948,48.208
8.438,90.635,48.208
9.252,100.382,48.208
9.800,107.045,48.208
10.000,109.504,48.208
9.798,109.498,48.208
9.236,107.313,48.208
8.384,101.858,48.208
7.309,93.190,48.208
6.079,81.822,48.208
4.763,68.475,48.208
3.429,54.009,48.183
2.145,39.378,22.703
0.979,25.593,18.723
0.000,13.691,18.566
-0.738,4.597,18.451
-1.234,-1.516,18.373
-1.501,-4.801,18.329
-1.551,-5.415,18.319
-1.396,-5.415,18.340
-1.050,-4.454,18.390
-0.525,-1.738,18.467
0.167,2.988,18.570
1.013,9.797,18.696
2.000,18.717,34.367
3.109,29.637,48.100
4.293,42.096,48.208
5.498,55.456,48.208
6.670,68.996,48.208
7.756,81.948,48.208
8.701,93.504,48.208
9.452,102.754,48.208
9.955,108.946,48.208
10.155,111.417,48.208
10.000,111.417,48.208
9.458,109.559,48.208
8.590,104.138,48.208
7.480,95.245,48.208
6.213,83.526,48.208
4.872,69.895,48.208
3.541,55.438,48.198
2.304,41.337,25.886
1.246,28.841,18.766
0.450,19.212,18.632
-0.000,13.691,18.559
-0.047,13.116,18.547
0.259,13.404,18.589
0.838,15.972,18.673
1.613,21.088,26.656
2.506,28.235,40.461
3.438,36.629,48.160
4.332,45.323,48.208
5.109,53.295,48.208
5.691,59.481,48.208
6.000,62.830,48.208
5.983,62.830,48.208
5.687,62.521,48.208
5.185,60.373,48.208
4.550,56.368,48.208
3.854,51.093,48.208
3.169,45.294,43.078
2.569,39.827,33.701
2.126,35.599,29.583
1.912,33.510,27.329
2.000,33.510,30.178
2.437,34.573,37.406
3.169,38.659,48.119
4.115,45.705,48.208
5.195,55.143,48.208
6.329,66.448,48.208
7.437,78.948,48.208
8.438,90.635,48.208
9.252,100.382,48.208
9.800,107.045,48.208
10.000,109.504,48.208
9.798,109.498,48.208
9.236,107.313,48.208
8.384,101.858,48.208
7.309,93.190,48.208
6.079,81.822,48.208
4.763,68.475,48.208
3.429,54.009,48.183
2.145,39.378,22.703
0.979,25.593,18.723
0.000,13.691,18.566
-0.738,4.597,18.451
-1.234,-1.516,18.373
-1.501,-4.801,18.329
-1.551,-5.415,18.319
-1.396,-5.415,18.340
-1.050,-4.454,18.390
-0.525,-1.738,18.467
0.167,2.988,18.570
1.013,9.797,18.696
2.000,18.717,34.367
3.109,29.637,48.100
4.293,42.096,48.208
5.498,55.456,48.208
6.670,68.996,48.208
7.756,81.948,48.208
8.701,93.504,48.208
9.452,102.754,48.208
9.955,108.946,48.208
10.155,111.417,48.208
10.000,111.417,48.208
9.458,109.559,48.208
8.590,104.138,48.208
7.480,95.245,48.208
6.213,83.526,48.208
4.872,69.895,48.208
3.541,55.438,48.198
2.304,41.337,25.886
1.246,28.841,18.766
0.450,19.212,18.632
0.000,13.691,18.559
-0.047,13.116,18.547
0.259,13.404,18.589
0.838,15.972,18.673
1.613,21.088,26.656
2.506,28.235,40.461
3.438,36.629,48.160
4.332,45.323,48.208
5.109,53.295,48.208
5.691,59.481,48.208
6.000,62.830,48.208
5.983,62.830,48.208
5.687,62.521,48.208
5.185,60.373,48.208
4.550,56.368,48.208
3.854,51.093,48.208
3.169,45.294,43.078
2.569,39.827,33.701
2.126,35.599,29.583
1.912,33.510,27.329
2.000,33.510,30.178
2.437,34.573,37.406
3.169,38.659,48.119
4.115,45.705,48.208
5.195,55.143,48.208
6.329,66.448,48.208
7.437,78.948,48.208
8.438,90.635,48.208
9.252,100.382,48.208
9.800,107.045,48.208
10.000,109.504,48.208
9.798,109.498,48.208
9.236,107.313,48.208
8.384,101.858,48.208
7.309,93.190,48.208
6.079,81.822,48.208
4.763,68.475,48.208
3.429,54.009,48.183
2.145,39.378,22.703
0.979,25.593,18.723
-0.000,13.691,18.566
-0.738,4.597,18.451
-1.234,-1.516,18.373
-1.501,-4.801,18.329
-1.551,-5.415,18.319
-1.396,-5.415,18.340
-1.050,-4.454,18.390
-0.525,-1.738,18.467
0.167,2.988,18.570
1.013,9.797,18.696
2.000,18.717,34.367
3.109,29.637,48.100
4.293,42.096,48.208
5.498,55.456,48.208
6.670,68.996,48.208
7.756,81.948,48.208
8.701,93.504,48.208
9.452,102.754,48.208
9.955,108.946,48.208
10.155,111.417,48.208
10.000,111.417,48.208
9.458,109.559,48.208
8.590,104.138,48.208
7.480,95.245,48.208
6.213,83.526,48.208
4.872,69.895,48.208
3.541,55.438,48.198
2.304,41.337,25.886
1.246,28.841,18.766
0.450,19.212,18.632
0.000,13.691,18.559
-0.047,13.116,18.547
0.259,13.404,18.589
0.838,15.972,18.673
1.613,21.088,26.656
2.506,28.235,40.461
3.438,36.629,48.160
4.332,45.323,48.208
5.109,53.295,48.208
5.691,59.481,48.208
6.000,62.830,48.208
5.983,62.830,48.208
5.687,62.521,48.208
5.185,60.373,48.208
4.550,56.368,48.208
3.854,51.093,48.208
3.169,45.294,43.078
2.569,39.827,33.701
2.126,35.599,29.583
1.912,33.510,27.329
2.000,33.510,30.178
2.437,34.573,37.406
3.169,38.659,48.119
4.115,45.705,48.208
5.195,55.143,48.208
6.329,66.448,48.208
7.437,78.948,48.208
8.438,90.635,48.208
9.252,100.382,48.208
9.800,107.045,48.208
10.000,109.504,48.208
9.798,109.498,48.208
9.236,107.313,48.208
8.384,101.858,48.208
7.309,93.190,48.208
6.079,81.822,48.208
4.763,68.475,48.208
3.429,54.009,48.183
2.145,39.378,22.703
0.979,25.593,18.723
0.000,13.691,18.566
-0.738,4.596,18.451
-1.234,-1.516,18.373
-1.501,-4.801,18.329
-1.551,-5.415,18.319
-1.396,-5.415,18.340
-1.050,-4.454,18.390
-0.525,-1.738,18.467
0.167,2.988,18.570
1.013,9.797,18.696
