0.714,11.995,13.520
0.675,11.995,13.520
0.613,11.995,13.520
0.534,11.995,13.509
0.444,11.772,13.274
0.348,11.509,12.839
0.253,11.150,12.210
0.164,10.787,11.357
0.089,10.444,10.467
0.032,10.159,9.751
-0.000,9.998,9.337
-0.003,9.981,9.293
0.019,9.981,9.293
0.060,9.981,9.293
0.115,9.981,9.293
0.179,9.981,9.313
0.246,10.116,9.445
0.310,10.291,9.559
0.365,10.443,9.681
0.407,10.571,9.791
0.429,10.662,9.878
0.428,10.662,9.878
0.407,10.662,9.878
0.371,10.662,9.878
0.325,10.662,9.878
0.276,10.662,9.878
0.227,10.655,9.831
0.184,10.538,9.761
0.152,10.451,9.708
0.137,10.409,9.681
0.143,10.409,9.681
0.174,10.409,9.681
0.226,10.409,9.681
0.294,10.409,9.681
0.371,10.503,9.784
0.452,10.756,9.971
0.531,11.081,10.299
0.602,11.379,10.631
0.661,11.671,10.918
0.700,11.867,11.123
0.714,11.939,11.200
0.700,11.939,11.200
0.659,11.939,11.200
0.599,11.939,11.200
0.522,11.939,11.171
0.434,11.720,11.038
0.340,11.463,10.863
0.245,11.107,10.542
0.153,10.731,10.151
0.070,10.349,9.722
0.000,9.998,9.314
-0.053,9.733,8.628
-0.088,9.547,8.138
-0.107,9.438,7.869
-0.111,9.418,7.819
-0.100,9.418,7.819
-0.075,9.418,7.819
-0.037,9.418,7.819
0.012,9.418,7.819
0.072,9.418,7.847
0.143,9.565,8.023
0.222,9.782,8.188
0.307,10.037,8.431
0.393,10.390,8.794
0.476,10.734,9.181
0.554,11.112,9.576
0.621,11.450,9.942
0.675,11.719,10.234
0.711,11.914,10.427
0.725,11.995,10.504
0.714,11.995,10.504
0.675,11.995,10.504
0.613,11.995,10.504
0.534,11.995,10.476
0.443,11.771,10.340
0.347,11.509,10.158
0.252,11.149,9.833
0.164,10.786,9.458
0.089,10.443,9.072
0.032,10.158,8.755
0.000,9.998,8.558
-0.003,9.982,8.539
0.019,9.982,8.539
0.061,9.982,8.539
0.116,9.982,8.539
0.180,9.982,8.561
0.247,10.119,8.692
0.311,10.294,8.806
0.366,10.446,8.928
0.407,10.573,9.037
0.429,10.662,9.122
0.427,10.662,9.122
0.405,10.662,9.122
0.369,10.662,9.122
0.324,10.662,9.122
0.275,10.662,9.122
0.228,10.659,9.078
0.188,10.550,9.013
0.161,10.476,8.968
0.152,10.452,8.953
0.167,10.452,8.953
0.209,10.452,8.953
0.273,10.452,8.953
0.354,10.455,9.000
0.444,10.723,9.183
0.538,11.108,9.572
0.628,11.509,10.003
0.710,11.917,10.420
0.775,12.330,10.770
0.818,12.620,11.008
0.833,12.719,11.102
0.815,12.719,11.102
0.767,12.719,11.102
0.696,12.719,11.102
0.606,12.644,11.021
0.504,12.364,10.868
0.394,12.013,10.573
0.284,11.558,10.127
0.178,11.071,9.613
0.081,10.587,9.074
0.000,10.157,8.584
-0.061,9.809,8.188
-0.102,9.575,7.890
-0.124,9.449,7.627
-0.128,9.426,7.569
-0.115,9.426,7.569
-0.087,9.426,7.569
-0.043,9.426,7.569
0.015,9.426,7.569
0.085,9.462,7.679
0.167,9.687,7.874
0.259,9.939,8.106
0.358,10.327,8.493
0.458,10.739,8.951
0.556,11.217,9.454
0.646,11.670,9.952
0.725,12.102,10.377
0.787,12.458,10.713
0.829,12.697,10.975
0.846,12.806,11.085
0.833,12.806,11.085
0.788,12.806,11.085
0.716,12.806,11.085
0.623,12.743,11.011
0.518,12.454,10.852
0.406,12.093,10.550
0.295,11.638,10.104
0.192,11.165,9.608
0.104,10.723,9.121
0.037,10.384,8.729
0.000,10.170,8.498
-0.004,10.148,8.474
0.022,10.148,8.474
0.070,10.148,8.474
0.134,10.148,8.474
0.209,10.183,8.555
0.287,10.396,8.700
0.361,10.600,8.852
0.426,10.818,9.048
0.474,11.017,9.244
0.500,11.123,9.348
0.499,11.123,9.348
0.474,11.123,9.348
0.432,11.123,9.348
0.379,11.123,9.348
0.321,11.123,9.339
0.264,11.025,9.250
0.214,10.888,9.170
0.177,10.787,9.109
0.160,10.738,9.079
0.167,10.738,9.079
0.203,10.738,9.079
0.264,10.738,9.079
0.343,10.738,9.097
0.433,10.939,9.243
0.527,11.235,9.467
0.620,11.636,9.901
0.703,12.054,10.325
0.771,12.394,10.688
0.816,12.637,10.929
0.833,12.732,11.017
0.816,12.732,11.017
0.769,12.732,11.017
0.698,12.732,11.017
0.609,12.665,10.940
0.506,12.385,10.787
0.397,12.035,10.497
0.286,11.579,10.049
0.179,11.090,9.534
0.082,10.602,8.992
-0.000,10.170,8.498
-0.061,9.820,8.100
-0.103,9.584,7.784
-0.125,9.458,7.597
-0.129,9.435,7.558
-0.116,9.435,7.558
-0.087,9.435,7.558
-0.043,9.435,7.558
0.014,9.435,7.558
0.085,9.472,7.669
0.167,9.697,7.865
0.259,9.950,8.098
0.358,10.339,8.487
0.458,10.752,8.946
0.556,11.230,9.449
0.646,11.684,9.947
0.725,12.116,10.373
0.787,12.472,10.708
0.829,12.711,10.971
0.846,12.806,11.081
0.833,12.806,11.081
0.788,12.806,11.081
0.716,12.806,11.081
0.623,12.743,11.006
0.517,12.454,10.848
0.406,12.093,10.546
0.295,11.638,10.099
0.192,11.165,9.603
0.104,10.723,9.116
0.037,10.384,8.725
0.000,10.170,8.494
-0.004,10.148,8.470
0.022,10.148,8.470
0.070,10.148,8.470
0.134,10.148,8.470
0.209,10.183,8.551
0.287,10.396,8.696
0.361,10.600,8.848
0.426,10.818,9.043
0.474,11.017,9.240
0.500,11.123,9.343
0.499,11.123,9.343
0.474,11.123,9.343
0.432,11.123,9.343
0.379,11.123,9.343
0.321,11.123,9.335
0.264,11.025,9.245
0.214,10.888,9.165
0.177,10.787,9.105
0.160,10.738,9.075
0.167,10.738,9.075
0.203,10.738,9.075
0.264,10.738,9.075
0.343,10.738,9.092
0.433,10.939,9.238
0.527,11.235,9.463
0.620,11.636,9.896
0.703,12.054,10.320
0.771,12.394,10.683
0.816,12.637,10.924
0.833,12.732,11.012
0.816,12.732,11.012
0.769,12.732,11.012
0.698,12.732,11.012
0.609,12.665,10.936
0.506,12.385,10.782
0.397,12.035,10.492
0.286,11.579,10.045
0.179,11.090,9.529
0.082,10.602,8.987
0.000,10.170,8.494
-0.061,9.820,8.096
-0.103,9.584,7.779
-0.125,9.458,7.593
-0.129,9.435,7.558
-0.116,9.435,7.558
-0.087,9.435,7.558
-0.043,9.435,7.558
0.014,9.435,7.558
0.085,9.472,7.669
0.167,9.698,7.865
0.259,9.950,8.098
0.358,10.339,8.487
0.458,10.752,8.946
0.556,11.230,9.449
0.646,11.684,9.947
0.725,12.116,10.373
0.787,12.472,10.708
0.829,12.711,10.971
0.846,12.806,11.081
0.833,12.806,11.081
0.788,12.806,11.081
0.716,12.806,11.081
0.623,12.743,11.006
0.517,12.454,10.848
0.406,12.093,10.546
0.295,11.638,10.099
0.192,11.165,9.603
0.104,10.723,9.116
0.037,10.384,8.725
0.000,10.170,8.494
-0.004,10.148,8.470
0.022,10.148,8.470
0.070,10.148,8.470
0.134,10.148,8.470
0.209,10.183,8.551
0.287,10.396,8.696
0.361,10.600,8.848
0.426,10.818,9.043
0.474,11.017,9.240
0.500,11.123,9.343
0.499,11.123,9.343
0.474,11.123,9.343
0.432,11.123,9.343
0.379,11.123,9.343
0.321,11.123,9.335
0.264,11.025,9.245
0.214,10.888,9.165
0.177,10.787,9.105
0.160,10.738,9.075
0.167,10.738,9.075
0.203,10.738,9.075
0.264,10.738,9.075
0.343,10.738,9.092
0.433,10.939,9.238
0.527,11.235,9.463
0.620,11.636,9.896
0.703,12.054,10.320
0.771,12.394,10.683
0.816,12.637,10.924
0.833,12.732,11.012
0.816,12.732,11.012
0.769,12.732,11.012
0.698,12.732,11.012
0.609,12.665,10.936
0.506,12.385,10.782
0.397,12.035,10.492
0.286,11.579,10.045
0.179,11.090,9.529
0.082,10.602,8.987
0.000,10.170,8.494
-0.061,9.820,8.096
-0.103,9.584,7.779
-0.125,9.458,7.593
-0.129,9.435,7.558
-0.116,9.435,7.558
-0.087,9.435,7.558
-0.043,9.435,7.558
0.014,9.435,7.558
0.085,9.472,7.669
0.167,9.698,7.865
0.259,9.950,8.098
0.358,10.339,8.487
0.458,10.752,8.946
0.556,11.230,9.449
0.646,11.684,9.947
0.725,12.116,10.373
0.787,12.472,10.708
0.829,12.711,10.971
0.846,12.806,11.081
0.833,12.806,11.081
0.788,12.806,11.081
0.716,12.806,11.081
0.623,12.743,11.006
0.517,12.454,10.848
0.406,12.093,10.546
0.295,11.638,10.099
0.192,11.165,9.603
0.104,10.723,9.116
0.037,10.384,8.725
0.000,10.170,8.494
-0.004,10.148,8.470
0.022,10.148,8.470
0.070,10.148,8.470
0.134,10.148,8.470
0.209,10.183,8.551
0.287,10.396,8.696
0.361,10.600,8.848
0.426,10.818,9.043
0.474,11.017,9.240
0.500,11.123,9.343
0.499,11.123,9.343
0.474,11.123,9.343
0.432,11.123,9.343
0.379,11.123,9.343
0.321,11.123,9.335
0.264,11.025,9.245
0.214,10.888,9.165
0.177,10.787,9.105
0.160,10.738,9.075
0.167,10.738,9.075
0.203,10.738,9.075
0.264,10.738,9.075
0.343,10.738,9.092
0.433,10.939,9.238
0.527,11.235,9.463
0.620,11.636,9.896
0.703,12.054,10.320
0.771,12.394,10.683
0.816,12.637,10.924
0.833,12.732,11.012
0.816,12.732,11.012
0.769,12.732,11.012
0.698,12.732,11.012
0.609,12.665,10.936
0.506,12.385,10.782
0.397,12.035,10.492
0.286,11.579,10.045
0.179,11.090,9.529
0.082,10.602,8.987
0.000,10.170,8.494
-0.061,9.820,8.096
-0.103,9.584,7.779
-0.125,9.458,7.593
-0.129,9.435,7.558
-0.116,9.435,7.558
-0.087,9.435,7.558
-0.043,9.435,7.558
0.014,9.435,7.558
0.085,9.472,7.669
0.167,9.698,7.865
0.259,9.950,8.098
0.358,10.339,8.487
0.458,10.752,8.946
0.556,11.230,9.449
0.646,11.684,9.947
0.725,12.116,10.373
0.787,12.472,10.708
0.829,12.711,10.971
0.846,12.806,11.081
0.833,12.806,11.081
0.788,12.806,11.081
0.716,12.806,11.081
0.623,12.743,11.006
0.517,12.454,10.848
0.406,12.093,10.546
0.295,11.638,10.099
0.192,11.165,9.603
0.104,10.723,9.116
0.037,10.384,8.725
0.000,10.170,8.494
-0.004,10.148,8.470
0.022,10.148,8.470
0.070,10.148,8.470
0.134,10.148,8.470
0.209,10.183,8.551
0.287,10.396,8.696
0.361,10.600,8.848
0.426,10.818,9.043
0.474,11.017,9.240
0.500,11.123,9.343
0.499,11.123,9.343
0.474,11.123,9.343
0.432,11.123,9.343
0.379,11.123,9.343
0.321,11.123,9.335
0.264,11.025,9.245
0.214,10.888,9.165
0.177,10.787,9.105
0.160,10.738,9.075
0.167,10.738,9.075
0.203,10.738,9.075
0.264,10.738,9.075
0.343,10.738,9.092
0.433,10.939,9.238
0.527,11.235,9.463
0.620,11.636,9.896
0.703,12.054,10.320
0.771,12.394,10.683
0.816,12.637,10.924
0.833,12.732,11.012
0.816,12.732,11.012
0.769,12.732,11.012
0.698,12.732,11.012
0.609,12.665,10.936
0.506,12.385,10.782
0.397,12.035,10.492
0.286,11.579,10.045
0.179,11.090,9.529
0.082,10.602,8.987
-0.000,10.170,8.494
-0.061,9.820,8.096
-0.103,9.584,7.779
-0.125,9.458,7.593
-0.129,9.435,7.558
-0.116,9.435,7.558
-0.087,9.435,7.558
-0.043,9.435,7.558
0.014,9.435,7.558
0.085,9.472,7.669
0.167,9.698,7.865
0.259,9.950,8.098
0.358,10.339,8.487
0.458,10.752,8.946
0.556,11.230,9.449
0.646,11.684,9.947
0.725,12.116,10.373
0.787,12.472,10.708
0.829,12.711,10.971
0.846,12.806,11.081
0.833,12.806,11.081
0.788,12.806,11.081
0.716,12.806,11.081
0.623,12.743,11.006
0.517,12.454,10.848
0.406,12.093,10.546
0.295,11.638,10.099
0.192,11.165,9.603
0.104,10.723,9.116
0.037,10.384,8.725
-0.000,10.170,8.494
-0.004,10.148,8.470
0.022,10.148,8.470
0.070,10.148,8.470
0.134,10.148,8.470
0.209,10.183,8.551
0.287,10.396,8.696
0.361,10.600,8.848
0.426,10.818,9.043
0.474,11.017,9.240
0.500,11.123,9.343
0.499,11.123,9.343
0.474,11.123,9.343
0.432,11.123,9.343
0.379,11.123,9.343
0.321,11.123,9.335
0.264,11.025,9.245
0.214,10.888,9.165
0.177,10.787,9.105
0.160,10.738,9.075
0.167,10.738,9.075
0.203,10.738,9.075
0.264,10.738,9.075
0.343,10.738,9.092
0.433,10.939,9.238
0.527,11.235,9.463
0.620,11.636,9.896
0.703,12.054,10.320
0.771,12.394,10.683
0.816,12.637,10.924
0.833,12.732,11.012
0.816,12.732,11.012
0.769,12.732,11.012
0.698,12.732,11.012
0.609,12.665,10.936
0.506,12.385,10.782
0.397,12.035,10.492
0.286,11.579,10.045
0.179,11.090,9.529
0.082,10.602,8.987
0.000,10.170,8.494
-0.061,9.820,8.096
-0.103,9.584,7.779
-0.125,9.458,7.592
-0.129,9.434,7.557
-0.116,9.434,7.557
-0.087,9.434,7.557
-0.043,9.434,7.557
0.014,9.434,7.557
0.085,9.472,7.668
0.167,9.697,7.864
0.259,9.950,8.098
0.358,10.340,8.487
0.459,10.753,8.947
0.556,11.232,9.451
0.647,11.686,9.949
0.725,12.118,10.374
0.788,12.475,10.710
0.830,12.713,10.973
0.846,12.807,11.081
0.833,12.807,11.081
0.788,12.807,11.081
0.715,12.807,11.081
0.622,12.741,11.005
0.516,12.451,10.847
0.404,12.087,10.540
0.293,11.632,10.092
0.190,11.158,9.595
0.102,10.717,9.109
0.037,10.380,8.719
0.000,10.171,8.494
-0.003,10.155,8.476
0.024,10.155,8.476
0.074,10.155,8.476
0.139,10.155,8.476
0.215,10.202,8.566
0.293,10.416,8.711
0.367,10.619,8.867
0.431,10.840,9.065
0.477,11.031,9.254
0.500,11.125,9.345
0.495,11.125,9.345
0.465,11.125,9.345
0.419,11.125,9.345
0.361,11.125,9.345
0.300,11.125,9.303
0.242,10.965,9.211
0.193,10.830,9.131
0.159,10.739,9.075
0.149,10.710,9.047
0.167,10.710,9.047
0.219,10.710,9.047
0.299,10.710,9.047
0.399,10.847,9.174
0.511,11.169,9.390
0.627,11.675,9.934
0.740,12.242,10.520
0.842,12.783,11.059
0.924,13.344,11.589
0.980,13.737,11.961
1.000,13.881,12.107
0.980,13.881,12.107
0.924,13.881,12.107
0.839,13.881,12.107
0.731,13.693,11.965
0.608,13.356,11.733
0.477,12.827,11.253
0.343,12.227,10.646
0.215,11.582,9.964
0.098,10.926,9.307
-0.000,10.367,8.624
-0.074,9.905,8.049
-0.124,9.595,7.609
-0.150,9.428,7.253
-0.155,9.397,7.180
-0.140,9.397,7.180
-0.105,9.397,7.180
-0.053,9.397,7.180
0.017,9.397,7.180
0.101,9.552,7.409
0.200,9.822,7.647
0.311,10.216,8.053
0.429,10.702,8.593
0.550,11.293,9.228
0.667,11.897,9.873
0.776,12.516,10.467
0.870,13.069,11.086
0.945,13.539,11.583
0.995,13.853,11.947
1.016,13.992,12.094
1.000,13.992,12.094
0.946,13.992,12.094
0.859,13.992,12.094
0.748,13.807,11.953
0.621,13.460,11.714
0.487,12.917,11.219
0.354,12.314,10.613
0.230,11.693,9.957
0.125,11.100,9.366
0.045,10.646,8.844
-0.000,10.380,8.512
-0.005,10.351,8.477
0.026,10.351,8.477
0.084,10.351,8.477
0.161,10.351,8.477
0.251,10.503,8.640
0.344,10.758,8.812
0.433,11.054,9.085
0.511,11.374,9.401
0.569,11.613,9.656
0.600,11.744,9.810
0.598,11.744,9.810
0.569,11.744,9.810
0.519,11.744,9.810
0.455,11.744,9.810
0.385,11.704,9.747
0.317,11.516,9.642
0.257,11.352,9.545
0.213,11.231,9.431
0.191,11.160,9.375
0.200,11.160,9.375
0.244,11.160,9.375
0.317,11.160,9.375
0.412,11.216,9.452
0.520,11.511,9.622
0.633,11.909,9.974
0.744,12.465,10.551
0.844,13.001,11.081
0.925,13.465,11.518
0.980,13.778,11.867
1.000,13.894,11.995
0.980,13.894,11.995
0.924,13.894,11.995
0.838,13.894,11.995
0.731,13.705,11.852
0.608,13.368,11.620
0.476,12.839,11.139
0.343,12.239,10.532
0.215,11.594,9.851
0.098,10.939,9.194
0.000,10.380,8.512
-0.074,9.919,7.932
-0.123,9.609,7.483
-0.150,9.442,7.230
-0.155,9.411,7.182
-0.140,9.411,7.182
-0.105,9.411,7.182
-0.052,9.411,7.182
0.017,9.411,7.182
0.101,9.565,7.410
0.200,9.835,7.647
0.311,10.230,8.054
0.429,10.716,8.593
0.550,11.306,9.228
0.667,11.910,9.873
0.776,12.529,10.467
0.870,13.082,11.086
0.945,13.552,11.583
0.995,13.866,11.947
1.016,13.991,12.094
1.000,13.991,12.094
0.946,13.991,12.094
0.859,13.991,12.094
0.748,13.807,11.953
0.621,13.460,11.714
0.487,12.917,11.219
0.354,12.314,10.613
0.230,11.693,9.957
0.125,11.100,9.366
0.045,10.646,8.844
-0.000,10.380,8.512
-0.005,10.351,8.477
0.026,10.351,8.477
0.084,10.351,8.477
0.161,10.351,8.477
0.251,10.503,8.640
0.344,10.758,8.812
0.433,11.054,9.085
0.511,11.374,9.401
0.569,11.613,9.656
0.600,11.744,9.810
0.598,11.744,9.810
0.569,11.744,9.810
0.519,11.744,9.810
0.455,11.744,9.810
0.385,11.704,9.747
0.317,11.516,9.642
0.257,11.352,9.545
0.213,11.231,9.431
0.191,11.160,9.375
0.200,11.160,9.375
0.244,11.160,9.375
0.317,11.160,9.375
0.412,11.216,9.452
0.520,11.511,9.622
0.633,11.909,9.974
0.744,12.465,10.551
0.844,13.001,11.081
0.925,13.465,11.518
0.980,13.778,11.867
1.000,13.894,11.995
0.980,13.894,11.995
0.924,13.894,11.995
0.838,13.894,11.995
0.731,13.705,11.852
0.608,13.368,11.620
0.476,12.839,11.139
0.343,12.239,10.532
0.215,11.594,9.851
0.098,10.939,9.194
-0.000,10.380,8.512
-0.074,9.919,7.932
-0.123,9.609,7.483
-0.150,9.442,7.230
-0.155,9.411,7.182
-0.140,9.411,7.182
-0.105,9.411,7.182
-0.052,9.411,7.182
0.017,9.411,7.182
0.101,9.565,7.410
0.200,9.835,7.647
0.311,10.230,8.054
0.429,10.716,8.593
0.550,11.306,9.228
0.667,11.910,9.873
0.776,12.529,10.467
0.870,13.082,11.086
0.945,13.552,11.583
0.995,13.866,11.947
1.016,13.991,12.094
1.000,13.991,12.094
0.946,13.991,12.094
0.859,13.991,12.094
0.748,13.807,11.953
0.621,13.460,11.714
0.487,12.917,11.219
0.354,12.314,10.613
0.230,11.693,9.957
0.125,11.100,9.366
0.045,10.646,8.844
-0.000,10.380,8.512
-0.005,10.351,8.477
0.026,10.351,8.477
0.084,10.351,8.477
0.161,10.351,8.477
0.251,10.503,8.640
0.344,10.758,8.812
0.433,11.054,9.085
0.511,11.374,9.401
0.569,11.613,9.656
0.600,11.744,9.810
0.598,11.744,9.810
0.569,11.744,9.810
0.519,11.744,9.810
0.455,11.744,9.810
0.385,11.704,9.747
0.317,11.516,9.642
0.257,11.352,9.545
0.213,11.231,9.431
0.191,11.160,9.375
0.200,11.160,9.375
0.244,11.160,9.375
0.317,11.160,9.375
0.412,11.216,9.452
0.520,11.511,9.622
0.633,11.909,9.974
0.744,12.465,10.551
0.844,13.001,11.081
0.925,13.465,11.518
0.980,13.778,11.867
1.000,13.894,11.995
0.980,13.894,11.995
0.924,13.894,11.995
0.838,13.894,11.995
0.731,13.705,11.852
0.608,13.368,11.620
0.476,12.839,11.139
0.343,12.239,10.532
0.215,11.594,9.851
0.098,10.939,9.194
0.000,10.380,8.512
-0.074,9.919,7.932
-0.123,9.609,7.483
-0.150,9.442,7.230
-0.155,9.411,7.182
-0.140,9.411,7.182
-0.105,9.411,7.182
-0.052,9.411,7.182
0.017,9.411,7.182
0.101,9.565,7.410
0.200,9.835,7.647
0.311,10.230,8.054
0.429,10.716,8.593
0.550,11.306,9.228
0.667,11.910,9.873
0.776,12.529,10.467
0.870,13.082,11.086
0.945,13.552,11.583
0.995,13.866,11.947
1.016,13.991,12.094
1.000,13.991,12.094
0.946,13.991,12.094
0.859,13.991,12.094
0.748,13.807,11.953
0.621,13.460,11.714
0.487,12.917,11.219
0.354,12.314,10.613
0.230,11.693,9.957
0.125,11.100,9.366
0.045,10.646,8.844
-0.000,10.380,8.512
-0.005,10.351,8.477
0.026,10.351,8.477
0.084,10.351,8.477
0.161,10.351,8.477
0.251,10.503,8.640
0.344,10.758,8.812
0.433,11.054,9.085
0.511,11.374,9.401
0.569,11.613,9.656
0.600,11.744,9.810
0.598,11.744,9.810
0.569,11.744,9.810
0.519,11.744,9.810
0.455,11.744,9.810
0.385,11.704,9.747
0.317,11.516,9.642
0.257,11.352,9.545
0.213,11.231,9.431
0.191,11.160,9.375
0.200,11.160,9.375
0.244,11.160,9.375
0.317,11.160,9.375
0.412,11.216,9.452
0.520,11.511,9.622
0.633,11.909,9.974
0.744,12.465,10.551
0.844,13.001,11.081
0.925,13.465,11.518
0.980,13.778,11.867
1.000,13.894,11.995
0.980,13.894,11.995
0.924,13.894,11.995
0.838,13.894,11.995
0.731,13.705,11.852
0.608,13.368,11.620
0.476,12.839,11.139
0.343,12.239,10.532
0.215,11.594,9.851
0.098,10.939,9.194
0.000,10.380,8.512
-0.074,9.919,7.932
-0.123,9.609,7.483
-0.150,9.442,7.230
-0.155,9.411,7.182
-0.140,9.411,7.182
-0.105,9.411,7.182
-0.052,9.411,7.182
0.017,9.411,7.182
0.101,9.565,7.410
0.200,9.835,7.647
0.311,10.230,8.054
0.429,10.716,8.593
0.550,11.306,9.228
0.667,11.910,9.873
0.776,12.529,10.467
0.870,13.082,11.086
0.945,13.552,11.583
0.995,13.866,11.947
1.016,13.991,12.094
1.000,13.991,12.094
0.946,13.991,12.094
0.859,13.991,12.094
0.748,13.807,11.953
0.621,13.460,11.714
0.487,12.917,11.219
0.354,12.314,10.613
0.230,11.693,9.957
0.125,11.100,9.366
0.045,10.646,8.844
0.000,10.380,8.512
-0.005,10.351,8.477
0.026,10.351,8.477
0.084,10.351,8.477
0.161,10.351,8.477
0.251,10.503,8.640
0.344,10.758,8.812
0.433,11.054,9.085
0.511,11.374,9.401
0.569,11.613,9.656
0.600,11.744,9.810
0.598,11.744,9.810
0.569,11.744,9.810
0.519,11.744,9.810
0.455,11.744,9.810
0.385,11.704,9.747
0.317,11.516,9.642
0.257,11.352,9.545
0.213,11.231,9.431
0.191,11.160,9.375
0.200,11.160,9.375
0.244,11.160,9.375
0.317,11.160,9.375
0.412,11.216,9.452
0.520,11.511,9.622
0.633,11.909,9.974
0.744,12.465,10.551
0.844,13.001,11.081
0.925,13.465,11.518
0.980,13.778,11.867
1.000,13.894,11.995
0.980,13.894,11.995
0.924,13.894,11.995
0.838,13.894,11.995
0.731,13.705,11.852
0.608,13.368,11.620
0.476,12.839,11.139
0.343,12.239,10.532
0.215,11.594,9.851
0.098,10.939,9.194
0.000,10.380,8.512
-0.074,9.919,7.932
-0.123,9.609,7.483
-0.150,9.442,7.230
-0.155,9.411,7.182
-0.140,9.411,7.182
-0.105,9.411,7.182
-0.052,9.411,7.182
0.017,9.411,7.182
0.101,9.565,7.410
0.200,9.835,7.647
0.311,10.230,8.054
0.429,10.716,8.593
0.550,11.306,9.228
0.667,11.910,9.873
0.776,12.529,10.467
0.870,13.082,11.086
0.945,13.552,11.583
0.995,13.866,11.947
1.016,13.991,12.094
1.000,13.991,12.094
0.946,13.991,12.094
0.859,13.991,12.094
0.748,13.807,11.953
0.621,13.460,11.714
0.487,12.917,11.219
0.354,12.314,10.613
0.230,11.693,9.957
0.125,11.100,9.366
0.045,10.646,8.844
0.000,10.380,8.512
-0.005,10.351,8.477
0.026,10.351,8.477
0.084,10.351,8.477
0.161,10.351,8.477
0.251,10.503,8.640
0.344,10.758,8.812
0.433,11.054,9.085
0.511,11.374,9.401
0.569,11.613,9.656
0.600,11.744,9.810
0.598,11.744,9.810
0.569,11.744,9.810
0.519,11.744,9.810
0.455,11.744,9.810
0.385,11.704,9.747
0.317,11.516,9.642
0.257,11.352,9.545
0.213,11.231,9.431
0.191,11.160,9.375
0.200,11.160,9.375
0.244,11.160,9.375
0.317,11.160,9.375
0.412,11.216,9.452
0.520,11.511,9.622
0.633,11.909,9.974
0.744,12.465,10.551
0.844,13.001,11.081
0.925,13.465,11.518
0.980,13.778,11.867
1.000,13.894,11.995
0.980,13.894,11.995
0.924,13.894,11.995
0.838,13.894,11.995
0.731,13.705,11.852
0.608,13.368,11.620
0.476,12.839,11.139
0.343,12.239,10.532
0.215,11.594,9.851
0.098,10.939,9.194
-0.000,10.380,8.512
-0.074,9.919,7.932
-0.123,9.609,7.483
-0.150,9.442,7.230
-0.155,9.411,7.182
-0.140,9.411,7.182
-0.105,9.411,7.182
-0.052,9.411,7.182
0.017,9.411,7.182
0.101,9.565,7.410
0.200,9.835,7.647
0.311,10.230,8.054
0.429,10.716,8.593
0.550,11.306,9.228
0.667,11.910,9.873
0.776,12.529,10.467
0.870,13.082,11.086
0.945,13.552,11.583
0.995,13.866,11.947
1.016,13.991,12.094
1.000,13.991,12.094
0.946,13.991,12.094
0.859,13.991,12.094
0.748,13.807,11.953
0.621,13.460,11.714
0.487,12.917,11.219
0.354,12.314,10.613
0.230,11.693,9.957
0.125,11.100,9.366
0.045,10.646,8.844
0.000,10.380,8.512
-0.005,10.351,8.477
0.026,10.351,8.477
0.084,10.351,8.477
0.161,10.351,8.477
0.251,10.502,8.640
0.344,10.758,8.812
0.433,11.054,9.085
0.511,11.373,9.401
0.569,11.612,9.656
0.600,11.744,9.810
0.598,11.744,9.810
0.569,11.744,9.810
0.519,11.744,9.810
0.455,11.744,9.810
0.386,11.704,9.747
0.317,11.517,9.642
0.257,11.352,9.545
0.213,11.231,9.431
0.191,11.160,9.376
0.200,11.160,9.376
0.244,11.160,9.376
0.317,11.160,9.376
0.411,11.215,9.451
0.519,11.510,9.621
0.632,11.906,9.970
0.743,12.461,10.547
0.843,12.997,11.078
0.925,13.462,11.514
0.980,13.776,11.865
1.000,13.894,11.995
0.980,13.894,11.995
0.925,13.894,11.995
0.840,13.894,11.995
0.733,13.711,11.855
0.610,13.375,11.626
0.479,12.850,11.150
0.346,12.252,10.545
0.217,11.605,9.863
0.099,10.947,9.202
0.000,10.380,8.512
-0.076,9.908,7.916
-0.127,9.586,7.450
-0.155,9.412,7.183
-0.160,9.380,7.111
-0.143,9.380,7.111
-0.104,9.380,7.111
-0.045,9.380,7.111
0.034,9.380,7.172
0.133,9.634,7.431
0.250,9.969,7.746
0.384,10.520,8.338
0.529,11.198,9.079
0.678,11.973,9.901
0.825,12.807,10.761
0.961,13.651,11.670
1.080,14.452,12.545
1.176,15.160,13.265
1.241,15.642,13.764
1.268,15.842,13.982
1.250,15.842,13.982
1.183,15.842,13.982
1.076,15.842,13.954
0.937,15.485,13.748
0.779,14.930,13.269
0.611,14.190,12.543
0.445,13.337,11.693
0.290,12.453,10.813
0.157,11.634,9.916
0.057,11.004,9.130
0.000,10.623,8.655
-0.006,10.582,8.601
0.032,10.582,8.601
0.104,10.582,8.601
0.201,10.602,8.672
0.313,10.907,8.878
0.429,11.275,9.200
0.541,11.735,9.666
0.638,12.175,10.133
0.711,12.541,10.511
0.750,12.735,10.718
0.748,12.735,10.718
0.711,12.735,10.718
0.648,12.735,10.718
0.569,12.735,10.706
0.482,12.548,10.575
0.396,12.314,10.433
0.321,12.069,10.223
0.266,11.841,10.004
0.239,11.732,9.897
0.250,11.732,9.897
0.305,11.732,9.897
0.396,11.732,9.897
0.514,11.938,10.057
0.649,12.322,10.330
0.791,12.941,10.937
0.930,13.729,11.679
1.055,14.477,12.478
1.157,15.113,13.181
1.225,15.555,13.669
1.250,15.723,13.852
1.225,15.723,13.852
1.155,15.723,13.852
1.048,15.718,13.809
0.914,15.350,13.609
0.760,14.806,13.133
0.595,14.080,12.421
0.429,13.228,11.570
0.268,12.313,10.654
0.122,11.412,9.648
0.000,10.623,8.655
-0.092,10.004,7.804
-0.154,9.580,7.172
-0.188,9.343,6.703
-0.194,9.299,6.610
-0.175,9.299,6.610
-0.131,9.299,6.610
-0.066,9.299,6.610
0.021,9.339,6.738
0.127,9.629,7.020
0.250,10.027,7.438
0.389,10.596,8.078
0.537,11.323,8.876
0.687,12.135,9.704
0.834,12.986,10.622
0.970,13.834,11.568
1.088,14.610,12.442
1.182,15.240,13.159
1.244,15.676,13.662
1.269,15.855,13.864
1.250,15.855,13.864
1.182,15.855,13.864
1.074,15.855,13.831
0.935,15.487,13.624
0.777,14.926,13.135
0.609,14.182,12.407
0.443,13.329,11.556
0.288,12.447,10.676
0.156,11.630,9.780
0.056,11.002,8.997
0.000,10.625,8.525
-0.006,10.585,8.474
0.032,10.585,8.474
0.105,10.585,8.474
0.202,10.606,8.545
0.313,10.912,8.751
0.430,11.279,9.074
0.542,11.738,9.539
0.639,12.178,10.006
0.711,12.543,10.382
0.750,12.737,10.589
0.748,12.737,10.589
0.711,12.737,10.589
0.648,12.737,10.589
0.569,12.737,10.577
0.482,12.550,10.446
0.396,12.316,10.304
0.321,12.071,10.094
0.266,11.843,9.875
0.239,11.733,9.768
0.250,11.733,9.768
0.305,11.733,9.768
0.396,11.733,9.768
0.514,11.940,9.928
0.649,12.324,10.201
0.791,12.943,10.808
0.930,13.731,11.550
1.055,14.478,12.349
1.157,15.115,13.051
1.225,15.556,13.540
1.250,15.724,13.722
1.225,15.724,13.722
1.155,15.724,13.722
1.048,15.719,13.679
0.914,15.351,13.479
0.760,14.807,13.003
0.595,14.081,12.291
0.429,13.230,11.440
0.268,12.314,10.524
0.122,11.413,9.518
0.000,10.625,8.525
-0.092,10.006,7.674
-0.154,9.580,7.041
-0.188,9.344,6.679
-0.194,9.299,6.610
-0.175,9.299,6.610
-0.131,9.299,6.610
-0.066,9.299,6.610
0.021,9.340,6.738
0.127,9.629,7.020
0.250,10.027,7.438
0.389,10.597,8.078
0.537,11.323,8.876
0.687,12.135,9.704
0.834,12.986,10.622
0.970,13.835,11.568
1.088,14.611,12.442
1.182,15.240,13.159
1.244,15.677,13.662
1.269,15.855,13.864
1.250,15.855,13.864
1.182,15.855,13.864
1.074,15.855,13.831
0.935,15.487,13.624
0.777,14.926,13.135
0.609,14.182,12.407
0.443,13.329,11.556
0.288,12.447,10.676
0.156,11.630,9.780
0.056,11.002,8.997
0.000,10.625,8.525
-0.006,10.585,8.474
0.032,10.585,8.474
0.105,10.585,8.474
0.202,10.606,8.545
0.313,10.912,8.751
0.430,11.279,9.074
0.542,11.738,9.539
0.639,12.178,10.006
0.711,12.543,10.382
0.750,12.737,10.589
0.748,12.737,10.589
0.711,12.737,10.589
0.648,12.737,10.589
0.569,12.737,10.577
0.482,12.550,10.446
0.396,12.316,10.304
0.321,12.071,10.094
0.266,11.843,9.875
0.239,11.733,9.768
0.250,11.733,9.768
0.305,11.733,9.768
0.396,11.733,9.768
0.514,11.940,9.928
0.649,12.324,10.201
0.791,12.943,10.808
0.930,13.731,11.550
1.055,14.478,12.349
1.157,15.115,13.051
1.225,15.556,13.540
1.250,15.724,13.722
1.225,15.724,13.722
1.155,15.724,13.722
1.048,15.719,13.679
0.914,15.351,13.479
0.760,14.807,13.003
0.595,14.081,12.291
0.429,13.230,11.440
0.268,12.314,10.524
0.122,11.413,9.518
0.000,10.625,8.525
-0.092,10.006,7.674
-0.154,9.580,7.041
-0.188,9.344,6.679
-0.194,9.299,6.610
-0.175,9.299,6.610
-0.131,9.299,6.610
-0.066,9.299,6.610
0.021,9.340,6.738
0.127,9.629,7.020
0.250,10.027,7.438
0.389,10.597,8.078
0.537,11.323,8.876
0.687,12.135,9.704
0.834,12.986,10.622
0.970,13.835,11.568
1.088,14.611,12.442
1.182,15.240,13.159
1.244,15.677,13.662
1.269,15.855,13.864
1.250,15.855,13.864
1.182,15.855,13.864
1.074,15.855,13.831
0.935,15.487,13.624
0.777,14.926,13.135
0.609,14.182,12.407
0.443,13.329,11.556
0.288,12.447,10.676
0.156,11.630,9.780
0.056,11.002,8.997
0.000,10.625,8.525
-0.006,10.585,8.474
0.032,10.585,8.474
0.105,10.585,8.474
0.202,10.606,8.545
0.313,10.912,8.751
0.430,11.279,9.074
0.542,11.738,9.539
0.639,12.178,10.006
0.711,12.543,10.382
0.750,12.737,10.589
0.748,12.737,10.589
0.711,12.737,10.589
0.648,12.737,10.589
0.569,12.737,10.577
0.482,12.550,10.446
0.396,12.316,10.304
0.321,12.071,10.094
0.266,11.843,9.875
0.239,11.733,9.768
0.250,11.733,9.768
0.305,11.733,9.768
0.396,11.733,9.768
0.514,11.940,9.928
0.649,12.324,10.201
0.791,12.943,10.808
0.930,13.731,11.550
1.055,14.478,12.349
1.157,15.115,13.051
1.225,15.556,13.540
1.250,15.724,13.722
1.225,15.724,13.722
1.155,15.724,13.722
1.048,15.719,13.679
0.914,15.351,13.479
0.760,14.807,13.003
0.595,14.081,12.291
0.429,13.230,11.440
0.268,12.314,10.524
0.122,11.413,9.518
0.000,10.625,8.525
-0.092,10.006,7.674
-0.154,9.580,7.041
-0.188,9.344,6.679
-0.194,9.299,6.610
-0.175,9.299,6.610
-0.131,9.299,6.610
-0.066,9.299,6.610
0.021,9.340,6.738
0.127,9.629,7.020
0.250,10.027,7.438
0.389,10.597,8.078
0.537,11.323,8.876
0.687,12.135,9.704
0.834,12.986,10.622
0.970,13.835,11.568
1.088,14.611,12.442
1.182,15.240,13.159
1.244,15.677,13.662
1.269,15.855,13.864
1.250,15.855,13.864
1.182,15.855,13.864
1.074,15.855,13.831
0.935,15.487,13.624
0.777,14.926,13.135
0.609,14.182,12.407
0.443,13.329,11.556
0.288,12.447,10.676
0.156,11.630,9.780
0.056,11.002,8.997
-0.000,10.625,8.525
-0.006,10.585,8.474
0.032,10.585,8.474
0.105,10.585,8.474
0.202,10.606,8.545
0.313,10.912,8.751
0.430,11.279,9.074
0.542,11.738,9.539
0.639,12.178,10.006
0.711,12.543,10.382
0.750,12.737,10.589
0.748,12.737,10.589
0.711,12.737,10.589
0.648,12.737,10.589
0.569,12.737,10.577
0.482,12.550,10.446
0.396,12.316,10.304
0.321,12.071,10.094
0.266,11.843,9.875
0.239,11.733,9.768
0.250,11.733,9.768
0.305,11.733,9.768
0.396,11.733,9.768
0.514,11.940,9.928
0.649,12.324,10.201
0.791,12.943,10.808
0.930,13.731,11.550
1.055,14.478,12.349
1.157,15.115,13.051
1.225,15.556,13.540
1.250,15.724,13.722
1.225,15.724,13.722
1.155,15.724,13.722
1.048,15.719,13.679
0.914,15.351,13.479
0.760,14.807,13.003
0.595,14.081,12.291
0.429,13.230,11.440
0.268,12.314,10.524
0.122,11.413,9.518
0.000,10.625,8.525
-0.092,10.006,7.674
-0.154,9.580,7.041
-0.188,9.344,6.679
-0.194,9.299,6.610
-0.175,9.299,6.610
-0.131,9.299,6.610
-0.066,9.299,6.610
0.021,9.340,6.738
0.127,9.629,7.020
0.250,10.027,7.438
0.389,10.597,8.078
0.537,11.323,8.876
0.687,12.135,9.704
0.834,12.986,10.622
0.970,13.835,11.568
1.088,14.611,12.442
1.182,15.240,13.159
1.244,15.677,13.662
1.269,15.855,13.864
1.250,15.855,13.864
1.182,15.855,13.864
1.074,15.855,13.831
0.935,15.487,13.624
0.777,14.926,13.135
0.609,14.182,12.407
0.443,13.329,11.556
0.288,12.447,10.676
0.156,11.630,9.780
0.056,11.002,8.997
0.000,10.625,8.525
-0.006,10.585,8.474
0.032,10.585,8.474
0.105,10.585,8.474
0.202,10.606,8.545
0.313,10.912,8.751
0.430,11.279,9.074
0.542,11.738,9.539
0.639,12.178,10.006
0.711,12.543,10.382
0.750,12.737,10.589
0.748,12.737,10.589
0.711,12.737,10.589
0.648,12.737,10.589
0.569,12.737,10.577
0.482,12.550,10.446
0.396,12.316,10.304
0.321,12.071,10.094
0.266,11.843,9.875
0.239,11.733,9.768
0.250,11.733,9.768
0.305,11.733,9.768
0.396,11.733,9.768
0.514,11.940,9.928
0.649,12.324,10.201
0.791,12.943,10.808
0.930,13.731,11.550
1.055,14.478,12.349
1.157,15.115,13.051
1.225,15.556,13.540
1.250,15.724,13.722
1.225,15.724,13.722
1.155,15.724,13.722
1.048,15.719,13.679
0.914,15.351,13.479
0.760,14.807,13.003
0.595,14.081,12.291
0.429,13.230,11.440
0.268,12.314,10.524
0.122,11.413,9.518
-0.000,10.625,8.525
-0.092,10.006,7.674
-0.154,9.580,7.041
-0.188,9.344,6.679
-0.194,9.299,6.610
-0.175,9.299,6.610
-0.131,9.299,6.610
-0.066,9.299,6.610
0.021,9.340,6.738
0.127,9.629,7.020
0.250,10.027,7.438
0.389,10.597,8.078
0.537,11.323,8.876
0.687,12.135,9.704
0.834,12.986,10.622
0.970,13.835,11.568
1.088,14.611,12.442
1.182,15.240,13.159
1.244,15.677,13.662
1.269,15.855,13.864
1.250,15.855,13.864
1.182,15.855,13.864
1.074,15.855,13.831
0.935,15.487,13.624
0.777,14.926,13.135
0.609,14.182,12.407
0.443,13.329,11.557
0.288,12.447,10.676
0.156,11.630,9.780
0.056,11.002,8.998
0.000,10.625,8.525
-0.006,10.585,8.474
0.032,10.585,8.474
0.105,10.585,8.474
0.202,10.606,8.545
0.313,10.911,8.751
0.430,11.279,9.073
0.541,11.738,9.538
0.639,12.177,10.005
0.711,12.543,10.382
0.750,12.737,10.589
0.748,12.737,10.589
0.711,12.737,10.589
0.648,12.737,10.589
0.569,12.737,10.577
0.482,12.551,10.446
0.396,12.316,10.304
0.321,12.072,10.095
0.266,11.844,9.876
0.239,11.734,9.768
0.250,11.734,9.768
0.304,11.734,9.768
0.396,11.734,9.768
0.514,11.938,9.927
0.648,12.320,10.199
0.790,12.938,10.802
0.928,13.724,11.542
1.054,14.471,12.342
1.156,15.108,13.044
1.224,15.552,13.535
1.250,15.724,13.722
1.226,15.724,13.722
1.156,15.724,13.722
1.051,15.724,13.683
0.917,15.361,13.484
0.764,14.824,13.019
0.600,14.104,12.313
0.433,13.255,11.463
0.272,12.335,10.548
0.125,11.427,9.536
-0.000,10.625,8.525
-0.095,9.985,7.644
-0.160,9.537,6.976
-0.196,9.286,6.582
-0.202,9.241,6.486
-0.180,9.241,6.486
-0.130,9.241,6.486
-0.054,9.241,6.486
0.050,9.382,6.722
0.179,9.736,7.082
0.333,10.343,7.740
0.510,11.175,8.669
0.703,12.214,9.730
0.902,13.403,11.029
1.097,14.667,12.470
1.279,15.923,13.906
1.438,17.156,15.188
1.566,18.168,16.216
1.653,18.867,16.921
1.690,19.161,17.218
1.667,19.161,17.218
1.579,19.161,17.218
1.435,19.010,17.096
1.251,18.452,16.693
1.040,17.539,15.819
0.816,16.365,14.705
0.594,15.043,13.387
0.387,13.702,11.913
0.209,12.481,10.489
0.076,11.528,9.326
-0.000,10.964,8.618
-0.008,10.902,8.538
0.042,10.902,8.538
0.139,10.902,8.538
0.268,11.110,8.741
0.417,11.552,9.096
0.572,12.191,9.754
0.721,12.922,10.516
0.851,13.614,11.204
0.948,14.169,11.753
1.000,14.468,12.084
0.997,14.468,12.084
0.948,14.468,12.084
0.864,14.468,12.084
0.758,14.354,11.982
0.642,14.036,11.792
0.528,13.625,11.431
0.428,13.214,11.027
0.354,12.868,10.675
0.318,12.689,10.500
0.333,12.689,10.500
0.406,12.689,10.500
0.528,12.715,10.557
0.686,13.147,10.822
0.866,13.842,11.464
1.055,14.811,12.432
1.239,15.987,13.731
1.406,17.113,14.984
1.542,18.077,16.052
1.634,18.740,16.771
1.667,18.989,17.036
1.633,18.989,17.036
1.540,18.989,17.036
1.398,18.799,16.893
1.219,18.242,16.476
1.014,17.351,15.622
0.794,16.200,14.527
0.572,14.879,13.209
0.358,13.491,11.677
0.163,12.146,10.093
0.000,10.964,8.618
-0.123,10.044,7.368
-0.206,9.403,6.430
-0.250,9.058,5.748
-0.259,8.993,5.618
-0.233,8.993,5.618
-0.175,8.993,5.618
-0.088,8.993,5.618
0.027,9.229,5.995
0.168,9.653,6.466
0.333,10.328,7.268
0.518,11.249,8.300
0.715,12.359,9.453
0.916,13.601,10.855
1.112,14.901,12.339
1.293,16.175,13.800
1.450,17.331,15.077
1.576,18.273,16.091
1.659,18.923,16.776
1.693,19.183,17.053
1.667,19.183,17.053
1.577,19.183,17.053
1.432,19.016,16.923
1.247,18.447,16.503
1.036,17.527,15.623
0.812,16.350,14.507
0.590,15.028,13.183
0.384,13.689,11.710
0.208,12.473,10.289
0.075,11.524,9.133
0.000,10.966,8.432
-0.008,10.908,8.357
0.043,10.908,8.357
0.140,10.908,8.357
0.269,11.118,8.560
0.418,11.560,8.916
0.573,12.198,9.574
0.722,12.929,10.335
0.852,13.619,11.022
0.949,14.173,11.569
1.000,14.470,11.899
0.997,14.470,11.899
0.948,14.470,11.899
0.864,14.470,11.899
0.758,14.356,11.796
0.642,14.038,11.606
0.528,13.627,11.245
0.428,13.216,10.841
0.354,12.870,10.489
0.318,12.691,10.315
0.333,12.691,10.315
0.406,12.691,10.315
0.528,12.718,10.371
0.686,13.150,10.637
0.866,13.845,11.279
1.055,14.813,12.247
1.240,15.990,13.545
1.406,17.115,14.798
1.542,18.079,15.865
1.634,18.742,16.585
1.667,18.990,16.849
1.633,18.990,16.849
1.540,18.990,16.849
1.398,18.801,16.706
1.218,18.243,16.289
1.014,17.353,15.435
0.794,16.202,14.341
0.572,14.881,13.023
0.358,13.493,11.491
0.163,12.148,9.906
0.000,10.966,8.432
-0.123,10.045,7.181
-0.206,9.404,6.256
-0.250,9.059,5.721
-0.259,8.994,5.618
-0.233,8.994,5.618
-0.175,8.994,5.618
-0.088,8.994,5.618
0.027,9.230,5.995
0.168,9.654,6.466
0.333,10.329,7.268
0.518,11.250,8.300
0.715,12.360,9.453
0.916,13.602,10.855
1.112,14.902,12.339
1.293,16.175,13.800
1.450,17.332,15.077
1.576,18.274,16.091
1.659,18.923,16.776
1.693,19.183,17.053
1.667,19.183,17.053
1.577,19.183,17.053
1.432,19.016,16.923
1.247,18.447,16.503
1.036,17.527,15.623
0.812,16.350,14.507
0.590,15.028,13.183
0.384,13.689,11.710
0.208,12.473,10.289
0.075,11.524,9.133
0.000,10.966,8.432
-0.008,10.908,8.357
0.043,10.908,8.357
0.140,10.908,8.357
0.269,11.118,8.560
0.418,11.560,8.916
0.573,12.198,9.574
0.722,12.929,10.335
0.852,13.619,11.022
0.949,14.173,11.569
1.000,14.470,11.899
0.997,14.470,11.899
0.948,14.470,11.899
0.864,14.470,11.899
0.758,14.356,11.796
0.642,14.038,11.606
0.528,13.627,11.245
0.428,13.216,10.841
0.354,12.870,10.489
0.318,12.691,10.315
0.333,12.691,10.315
0.406,12.691,10.315
0.528,12.718,10.371
0.686,13.150,10.637
0.866,13.845,11.279
1.055,14.813,12.247
1.240,15.990,13.545
1.406,17.115,14.798
1.542,18.079,15.865
1.634,18.742,16.585
1.667,18.990,16.849
1.633,18.990,16.849
1.540,18.990,16.849
1.398,18.801,16.706
1.218,18.243,16.289
1.014,17.353,15.435
0.794,16.202,14.341
0.572,14.881,13.023
0.358,13.493,11.491
0.163,12.148,9.906
0.000,10.966,8.432
-0.123,10.045,7.181
-0.206,9.404,6.256
-0.250,9.059,5.721
-0.259,8.994,5.618
-0.233,8.994,5.618
-0.175,8.994,5.618
-0.088,8.994,5.618
0.027,9.230,5.995
0.168,9.654,6.466
0.333,10.329,7.268
0.518,11.250,8.300
0.715,12.360,9.453
0.916,13.602,10.855
1.112,14.902,12.339
1.293,16.175,13.800
1.450,17.332,15.077
1.576,18.274,16.091
1.659,18.923,16.776
1.693,19.183,17.053
1.667,19.183,17.053
1.577,19.183,17.053
1.432,19.016,16.923
1.247,18.447,16.503
1.036,17.527,15.623
0.812,16.350,14.507
0.590,15.028,13.183
0.384,13.689,11.710
0.208,12.473,10.289
0.075,11.524,9.133
0.000,10.966,8.432
-0.008,10.908,8.357
0.043,10.908,8.357
0.140,10.908,8.357
0.269,11.118,8.560
0.418,11.560,8.916
0.573,12.198,9.574
0.722,12.929,10.335
0.852,13.619,11.022
0.949,14.173,11.569
1.000,14.470,11.899
0.997,14.470,11.899
0.948,14.470,11.899
0.864,14.470,11.899
0.758,14.356,11.796
0.642,14.038,11.606
0.528,13.627,11.245
0.428,13.216,10.841
0.354,12.870,10.489
0.318,12.691,10.315
0.333,12.691,10.315
0.406,12.691,10.315
0.528,12.718,10.371
0.686,13.150,10.637
0.866,13.845,11.279
1.055,14.813,12.247
1.240,15.990,13.545
1.406,17.115,14.798
1.542,18.079,15.865
1.634,18.742,16.585
1.667,18.990,16.849
1.633,18.990,16.849
1.540,18.990,16.849
1.398,18.801,16.706
1.218,18.243,16.289
1.014,17.353,15.435
0.794,16.202,14.341
0.572,14.881,13.023
0.358,13.493,11.491
0.163,12.148,9.906
-0.000,10.966,8.432
-0.123,10.045,7.181
-0.206,9.404,6.256
-0.250,9.059,5.721
-0.259,8.994,5.618
-0.233,8.994,5.618
-0.175,8.994,5.618
-0.088,8.994,5.618
0.027,9.230,5.995
0.168,9.654,6.466
0.333,10.329,7.268
0.518,11.250,8.300
0.715,12.360,9.453
0.916,13.602,10.855
1.112,14.902,12.339
1.293,16.175,13.800
1.450,17.332,15.077
1.576,18.274,16.091
1.659,18.923,16.776
1.693,19.183,17.053
1.667,19.183,17.053
1.577,19.183,17.053
1.432,19.016,16.923
1.247,18.447,16.503
1.036,17.527,15.623
0.812,16.350,14.507
0.590,15.028,13.183
0.384,13.689,11.710
0.208,12.473,10.289
0.075,11.524,9.133
-0.000,10.966,8.432
-0.008,10.908,8.357
0.043,10.908,8.357
0.140,10.908,8.357
0.269,11.118,8.560
0.418,11.560,8.916
0.573,12.198,9.574
0.722,12.929,10.335
0.852,13.619,11.022
0.949,14.173,11.569
1.000,14.470,11.899
0.997,14.470,11.899
0.948,14.470,11.899
0.864,14.470,11.899
0.758,14.356,11.796
0.642,14.038,11.606
0.528,13.627,11.245
0.428,13.216,10.841
0.354,12.870,10.489
0.318,12.691,10.315
0.333,12.691,10.315
0.406,12.691,10.315
0.528,12.718,10.371
0.686,13.150,10.637
0.866,13.845,11.279
1.055,14.813,12.247
1.240,15.990,13.545
1.406,17.115,14.798
1.542,18.079,15.865
1.634,18.742,16.585
1.667,18.990,16.849
1.633,18.990,16.849
1.540,18.990,16.849
1.398,18.801,16.706
1.218,18.243,16.289
1.014,17.353,15.435
0.794,16.202,14.341
0.572,14.881,13.023
0.358,13.493,11.491
0.163,12.148,9.906
0.000,10.966,8.432
-0.123,10.045,7.181
-0.206,9.404,6.256
-0.250,9.059,5.721
-0.259,8.994,5.618
-0.233,8.994,5.618
-0.175,8.994,5.618
-0.088,8.994,5.618
0.027,9.230,5.995
0.168,9.654,6.466
0.333,10.329,7.268
0.518,11.250,8.300
0.715,12.360,9.453
0.916,13.602,10.855
1.112,14.902,12.339
1.293,16.175,13.800
1.450,17.332,15.077
1.576,18.274,16.091
1.659,18.923,16.776
1.693,19.183,17.053
1.667,19.183,17.053
1.577,19.183,17.053
1.432,19.016,16.923
1.247,18.447,16.503
1.036,17.527,15.623
0.812,16.350,14.507
0.590,15.028,13.183
0.384,13.689,11.710
0.208,12.473,10.289
0.075,11.524,9.133
-0.000,10.966,8.432
-0.008,10.908,8.357
0.043,10.908,8.357
0.140,10.908,8.357
0.269,11.118,8.560
0.418,11.560,8.916
0.573,12.198,9.574
0.722,12.929,10.335
0.852,13.619,11.022
0.949,14.173,11.569
1.000,14.470,11.899
0.997,14.470,11.899
0.948,14.470,11.899
0.864,14.470,11.899
0.758,14.356,11.796
0.642,14.038,11.606
0.528,13.627,11.245
0.428,13.216,10.841
0.354,12.870,10.489
0.318,12.691,10.315
0.333,12.691,10.315
0.406,12.691,10.315
0.528,12.718,10.371
0.686,13.150,10.637
0.866,13.845,11.279
1.055,14.813,12.247
1.240,15.990,13.545
1.406,17.115,14.798
1.542,18.079,15.865
1.634,18.742,16.585
1.667,18.990,16.849
1.633,18.990,16.849
1.540,18.990,16.849
1.398,18.801,16.706
1.218,18.243,16.289
1.013,17.353,15.435
0.794,16.202,14.341
0.572,14.881,13.023
0.358,13.492,11.491
0.163,12.148,9.906
-0.000,10.966,8.432
-0.123,10.045,7.181
-0.206,9.404,6.256
-0.250,9.059,5.721
-0.259,8.995,5.619
-0.233,8.995,5.619
-0.175,8.995,5.619
-0.088,8.995,5.619
0.028,9.231,5.995
0.168,9.654,6.466
0.333,10.330,7.268
0.518,11.250,8.300
0.715,12.360,9.452
0.916,13.601,10.854
1.112,14.901,12.337
1.293,16.174,13.799
1.450,17.330,15.076
1.575,18.273,16.090
1.659,18.922,16.775
1.693,19.182,17.052
1.667,19.182,17.052
1.577,19.182,17.052
1.432,19.016,16.923
1.247,18.448,16.504
1.036,17.530,15.625
0.813,16.353,14.510
0.591,15.032,13.187
0.385,13.694,11.715
0.208,12.476,10.294
0.075,11.526,9.136
-0.000,10.966,8.432
-0.008,10.904,8.352
0.042,10.904,8.352
0.138,10.904,8.352
0.267,11.110,8.553
0.415,11.549,8.904
0.571,12.187,9.560
0.720,12.916,10.320
0.850,13.607,11.010
0.947,14.165,11.560
1.000,14.470,11.898
0.999,14.470,11.898
0.951,14.470,11.898
0.870,14.470,11.898
0.765,14.375,11.806
0.651,14.061,11.626
0.537,13.664,11.279
0.437,13.251,10.877
0.361,12.907,10.523
0.323,12.713,10.338
0.333,12.713,10.338
0.400,12.713,10.338
0.515,12.713,10.367
0.665,13.103,10.598
0.839,13.737,11.171
1.023,14.614,12.044
1.205,15.761,13.300
1.374,16.888,14.541
1.515,17.884,15.651
1.617,18.617,16.452
1.667,18.990,16.849
1.656,18.990,16.849
1.589,18.990,16.849
1.474,18.990,16.820
1.319,18.586,16.583
1.132,17.890,15.956
0.921,16.890,14.983
0.695,15.634,13.786
0.460,14.179,12.243
0.226,12.592,10.437
0.000,10.966,8.432
-0.209,9.379,6.219
-0.391,7.944,3.503
-0.537,6.700,1.142
-0.635,5.645,-0.480
-0.676,5.202,-1.164
-0.650,5.202,-1.164
-0.546,5.202,-1.164
-0.355,5.536,-0.554
-0.065,6.629,1.296
0.333,8.775,4.175
0.842,12.148,8.419
1.434,16.654,13.517
2.075,22.045,18.816
2.730,27.978,24.151
3.364,34.057,30.229
3.943,39.837,36.517
4.430,44.868,41.783
4.792,48.685,45.675
4.994,50.840,47.837
5.000,50.909,47.905
4.790,50.880,47.850
4.394,49.511,46.711
3.859,46.516,43.867
3.230,42.118,39.452
2.551,36.673,34.344
1.868,30.670,29.072
1.227,24.655,23.700
0.671,19.201,17.437
0.247,14.908,12.451
0.000,12.356,9.337
-0.040,11.943,8.807
0.103,11.943,8.807
0.387,12.600,9.392
0.774,14.391,11.264
1.222,17.121,14.149
1.693,20.455,17.815
2.146,23.996,21.454
2.542,27.304,24.592
2.840,29.909,26.954
3.000,31.345,28.219
2.996,31.345,28.219
2.851,31.345,28.219
2.601,30.801,27.828
2.284,29.393,26.508
1.935,27.426,24.645
1.592,25.180,22.332
1.290,22.999,20.086
1.066,21.295,18.361
0.958,20.441,17.493
1.000,20.441,17.493
1.218,20.605,17.622
1.583,21.936,18.779
2.055,24.566,21.295
2.595,28.248,25.137
3.162,32.821,29.500
3.717,38.032,34.065
4.218,42.935,39.491
4.625,47.045,43.883
4.899,49.864,46.827
5.000,50.909,47.905
4.899,50.909,47.905
4.619,50.412,47.557
4.193,48.493,45.742
3.655,45.172,42.506
3.040,40.657,38.043
2.382,35.233,33.059
1.715,29.262,27.858
1.073,23.164,21.984
0.490,17.377,15.335
-0.000,12.356,9.337
-0.369,8.481,3.860
-0.617,5.839,-0.182
-0.751,4.404,-2.403
-0.776,4.135,-2.822
-0.698,4.135,-2.822
-0.525,4.272,-2.507
-0.263,5.147,-1.141
0.083,6.844,1.598
0.506,9.449,5.066
1.000,12.967,9.419
1.555,17.378,14.206
2.147,22.484,19.087
2.749,28.020,24.038
3.335,33.678,29.911
3.878,39.123,35.818
4.351,44.006,40.927
4.726,47.971,44.967
4.977,50.663,47.663
5.078,51.747,48.737
5.000,51.747,48.737
4.729,51.340,48.468
4.295,49.461,46.697
3.740,46.060,43.389
3.107,41.407,38.792
2.436,35.863,33.716
1.771,29.895,28.531
1.152,24.019,22.871
0.623,18.776,16.882
0.225,14.717,12.179
0.000,12.383,9.337
-0.023,12.139,9.026
0.129,12.139,9.026
0.419,12.861,9.664
0.807,14.683,11.553
1.253,17.416,14.450
1.719,20.726,18.081
2.166,24.222,21.667
2.555,27.472,24.747
2.846,30.015,27.052
3.000,31.394,28.270
2.991,31.394,28.270
2.844,31.394,28.270
2.593,30.816,27.858
2.275,29.397,26.514
1.927,27.423,24.647
1.585,25.178,22.331
1.284,23.008,20.096
1.063,21.317,18.385
0.956,20.477,17.531
1.000,20.477,17.531
1.219,20.649,17.665
1.585,21.990,18.833
2.058,24.627,21.358
2.598,28.313,25.205
3.165,32.890,29.567
3.718,38.091,34.085
4.219,42.984,39.506
4.626,47.085,43.893
4.900,49.897,46.832
5.000,50.935,47.905
4.899,50.935,47.905
4.618,50.437,47.556
4.192,48.516,45.739
3.654,45.194,42.501
3.040,40.679,38.038
2.382,35.255,33.055
1.715,29.285,27.855
1.073,23.189,21.981
0.490,17.402,15.334
0.000,12.383,9.337
-0.369,8.496,3.862
-0.617,5.843,-0.180
-0.751,4.407,-2.401
-0.775,4.136,-2.819
-0.698,4.136,-2.819
-0.525,4.274,-2.504
-0.262,5.148,-1.138
0.084,6.846,1.600
0.506,9.450,5.068
1.000,12.968,9.420
1.555,17.378,14.207
2.147,22.484,19.087
2.749,28.020,24.038
3.335,33.678,29.910
3.878,39.123,35.818
4.351,44.006,40.927
4.726,47.970,44.967
4.977,50.663,47.663
5.078,51.747,48.737
5.000,51.747,48.737
4.729,51.340,48.468
4.295,49.461,46.697
3.740,46.060,43.389
3.107,41.407,38.792
2.436,35.863,33.717
1.771,29.895,28.532
1.152,24.019,22.871
0.623,18.776,16.882
0.225,14.717,12.179
0.000,12.383,9.337
-0.023,12.139,9.026
0.129,12.139,9.026
0.419,12.861,9.664
0.807,14.683,11.553
1.253,17.416,14.450
1.719,20.726,18.081
2.166,24.222,21.667
2.555,27.472,24.747
2.846,30.014,27.052
3.000,31.394,28.270
2.991,31.394,28.270
2.844,31.394,28.270
2.593,30.816,27.858
2.275,29.397,26.514
1.927,27.423,24.647
1.585,25.178,22.331
1.284,23.008,20.096
1.063,21.317,18.385
0.956,20.477,17.531
1.000,20.477,17.531
1.219,20.649,17.665
1.585,21.990,18.833
2.058,24.627,21.358
2.598,28.313,25.205
3.165,32.890,29.567
3.718,38.091,34.085
4.219,42.984,39.506
4.626,47.085,43.893
4.900,49.897,46.832
5.000,50.935,47.905
4.899,50.935,47.905
4.618,50.437,47.556
4.192,48.516,45.739
3.654,45.194,42.501
3.040,40.679,38.038
2.382,35.255,33.055
1.715,29.285,27.855
1.073,23.189,21.981
0.490,17.402,15.334
0.000,12.383,9.337
-0.369,8.496,3.862
-0.617,5.843,-0.180
-0.751,4.407,-2.401
-0.775,4.136,-2.819
-0.698,4.136,-2.819
-0.525,4.274,-2.504
-0.262,5.148,-1.138
0.084,6.846,1.600
0.506,9.450,5.068
1.000,12.968,9.420
1.555,17.378,14.207
2.147,22.484,19.087
2.749,28.020,24.038
3.335,33.678,29.910
3.878,39.123,35.818
4.351,44.006,40.927
4.726,47.970,44.967
4.977,50.663,47.663
5.078,51.747,48.737
5.000,51.747,48.737
4.729,51.340,48.468
4.295,49.461,46.697
3.740,46.060,43.389
3.107,41.407,38.792
2.436,35.863,33.717
1.771,29.895,28.532
1.152,24.019,22.871
0.623,18.776,16.882
0.225,14.717,12.179
-0.000,12.383,9.337
-0.023,12.139,9.026
0.129,12.139,9.026
0.419,12.861,9.664
0.807,14.683,11.553
1.253,17.416,14.450
1.719,20.726,18.081
2.166,24.222,21.667
2.555,27.472,24.747
2.846,30.014,27.052
3.000,31.394,28.270
2.991,31.394,28.270
2.844,31.394,28.270
2.593,30.816,27.858
2.275,29.397,26.514
1.927,27.423,24.647
1.585,25.178,22.331
1.284,23.008,20.096
1.063,21.317,18.385
0.956,20.477,17.531
1.000,20.477,17.531
1.219,20.649,17.665
1.585,21.990,18.833
2.058,24.627,21.358
2.598,28.313,25.205
3.165,32.890,29.567
3.718,38.091,34.085
4.219,42.984,39.506
4.626,47.085,43.893
4.900,49.897,46.832
5.000,50.935,47.905
4.899,50.935,47.905
4.618,50.437,47.556
4.192,48.516,45.739
3.654,45.194,42.501
3.040,40.679,38.038
2.382,35.255,33.055
1.715,29.285,27.855
1.073,23.189,21.981
0.490,17.402,15.334
-0.000,12.383,9.337
-0.369,8.496,3.862
-0.617,5.843,-0.180
-0.751,4.407,-2.401
-0.775,4.136,-2.819
-0.698,4.136,-2.819
-0.525,4.274,-2.504
-0.262,5.148,-1.138
0.084,6.846,1.600
0.506,9.450,5.068
1.000,12.968,9.420
1.555,17.378,14.207
2.147,22.484,19.087
2.749,28.020,24.038
3.335,33.678,29.910
3.878,39.123,35.818
4.351,44.006,40.927
4.726,47.970,44.967
4.977,50.663,47.663
5.078,51.747,48.737
5.000,51.747,48.737
4.729,51.340,48.468
4.295,49.461,46.697
3.740,46.060,43.389
3.107,41.407,38.792
2.436,35.863,33.717
1.771,29.895,28.532
1.152,24.019,22.871
0.623,18.776,16.882
0.225,14.717,12.179
0.000,12.383,9.337
-0.023,12.139,9.026
0.129,12.139,9.026
0.419,12.861,9.664
0.807,14.683,11.553
1.253,17.416,14.450
1.719,20.726,18.081
2.166,24.222,21.667
2.555,27.472,24.747
2.846,30.014,27.052
3.000,31.394,28.270
2.991,31.394,28.270
2.844,31.394,28.270
2.593,30.816,27.858
2.275,29.397,26.514
1.927,27.423,24.647
1.585,25.178,22.331
1.284,23.008,20.096
1.063,21.317,18.385
0.956,20.477,17.531
1.000,20.477,17.531
1.219,20.649,17.665
1.585,21.990,18.833
2.058,24.627,21.358
2.598,28.313,25.205
3.165,32.890,29.567
3.718,38.091,34.085
4.219,42.984,39.506
4.626,47.085,43.893
4.900,49.897,46.832
5.000,50.935,47.905
4.899,50.935,47.905
4.618,50.437,47.556
4.192,48.516,45.739
3.654,45.194,42.501
3.040,40.679,38.038
2.382,35.255,33.055
1.715,29.285,27.855
1.073,23.189,21.981
0.490,17.402,15.334
-0.000,12.383,9.337
-0.369,8.496,3.862
-0.617,5.843,-0.180
-0.751,4.407,-2.401
-0.775,4.136,-2.819
-0.698,4.136,-2.819
-0.525,4.274,-2.504
-0.262,5.148,-1.138
0.084,6.846,1.600
0.506,9.450,5.068
1.000,12.968,9.420
1.555,17.378,14.207
2.147,22.484,19.087
2.749,28.020,24.038
3.335,33.678,29.910
3.878,39.123,35.818
4.351,44.006,40.927
4.726,47.970,44.967
4.977,50.663,47.663
5.078,51.747,48.737
5.000,51.747,48.737
4.729,51.340,48.468
4.295,49.461,46.697
3.740,46.060,43.389
3.107,41.407,38.792
2.436,35.863,33.717
1.771,29.895,28.532
1.152,24.019,22.871
0.623,18.776,16.882
0.225,14.717,12.179
-0.000,12.383,9.337
-0.023,12.139,9.026
0.129,12.139,9.026
0.419,12.861,9.664
0.807,14.683,11.553
1.253,17.416,14.450
1.719,20.726,18.081
2.166,24.222,21.667
2.555,27.472,24.747
2.846,30.015,27.052
3.000,31.394,28.270
2.991,31.394,28.270
2.844,31.394,28.270
2.593,30.816,27.858
2.275,29.397,26.514
1.927,27.423,24.647
1.585,25.178,22.331
1.284,23.008,20.096
1.063,21.317,18.385
0.956,20.477,17.531
1.000,20.477,17.531
1.219,20.649,17.665
1.585,21.990,18.833
2.058,24.627,21.358
2.598,28.313,25.205
3.165,32.890,29.567
3.718,38.091,34.085
4.219,42.984,39.506
4.626,47.085,43.893
4.900,49.897,46.832
5.000,50.935,47.905
4.899,50.935,47.905
4.618,50.437,47.556
4.192,48.516,45.739
3.654,45.194,42.501
3.040,40.679,38.038
2.382,35.255,33.055
1.715,29.285,27.855
1.073,23.189,21.981
0.490,17.402,15.334
-0.000,12.383,9.337
-0.369,8.496,3.862
-0.617,5.843,-0.180
-0.751,4.407,-2.400
-0.775,4.136,-2.819
-0.698,4.136,-2.819
-0.525,4.274,-2.504
-0.262,5.148,-1.138
0.084,6.846,1.600
0.506,9.450,5.068
1.000,12.968,9.420
1.555,17.378,14.207
2.147,22.484,19.087
2.749,28.020,24.038
3.335,33.678,29.910
3.878,39.123,35.818
4.351,44.006,40.927
4.726,47.970,44.967
4.977,50.663,47.663
5.078,51.747,48.737
5.000,51.747,48.737
4.729,51.340,48.468
4.295,49.461,46.697
3.740,46.061,43.390
3.107,41.407,38.792
2.436,35.863,33.717
1.771,29.895,28.532
1.152,24.020,22.871
0.623,18.777,16.882
0.225,14.717,12.180
0.000,12.383,9.337
-0.023,12.139,9.025
0.129,12.139,9.025
0.419,12.860,9.664
0.807,14.682,11.552
1.253,17.415,14.449
1.719,20.725,18.079
2.166,24.220,21.666
2.554,27.471,24.746
2.845,30.014,27.051
3.000,31.394,28.270
2.992,31.394,28.270
2.844,31.394,28.270
2.593,30.817,27.859
2.275,29.399,26.517
1.927,27.426,24.650
1.585,25.183,22.336
1.285,23.013,20.101
1.063,21.321,18.388
0.956,20.479,17.533
1.000,20.479,17.533
1.218,20.649,17.666
1.584,21.986,18.830
2.056,24.619,21.350
2.596,28.301,25.192
3.163,32.871,29.550
3.716,38.070,34.062
4.217,42.963,39.484
4.624,47.067,43.874
4.899,49.886,46.821
5.000,50.935,47.905
4.900,50.935,47.905
4.621,50.446,47.564
4.197,48.544,45.763
3.661,45.238,42.546
3.047,40.737,38.095
2.390,35.325,33.117
1.722,29.357,27.917
1.079,23.252,22.054
0.494,17.442,15.380
0.000,12.383,9.337
-0.375,8.437,3.774
-0.629,5.716,-0.375
-0.769,4.209,-2.707
-0.799,3.842,-3.222
-0.726,3.842,-3.222
-0.555,3.963,-2.934
-0.292,4.833,-1.587
0.059,6.550,1.232
0.492,9.217,4.823
1.000,12.852,9.334
1.575,17.452,14.299
2.191,22.797,19.371
2.817,28.596,24.540
3.425,34.506,30.888
3.984,40.152,36.960
4.464,45.149,42.144
4.835,49.097,46.137
5.068,51.611,48.636
5.133,52.315,49.331
5.000,52.315,49.331
4.653,51.437,48.650
4.130,48.784,46.129
3.486,44.438,41.774
2.772,38.818,36.446
2.042,32.448,30.841
1.349,25.959,25.058
0.745,20.018,18.285
0.284,15.321,12.894
0.018,12.558,9.572
0.000,12.371,9.337
0.264,12.547,9.515
0.768,14.582,11.510
1.449,18.824,16.040
2.246,24.918,22.380
3.097,32.294,29.103
3.940,40.241,36.489
4.714,47.974,44.835
5.356,54.748,51.716
5.806,59.717,56.510
6.000,61.895,58.581
5.900,61.895,58.581
5.551,61.144,58.017
5.022,58.504,55.521
4.380,54.223,51.234
3.695,48.862,46.166
3.035,43.162,41.162
2.467,37.928,36.706
2.059,34.020,32.843
1.881,32.272,30.902
2.000,32.272,30.902
2.460,33.553,31.973
3.206,37.872,36.186
4.159,45.084,43.246
5.241,54.609,51.501
6.372,66.099,62.534
7.473,78.854,74.205
8.465,90.695,84.676
9.270,100.511,93.122
9.808,107.138,98.742
10.000,109.504,100.744
9.792,109.481,100.691
9.227,107.264,98.752
8.372,101.771,93.378
7.297,93.084,85.461
6.068,81.712,75.510
4.754,68.373,61.661
3.422,53.927,47.505
2.140,39.322,33.722
0.977,25.566,20.911
0.000,13.691,9.337
-0.737,4.616,-2.167
-1.232,-1.483,-10.542
-1.498,-4.762,-14.956
-1.548,-5.375,-15.769
-1.393,-5.375,-15.769
-1.048,-4.416,-14.256
-0.523,-1.706,-9.789
0.168,3.014,-1.440
1.013,9.815,6.981
2.000,18.727,15.588
3.109,29.640,27.429
4.292,42.093,40.298
5.497,55.449,53.223
6.670,68.987,65.696
7.755,81.939,77.189
8.701,93.496,87.150
9.452,102.748,95.021
9.954,108.942,100.268
10.155,111.415,102.359
10.000,111.415,102.359
9.458,109.559,100.745
8.590,104.138,95.445
7.481,95.246,87.302
6.213,83.528,77.037
4.872,69.897,62.914
3.541,55.440,48.780
2.305,41.339,35.500
1.246,28.842,23.916
0.450,19.212,14.868
-0.000,13.691,9.337
-0.047,13.115,8.710
0.259,13.404,8.983
0.838,15.972,11.555
1.613,21.087,17.158
2.506,28.234,24.289
3.438,36.628,31.713
4.332,45.322,40.727
5.109,53.295,49.073
5.691,59.481,55.290
6.000,62.830,58.581
5.983,62.830,58.581
5.687,62.521,58.373
5.185,60.373,56.381
4.550,56.368,52.447
3.854,51.093,47.352
3.169,45.294,42.191
2.569,39.827,37.530
2.126,35.599,33.561
1.912,33.510,31.236
2.000,33.510,31.236
2.437,34.573,32.092
3.169,38.659,36.060
4.115,45.705,43.012
5.195,55.143,51.230
6.329,66.448,62.083
7.437,78.948,73.824
8.438,90.635,84.388
9.252,100.382,92.937
9.800,107.045,98.656
10.000,109.504,100.744
9.798,109.498,100.700
9.236,107.313,98.801
8.384,101.858,93.462
7.309,93.190,85.553
6.079,81.822,75.630
4.763,68.475,61.763
3.429,54.009,47.583
2.145,39.378,33.773
0.979,25.593,20.936
0.000,13.691,9.337
-0.738,4.597,-2.194
-1.234,-1.516,-10.586
-1.501,-4.801,-15.008
-1.551,-5.415,-15.823
-1.396,-5.415,-15.823
-1.050,-4.454,-14.305
-0.525,-1.738,-9.830
0.167,2.988,-1.466
1.013,9.797,6.965
2.000,18.717,15.579
3.109,29.637,27.434
4.293,42.096,40.306
5.498,55.456,53.232
6.670,68.996,65.706
7.756,81.948,77.198
8.701,93.504,87.157
9.452,102.754,95.027
9.955,108.946,100.272
10.155,111.417,102.361
10.000,111.417,102.361
9.458,109.559,100.746
8.590,104.138,95.445
7.480,95.245,87.301
6.213,83.526,77.035
4.872,69.895,62.911
3.541,55.438,48.778
2.304,41.337,35.498
1.246,28.841,23.915
0.450,19.212,14.868
0.000,13.691,9.337
-0.047,13.116,8.710
0.259,13.404,8.983
0.838,15.972,11.555
1.613,21.088,17.158
2.506,28.235,24.289
3.438,36.629,31.714
4.332,45.323,40.727
5.109,53.295,49.074
5.691,59.481,55.291
6.000,62.830,58.581
5.983,62.830,58.581
5.687,62.521,58.373
5.185,60.373,56.381
4.550,56.368,52.447
3.854,51.093,47.352
3.169,45.294,42.190
2.569,39.827,37.530
2.126,35.599,33.561
1.912,33.510,31.236
2.000,33.510,31.236
2.437,34.573,32.092
3.169,38.659,36.060
4.115,45.705,43.012
5.195,55.143,51.230
6.329,66.448,62.083
7.437,78.948,73.824
8.438,90.635,84.388
9.252,100.382,92.937
9.800,107.045,98.656
10.000,109.504,100.744
9.798,109.498,100.700
9.236,107.313,98.801
8.384,101.858,93.462
7.309,93.190,85.553
6.079,81.822,75.630
4.763,68.475,61.763
3.429,54.009,47.583
2.145,39.378,33.773
0.979,25.593,20.936
0.000,13.691,9.337
-0.738,4.597,-2.194
-1.234,-1.516,-10.586
-1.501,-4.801,-15.008
-1.551,-5.415,-15.823
-1.396,-5.415,-15.823
-1.050,-4.454,-14.305
-0.525,-1.738,-9.830
0.167,2.988,-1.466
1.013,9.797,6.965
2.000,18.717,15.579
3.109,29.637,27.434
4.293,42.096,40.306
5.498,55.456,53.232
6.670,68.996,65.706
7.756,81.948,77.198
8.701,93.504,87.157
9.452,102.754,95.027
9.955,108.946,100.272
10.155,111.417,102.361
10.000,111.417,102.361
9.458,109.559,100.746
8.590,104.138,95.445
7.480,95.245,87.301
6.213,83.526,77.035
4.872,69.895,62.911
3.541,55.438,48.778
2.304,41.337,35.498
1.246,28.841,23.915
0.450,19.212,14.868
-0.000,13.691,9.337
-0.047,13.116,8.710
0.259,13.404,8.983
0.838,15.972,11.555
1.613,21.088,17.158
2.506,28.235,24.289
3.438,36.629,31.714
4.332,45.323,40.727
5.109,53.295,49.074
5.691,59.481,55.291
6.000,62.830,58.581
5.983,62.830,58.581
5.687,62.521,58.373
5.185,60.373,56.381
4.550,56.368,52.447
3.854,51.093,47.352
3.169,45.294,42.190
2.569,39.827,37.530
2.126,35.599,33.561
1.912,33.510,31.236
2.000,33.510,31.236
2.437,34.573,32.092
3.169,38.659,36.060
4.115,45.705,43.012
5.195,55.143,51.230
6.329,66.448,62.083
7.437,78.948,73.824
8.438,90.635,84.388
9.252,100.382,92.937
9.800,107.045,98.656
10.000,109.504,100.744
9.798,109.498,100.700
9.236,107.313,98.801
8.384,101.858,93.462
7.309,93.190,85.553
6.079,81.822,75.630
4.763,68.475,61.763
3.429,54.009,47.583
2.145,39.378,33.773
0.979,25.593,20.936
0.000,13.691,9.337
-0.738,4.597,-2.194
-1.234,-1.516,-10.586
-1.501,-4.801,-15.008
-1.551,-5.415,-15.823
-1.396,-5.415,-15.823
-1.050,-4.454,-14.305
-0.525,-1.738,-9.830
0.167,2.988,-1.466
1.013,9.797,6.965
2.000,18.717,15.579
3.109,29.637,27.434
4.293,42.096,40.306
5.498,55.456,53.232
6.670,68.996,65.706
7.756,81.948,77.198
8.701,93.504,87.157
9.452,102.754,95.027
9.955,108.946,100.272
10.155,111.417,102.361
10.000,111.417,102.361
9.458,109.559,100.746
8.590,104.138,95.445
7.480,95.245,87.301
6.213,83.526,77.035
4.872,69.895,62.911
3.541,55.438,48.778
2.304,41.337,35.498
1.246,28.841,23.915
0.450,19.212,14.868
0.000,13.691,9.337
-0.047,13.116,8.710
0.259,13.404,8.983
0.838,15.972,11.555
1.613,21.088,17.158
2.506,28.235,24.289
3.438,36.629,31.714
4.332,45.323,40.727
5.109,53.295,49.074
5.691,59.481,55.291
6.000,62.830,58.581
5.983,62.830,58.581
5.687,62.521,58.373
5.185,60.373,56.381
4.550,56.368,52.447
3.854,51.093,47.352
3.169,45.294,42.190
2.569,39.827,37.530
2.126,35.599,33.561
1.912,33.510,31.236
2.000,33.510,31.236
2.437,34.573,32.092
3.169,38.659,36.060
4.115,45.705,43.012
5.195,55.143,51.230
6.329,66.448,62.083
7.437,78.948,73.824
8.438,90.635,84.388
9.252,100.382,92.937
9.800,107.045,98.656
10.000,109.504,100.744
9.798,109.498,100.700
9.236,107.313,98.801
8.384,101.858,93.462
7.309,93.190,85.553
6.079,81.822,75.630
4.763,68.475,61.763
3.429,54.009,47.583
2.145,39.378,33.773
0.979,25.593,20.936
-0.000,13.691,9.337
-0.738,4.597,-2.194
-1.234,-1.516,-10.586
-1.501,-4.801,-15.008
-1.551,-5.415,-15.823
-1.396,-5.415,-15.823
-1.050,-4.454,-14.305
-0.525,-1.738,-9.830
0.167,2.988,-1.466
1.013,9.797,6.965
2.000,18.717,15.579
3.109,29.637,27.434
4.293,42.096,40.306
5.498,55.456,53.232
6.670,68.996,65.706
7.756,81.948,77.198
8.701,93.504,87.157
9.452,102.754,95.027
9.955,108.946,100.272
10.155,111.417,102.361
10.000,111.417,102.361
9.458,109.559,100.746
8.590,104.138,95.445
7.480,95.245,87.301
6.213,83.526,77.035
4.872,69.895,62.911
3.541,55.438,48.778
2.304,41.337,35.498
1.246,28.841,23.915
0.450,19.212,14.868
0.000,13.691,9.337
-0.047,13.116,8.710
0.259,13.404,8.983
0.838,15.972,11.555
1.613,21.088,17.158
2.506,28.235,24.289
3.438,36.629,31.714
4.332,45.323,40.727
5.109,53.295,49.074
5.691,59.481,55.291
6.000,62.830,58.581
5.983,62.830,58.581
5.687,62.521,58.373
5.185,60.373,56.381
4.550,56.368,52.447
3.854,51.093,47.352
3.169,45.294,42.190
2.569,39.827,37.530
2.126,35.599,33.561
1.912,33.510,31.236
2.000,33.510,31.236
2.437,34.573,32.092
3.169,38.659,36.060
4.115,45.705,43.012
5.195,55.143,51.230
6.329,66.448,62.083
7.437,78.948,73.824
8.438,90.635,84.388
9.252,100.382,92.937
9.800,107.045,98.656
10.000,109.504,100.744
9.798,109.498,100.700
9.236,107.313,98.801
8.384,101.858,93.463
7.309,93.190,85.553
6.079,81.822,75.630
4.763,68.475,61.763
3.429,54.009,47.583
2.145,39.378,33.773
0.979,25.593,20.936
0.000,13.691,9.337
-0.738,4.596,-2.194
-1.234,-1.516,-10.586
-1.501,-4.801,-15.008
-1.551,-5.415,-15.823
-1.396,-5.415,-15.823
-1.050,-4.454,-14.306
-0.525,-1.738,-9.830
0.167,2.988,-1.467
1.013,9.797,6.965
