0.429,10.303,-7.861
0.424,10.303,-8.718
0.401,10.303,-8.830
0.364,10.303,-10.973
0.318,10.303,-11.268
0.269,10.303,-11.220
0.221,10.281,-11.684
0.179,10.167,-11.898
0.149,10.084,-12.130
0.135,10.047,-12.320
0.143,10.047,-12.448
0.175,10.047,-12.508
0.228,10.047,-12.282
0.296,10.047,-12.125
0.373,10.149,-10.531
0.454,10.404,-6.081
0.533,10.776,-5.093
0.604,11.221,-0.533
0.661,11.582,-2.026
0.700,11.827,-0.812
0.714,11.920,-0.528
0.699,11.920,-0.812
0.659,11.920,-2.895
0.598,11.920,-0.812
0.521,11.920,-8.825
0.434,11.700,-3.474
0.340,11.443,-10.796
0.245,11.087,-11.438
0.153,10.711,-11.438
0.070,10.330,-11.450
0.000,9.979,-11.539
-0.053,9.715,-11.789
-0.088,9.536,-12.151
-0.107,9.428,-12.500
-0.110,9.408,-12.761
-0.099,9.408,-12.922
-0.075,9.408,-12.996
-0.037,9.408,-13.005
0.012,9.408,-12.965
0.073,9.408,-12.890
0.143,9.554,-12.790
0.222,9.771,-12.469
0.307,10.026,-12.136
0.393,10.379,-9.452
0.476,10.723,-5.623
0.554,11.100,-3.878
0.621,11.439,-0.329
0.675,11.708,-0.746
0.711,11.902,-0.470
0.725,11.995,0.867
0.714,11.995,-0.812
0.675,11.995,-2.196
0.613,11.995,-0.812
0.534,11.995,-8.276
0.444,11.772,-3.083
0.348,11.509,-10.763
0.253,11.150,-11.438
0.164,10.788,-11.438
0.089,10.444,-11.446
0.032,10.159,-11.516
-0.000,9.998,-11.727
-0.003,9.981,-12.036
0.019,9.981,-12.320
0.060,9.981,-12.505
0.115,9.981,-12.587
0.179,9.981,-12.572
0.246,10.116,-12.252
0.310,10.291,-12.112
0.365,10.443,-10.900
0.407,10.571,-8.007
0.429,10.662,-9.349
0.428,10.662,-6.140
0.407,10.662,-10.508
0.371,10.662,-7.288
0.325,10.662,-10.845
0.276,10.662,-11.472
0.227,10.655,-11.370
0.184,10.538,-11.710
0.152,10.451,-11.946
0.137,10.409,-12.175
0.143,10.409,-12.348
0.174,10.409,-12.445
0.226,10.409,-12.252
0.294,10.409,-12.109
0.371,10.503,-10.600
0.452,10.756,-6.170
0.531,11.081,-5.089
0.602,11.379,-0.505
0.661,11.671,-1.983
0.700,11.867,-0.812
0.714,11.939,-0.528
0.700,11.939,-0.812
0.659,11.939,-2.877
0.599,11.939,-0.812
0.522,11.939,-8.802
0.434,11.720,-3.455
0.340,11.463,-10.794
0.245,11.107,-11.438
0.153,10.731,-11.438
0.070,10.349,-11.450
0.000,9.998,-11.539
-0.053,9.733,-11.789
-0.088,9.547,-12.150
-0.107,9.438,-12.500
-0.111,9.418,-12.761
-0.100,9.418,-12.922
-0.075,9.418,-12.997
-0.037,9.418,-13.005
0.012,9.418,-12.965
0.073,9.418,-12.890
0.143,9.565,-12.790
0.222,9.782,-12.469
0.307,10.037,-12.136
0.393,10.390,-9.450
0.476,10.734,-5.622
0.554,11.111,-3.877
0.621,11.450,-0.327
0.675,11.719,-0.746
0.711,11.913,-0.471
0.725,11.995,0.866
0.714,11.995,-0.812
0.675,11.995,-2.196
0.613,11.995,-0.812
0.534,11.995,-8.277
0.444,11.772,-3.084
0.348,11.509,-10.763
0.253,11.150,-11.438
0.164,10.787,-11.438
0.089,10.444,-11.446
0.032,10.159,-11.516
-0.000,9.998,-11.727
-0.003,9.981,-12.036
0.019,9.981,-12.320
0.060,9.981,-12.505
0.115,9.981,-12.587
0.179,9.981,-12.572
0.246,10.116,-12.252
0.310,10.291,-12.112
0.365,10.443,-10.900
0.407,10.571,-8.008
0.429,10.662,-9.349
0.428,10.662,-6.141
0.407,10.662,-10.508
0.371,10.662,-7.288
0.325,10.662,-10.845
0.276,10.662,-11.472
0.227,10.655,-11.370
0.184,10.538,-11.710
0.152,10.451,-11.946
0.137,10.409,-12.175
0.143,10.409,-12.348
0.174,10.409,-12.445
0.226,10.409,-12.252
0.294,10.409,-12.109
0.371,10.503,-10.600
0.452,10.756,-6.170
0.531,11.081,-5.089
0.602,11.379,-0.505
0.661,11.671,-1.983
0.700,11.867,-0.812
0.714,11.939,-0.528
0.700,11.939,-0.812
0.659,11.939,-2.877
0.599,11.939,-0.812
0.522,11.939,-8.802
0.434,11.720,-3.455
0.340,11.463,-10.794
0.245,11.107,-11.438
0.153,10.731,-11.438
0.070,10.349,-11.450
-0.000,9.998,-11.539
-0.053,9.733,-11.789
-0.088,9.547,-12.150
-0.107,9.438,-12.500
-0.111,9.418,-12.761
-0.100,9.418,-12.922
-0.075,9.418,-12.997
-0.037,9.418,-13.005
0.012,9.418,-12.965
0.073,9.418,-12.890
0.143,9.565,-12.790
0.222,9.782,-12.469
0.307,10.037,-12.136
0.393,10.390,-9.450
0.476,10.734,-5.622
0.554,11.111,-3.877
0.621,11.450,-0.327
0.675,11.719,-0.746
0.711,11.913,-0.471
0.725,11.995,0.866
0.714,11.995,-0.812
0.675,11.995,-2.196
0.613,11.995,-0.812
0.534,11.995,-8.277
0.444,11.772,-3.084
0.348,11.509,-10.763
0.253,11.150,-11.438
0.164,10.787,-11.438
0.089,10.444,-11.446
0.032,10.159,-11.516
0.000,9.998,-11.727
-0.003,9.981,-12.036
0.019,9.981,-12.320
0.060,9.981,-12.505
0.115,9.981,-12.587
0.179,9.981,-12.572
0.246,10.116,-12.252
0.310,10.291,-12.112
0.365,10.443,-10.900
0.407,10.571,-8.008
0.429,10.662,-9.349
0.428,10.662,-6.141
0.407,10.662,-10.508
0.371,10.662,-7.288
0.325,10.662,-10.845
0.276,10.662,-11.472
0.227,10.655,-11.370
0.184,10.538,-11.710
0.152,10.451,-11.946
0.137,10.409,-12.175
0.143,10.409,-12.348
0.174,10.409,-12.445
0.226,10.409,-12.252
0.294,10.409,-12.109
0.371,10.503,-10.600
0.452,10.756,-6.170
0.531,11.081,-5.089
0.602,11.379,-0.505
0.661,11.671,-1.983
0.700,11.867,-0.812
0.714,11.939,-0.528
0.700,11.939,-0.812
0.659,11.939,-2.877
0.599,11.939,-0.812
0.522,11.939,-8.802
0.434,11.720,-3.455
0.340,11.463,-10.794
0.245,11.107,-11.438
0.153,10.731,-11.438
0.070,10.349,-11.450
0.000,9.998,-11.539
-0.053,9.733,-11.789
-0.088,9.547,-12.150
-0.107,9.438,-12.500
-0.111,9.418,-12.761
-0.100,9.418,-12.922
-0.075,9.418,-12.997
-0.037,9.418,-13.005
0.012,9.418,-12.965
0.073,9.418,-12.890
0.143,9.565,-12.790
0.222,9.782,-12.469
0.307,10.037,-12.136
0.393,10.390,-9.450
0.476,10.734,-5.622
0.554,11.111,-3.877
0.621,11.450,-0.327
0.675,11.719,-0.746
0.711,11.913,-0.471
0.725,11.995,0.866
0.714,11.995,-0.812
0.675,11.995,-2.196
0.613,11.995,-0.812
0.534,11.995,-8.277
0.444,11.772,-3.084
0.348,11.509,-10.763
0.253,11.150,-11.438
0.164,10.787,-11.438
0.089,10.444,-11.446
0.032,10.159,-11.516
0.000,9.998,-11.727
-0.003,9.981,-12.036
0.019,9.981,-12.320
0.060,9.981,-12.505
0.115,9.981,-12.587
0.179,9.981,-12.572
0.246,10.116,-12.252
0.310,10.291,-12.112
0.365,10.443,-10.900
0.407,10.571,-8.008
0.429,10.662,-9.349
0.428,10.662,-6.141
0.407,10.662,-10.508
0.371,10.662,-7.288
0.325,10.662,-10.845
0.276,10.662,-11.472
0.227,10.655,-11.370
0.184,10.538,-11.710
0.152,10.451,-11.946
0.137,10.409,-12.175
0.143,10.409,-12.348
0.174,10.409,-12.445
0.226,10.409,-12.252
0.294,10.409,-12.109
0.371,10.503,-10.600
0.452,10.756,-6.170
0.531,11.081,-5.089
0.602,11.379,-0.505
0.661,11.671,-1.983
0.700,11.867,-0.812
0.714,11.939,-0.528
0.700,11.939,-0.812
0.659,11.939,-2.877
0.599,11.939,-0.812
0.522,11.939,-8.802
0.434,11.720,-3.455
0.340,11.463,-10.794
0.245,11.107,-11.438
0.153,10.731,-11.438
0.070,10.349,-11.450
0.000,9.998,-11.539
-0.053,9.733,-11.789
-0.088,9.547,-12.150
-0.107,9.438,-12.500
-0.111,9.418,-12.761
-0.100,9.418,-12.922
-0.075,9.418,-12.997
-0.037,9.418,-13.005
0.012,9.418,-12.965
0.073,9.418,-12.890
0.143,9.565,-12.790
0.222,9.782,-12.469
0.307,10.037,-12.136
0.393,10.390,-9.450
0.476,10.734,-5.622
0.554,11.111,-3.877
0.621,11.450,-0.327
0.675,11.719,-0.746
0.711,11.913,-0.471
0.725,11.995,0.866
0.714,11.995,-0.812
0.675,11.995,-2.196
0.613,11.995,-0.812
0.534,11.995,-8.277
0.444,11.772,-3.084
0.348,11.509,-10.763
0.253,11.150,-11.438
0.164,10.787,-11.438
0.089,10.444,-11.446
0.032,10.159,-11.516
0.000,9.998,-11.727
-0.003,9.981,-12.036
0.019,9.981,-12.320
0.060,9.981,-12.505
0.115,9.981,-12.587
0.179,9.981,-12.572
0.246,10.116,-12.252
0.310,10.291,-12.112
0.365,10.443,-10.900
0.407,10.571,-8.008
0.429,10.662,-9.349
0.428,10.662,-6.141
0.407,10.662,-10.508
0.371,10.662,-7.288
0.325,10.662,-10.845
0.276,10.662,-11.472
0.227,10.655,-11.370
0.184,10.538,-11.710
0.152,10.451,-11.946
0.137,10.409,-12.175
0.143,10.409,-12.348
0.174,10.409,-12.445
0.226,10.409,-12.252
0.294,10.409,-12.109
0.371,10.503,-10.600
0.452,10.756,-6.170
0.531,11.081,-5.089
0.602,11.379,-0.505
0.661,11.671,-1.983
0.700,11.867,-0.812
0.714,11.939,-0.528
0.700,11.939,-0.812
0.659,11.939,-2.877
0.599,11.939,-0.812
0.522,11.939,-8.802
0.434,11.720,-3.455
0.340,11.463,-10.794
0.245,11.107,-11.438
0.153,10.731,-11.438
0.070,10.349,-11.450
-0.000,9.998,-11.539
-0.053,9.733,-11.789
-0.088,9.547,-12.150
-0.107,9.438,-12.500
-0.111,9.418,-12.761
-0.100,9.418,-12.922
-0.075,9.418,-12.997
-0.037,9.418,-13.005
0.012,9.418,-12.965
0.073,9.418,-12.890
0.143,9.565,-12.790
0.222,9.782,-12.469
0.307,10.037,-12.136
0.393,10.390,-9.450
0.476,10.734,-5.622
0.554,11.111,-3.877
0.621,11.450,-0.327
0.675,11.719,-0.746
0.711,11.913,-0.471
0.725,11.995,0.866
0.714,11.995,-0.812
0.675,11.995,-2.196
0.613,11.995,-0.812
0.534,11.995,-8.277
0.444,11.772,-3.084
0.348,11.509,-10.763
0.253,11.150,-11.438
0.164,10.787,-11.438
0.089,10.444,-11.446
0.032,10.159,-11.516
-0.000,9.998,-11.727
-0.003,9.981,-12.036
0.019,9.981,-12.320
0.060,9.981,-12.505
0.115,9.981,-12.587
0.179,9.981,-12.572
0.246,10.116,-12.252
0.310,10.291,-12.112
0.365,10.443,-10.900
0.407,10.571,-8.008
0.429,10.662,-9.349
0.428,10.662,-6.141
0.407,10.662,-10.508
0.371,10.662,-7.288
0.325,10.662,-10.845
0.276,10.662,-11.472
0.227,10.655,-11.370
0.184,10.538,-11.710
0.152,10.451,-11.946
0.137,10.409,-12.175
0.143,10.409,-12.348
0.174,10.409,-12.445
0.226,10.409,-12.252
0.294,10.409,-12.109
0.371,10.503,-10.600
0.452,10.756,-6.170
0.531,11.081,-5.089
0.602,11.379,-0.505
0.661,11.671,-1.983
0.700,11.867,-0.812
0.714,11.939,-0.528
0.700,11.939,-0.812
0.659,11.939,-2.877
0.599,11.939,-0.812
0.522,11.939,-8.802
0.434,11.720,-3.455
0.340,11.463,-10.794
0.245,11.107,-11.438
0.153,10.731,-11.438
0.070,10.349,-11.450
0.000,9.998,-11.539
-0.053,9.733,-11.789
-0.088,9.547,-12.151
-0.107,9.438,-12.501
-0.111,9.418,-12.764
-0.100,9.418,-12.927
-0.075,9.418,-13.007
-0.037,9.418,-13.026
0.012,9.418,-13.010
0.072,9.418,-12.984
0.143,9.565,-12.989
0.222,9.782,-12.886
0.307,10.037,-12.989
0.393,10.390,-11.133
0.476,10.734,-8.697
0.554,11.112,-9.047
0.621,11.450,-8.120
0.675,11.719,-11.349
0.711,11.914,-13.962
0.725,11.995,-18.192
0.714,11.995,-21.596
0.675,11.995,-32.355
0.613,11.995,-35.368
0.534,11.995,-56.908
0.443,11.771,-67.038
0.347,11.509,-97.965
0.252,11.149,-118.661
0.164,10.786,-142.022
0.089,10.443,-155.716
0.032,10.158,-163.183
0.000,9.998,-167.916
-0.003,9.982,-169.458
0.019,9.982,-171.189
0.061,9.982,-170.836
0.116,9.982,-172.029
0.180,9.982,-170.752
0.247,10.119,-165.377
0.311,10.294,-170.140
0.366,10.446,-161.556
0.407,10.573,-167.894
0.429,10.662,-161.567
0.427,10.662,-167.054
0.405,10.662,-161.572
0.369,10.662,-169.555
0.324,10.662,-161.574
0.275,10.662,-170.346
0.228,10.659,-164.711
0.188,10.550,-170.699
0.161,10.476,-168.768
0.152,10.452,-170.826
0.167,10.452,-169.075
0.209,10.452,-170.582
0.273,10.452,-163.946
0.354,10.455,-169.130
0.444,10.723,-161.574
0.538,11.108,-162.303
0.628,11.509,-161.574
0.710,11.917,-158.076
0.775,12.330,-160.874
0.818,12.620,-157.218
0.833,12.719,-153.231
0.815,12.719,-160.312
0.767,12.719,-157.799
0.696,12.719,-163.584
0.606,12.644,-163.777
0.504,12.364,-163.777
0.394,12.013,-163.777
0.284,11.558,-163.777
0.178,11.071,-163.778
0.081,10.587,-169.826
0.000,10.157,-180.386
-0.061,9.809,-188.602
-0.102,9.575,-194.338
-0.124,9.449,-198.120
-0.128,9.426,-201.343
-0.115,9.426,-207.260
-0.087,9.426,-220.870
-0.043,9.426,-243.989
0.015,9.426,-270.175
0.085,9.462,-292.542
0.167,9.687,-310.615
0.259,9.939,-317.180
0.358,10.327,-320.705
0.458,10.739,-322.517
0.556,11.217,-323.112
0.646,11.670,-319.985
0.725,12.102,-315.409
0.787,12.458,-311.033
0.829,12.697,-308.817
0.846,12.806,-309.031
0.833,12.806,-309.595
0.788,12.806,-311.033
0.716,12.806,-314.776
0.623,12.743,-319.135
0.518,12.454,-323.535
0.406,12.093,-324.802
0.295,11.638,-326.378
0.192,11.165,-327.827
0.104,10.723,-320.327
0.037,10.384,-316.185
0.000,10.170,-312.669
-0.004,10.148,-311.246
0.022,10.148,-312.236
0.070,10.148,-315.267
0.134,10.148,-322.808
0.209,10.183,-328.846
0.287,10.396,-328.882
0.361,10.600,-328.576
0.426,10.818,-328.067
0.474,11.017,-327.519
0.500,11.123,-327.047
0.499,11.123,-326.733
0.474,11.123,-326.609
0.432,11.123,-326.674
0.379,11.123,-326.902
0.321,11.123,-327.254
0.264,11.025,-327.679
0.214,10.888,-328.123
0.177,10.787,-326.990
0.160,10.738,-325.032
0.167,10.738,-326.011
0.203,10.738,-328.755
0.264,10.738,-328.606
0.343,10.738,-328.238
0.433,10.939,-327.670
0.527,11.235,-326.894
0.620,11.636,-323.954
0.703,12.054,-318.344
0.771,12.394,-313.426
0.816,12.637,-309.881
0.833,12.732,-309.487
0.816,12.732,-310.018
0.769,12.732,-312.291
0.698,12.732,-315.563
0.609,12.665,-320.200
0.506,12.385,-323.858
0.397,12.035,-325.030
0.286,11.579,-326.578
0.179,11.090,-327.087
0.082,10.602,-319.295
-0.000,10.170,-313.909
-0.061,9.820,-308.736
-0.103,9.584,-304.838
-0.125,9.458,-302.488
-0.129,9.435,-301.654
-0.116,9.435,-302.187
-0.087,9.435,-303.948
-0.043,9.435,-306.903
0.014,9.435,-310.973
0.085,9.472,-316.207
0.167,9.697,-327.580
0.259,9.950,-329.138
0.358,10.339,-328.909
0.458,10.752,-328.277
0.556,11.230,-327.194
0.646,11.684,-322.932
0.725,12.116,-317.420
0.787,12.472,-312.309
0.829,12.711,-309.742
0.846,12.806,-309.709
0.833,12.806,-310.091
0.788,12.806,-311.375
0.716,12.806,-315.043
0.623,12.743,-319.324
0.517,12.454,-323.697
0.406,12.093,-324.952
0.295,11.638,-326.499
0.192,11.165,-327.911
0.104,10.723,-320.377
0.037,10.384,-316.201
0.000,10.170,-312.669
-0.004,10.148,-311.239
0.022,10.148,-312.228
0.070,10.148,-315.258
0.134,10.148,-322.801
0.209,10.183,-328.830
0.287,10.396,-328.859
0.361,10.600,-328.549
0.426,10.818,-328.035
0.474,11.017,-327.483
0.500,11.123,-327.008
0.499,11.123,-326.691
0.474,11.123,-326.566
0.432,11.123,-326.629
0.379,11.123,-326.857
0.321,11.123,-327.208
0.264,11.025,-327.635
0.214,10.888,-328.082
0.177,10.787,-326.965
0.160,10.738,-325.034
0.167,10.738,-326.085
0.203,10.738,-329.055
0.264,10.738,-329.474
0.343,10.738,-330.514
0.433,10.939,-333.250
0.527,11.235,-339.710
0.620,11.636,-350.903
0.703,12.054,-367.966
0.771,12.394,-391.323
0.816,12.637,-416.001
0.833,12.732,-436.141
0.816,12.732,-448.253
0.769,12.732,-454.671
0.698,12.732,-460.832
0.609,12.665,-465.034
0.506,12.385,-469.216
0.397,12.035,-449.915
0.286,11.579,-422.006
0.179,11.090,-413.039
0.082,10.602,-397.198
0.000,10.170,-388.323
-0.061,9.820,-386.448
-0.103,9.584,-386.925
-0.125,9.458,-391.931
-0.129,9.435,-398.903
-0.116,9.435,-401.228
-0.087,9.435,-403.100
-0.043,9.435,-407.018
0.014,9.435,-412.817
0.085,9.472,-419.820
0.167,9.698,-426.546
0.259,9.950,-434.116
0.358,10.339,-452.878
0.458,10.752,-489.279
0.556,11.230,-537.946
0.646,11.684,-564.482
0.725,12.116,-576.263
0.787,12.472,-581.250
0.829,12.711,-588.681
0.846,12.806,-591.127
0.833,12.806,-579.274
0.788,12.806,-549.883
0.716,12.806,-540.960
0.623,12.743,-546.128
0.517,12.454,-550.563
0.406,12.093,-574.364
0.295,11.638,-551.158
0.192,11.165,-557.295
0.104,10.723,-542.026
0.037,10.384,-529.365
0.000,10.170,-523.366
-0.004,10.148,-523.604
0.022,10.148,-528.825
0.070,10.148,-537.710
0.134,10.148,-548.910
0.209,10.183,-561.085
0.287,10.396,-572.981
0.361,10.600,-580.309
0.426,10.818,-585.692
0.474,11.017,-589.777
0.500,11.123,-591.100
0.499,11.123,-592.404
0.474,11.123,-600.080
0.432,11.123,-614.844
0.379,11.123,-637.919
0.321,11.123,-657.197
0.264,11.025,-667.916
0.214,10.888,-673.508
0.177,10.787,-675.426
0.160,10.738,-676.335
0.167,10.738,-679.780
0.203,10.738,-687.005
0.264,10.738,-699.404
0.343,10.738,-719.488
0.433,10.939,-749.187
0.527,11.235,-766.924
0.620,11.636,-748.015
0.703,12.054,-717.915
0.771,12.394,-676.094
0.816,12.637,-649.093
0.833,12.732,-607.299
0.816,12.732,-546.231
0.769,12.732,-372.708
0.698,12.732,-198.418
0.609,12.665,-171.826
0.506,12.385,-215.623
0.397,12.035,-292.582
0.286,11.579,-402.921
0.179,11.090,-525.505
0.082,10.602,-597.553
0.000,10.170,-644.845
-0.061,9.820,-636.038
-0.103,9.584,-683.292
-0.125,9.458,-680.881
-0.129,9.435,-703.096
-0.116,9.435,-702.368
-0.087,9.435,-706.957
-0.043,9.435,-706.512
0.014,9.435,-707.603
0.085,9.472,-708.451
0.167,9.698,-702.373
0.259,9.950,-686.494
0.358,10.339,-657.621
0.458,10.752,-617.036
0.556,11.230,-583.051
0.646,11.684,-526.893
0.725,12.116,-456.637
0.787,12.472,-362.548
0.829,12.711,-276.898
0.846,12.806,-238.759
0.833,12.806,-244.647
0.788,12.806,-298.084
0.716,12.806,-378.605
0.623,12.743,-467.151
0.517,12.454,-559.233
0.406,12.093,-637.322
0.295,11.638,-686.605
0.192,11.165,-694.015
0.104,10.723,-727.483
0.037,10.384,-717.765
0.000,10.170,-716.693
-0.004,10.148,-712.440
0.022,10.148,-708.133
0.070,10.148,-707.268
0.134,10.148,-702.400
0.209,10.183,-692.258
0.287,10.396,-674.132
0.361,10.600,-648.006
0.426,10.818,-618.052
0.474,11.017,-576.951
0.500,11.123,-525.663
0.499,11.123,-479.930
0.474,11.123,-448.122
0.432,11.123,-435.057
0.379,11.123,-457.451
0.321,11.123,-535.287
0.264,11.025,-616.819
0.214,10.888,-659.522
0.177,10.787,-689.126
0.160,10.738,-701.529
0.167,10.738,-708.299
0.203,10.738,-705.240
0.264,10.738,-694.063
0.343,10.738,-673.526
0.433,10.939,-636.123
0.527,11.235,-579.523
0.620,11.636,-471.417
0.703,12.054,-359.312
0.771,12.394,-236.155
0.816,12.637,-197.619
0.833,12.732,-206.938
0.816,12.732,-258.346
0.769,12.732,-334.581
0.698,12.732,-419.863
0.609,12.665,-503.403
0.506,12.385,-584.142
0.397,12.035,-650.148
0.286,11.579,-693.678
0.179,11.090,-699.654
0.082,10.602,-725.984
0.000,10.170,-715.334
-0.061,9.820,-709.584
-0.103,9.584,-701.659
-0.125,9.458,-699.310
-0.129,9.435,-697.746
-0.116,9.435,-697.716
-0.087,9.435,-698.394
-0.043,9.435,-699.234
0.014,9.435,-699.357
0.085,9.472,-699.958
0.167,9.698,-693.444
0.259,9.950,-678.113
0.358,10.339,-650.833
0.458,10.752,-616.221
0.556,11.230,-581.033
0.646,11.684,-530.525
0.725,12.116,-456.888
0.787,12.472,-377.494
0.829,12.711,-287.667
0.846,12.806,-241.180
0.833,12.806,-242.741
0.788,12.806,-293.104
0.716,12.806,-372.244
0.623,12.743,-460.796
0.517,12.454,-553.474
0.406,12.093,-632.802
0.295,11.638,-684.897
0.192,11.165,-690.201
0.104,10.723,-727.068
0.037,10.384,-716.664
0.000,10.170,-716.878
-0.004,10.148,-712.956
0.022,10.148,-708.411
0.070,10.148,-707.693
0.134,10.148,-702.726
0.209,10.183,-692.570
0.287,10.396,-674.428
0.361,10.600,-648.206
0.426,10.818,-618.180
0.474,11.017,-576.972
0.500,11.123,-525.550
0.499,11.123,-479.787
0.474,11.123,-447.881
0.432,11.123,-434.747
0.379,11.123,-457.102
0.321,11.123,-535.001
0.264,11.025,-616.667
0.214,10.888,-659.431
0.177,10.787,-689.089
0.160,10.738,-701.572
0.167,10.738,-708.363
0.203,10.738,-705.325
0.264,10.738,-694.144
0.343,10.738,-673.603
0.433,10.939,-636.126
0.527,11.235,-579.477
0.620,11.636,-471.295
0.703,12.054,-358.897
0.771,12.394,-236.538
0.816,12.637,-198.183
0.833,12.732,-207.550
0.816,12.732,-258.968
0.769,12.732,-335.259
0.698,12.732,-420.540
0.609,12.665,-504.100
0.506,12.385,-584.796
0.397,12.035,-650.886
0.286,11.579,-694.232
0.179,11.090,-700.233
0.082,10.602,-726.201
-0.000,10.170,-715.469
-0.061,9.820,-709.558
-0.103,9.584,-701.602
-0.125,9.458,-699.269
-0.129,9.435,-697.719
-0.116,9.435,-697.695
-0.087,9.435,-698.377
-0.043,9.435,-699.221
0.014,9.435,-699.343
0.085,9.472,-699.943
0.167,9.698,-693.428
0.259,9.950,-678.097
0.358,10.339,-650.821
0.458,10.752,-616.213
0.556,11.230,-581.016
0.646,11.684,-530.462
0.725,12.116,-456.817
0.787,12.472,-377.397
0.829,12.711,-287.612
0.846,12.806,-241.184
0.833,12.806,-242.785
0.788,12.806,-293.179
0.716,12.806,-372.327
0.623,12.743,-460.874
0.517,12.454,-553.545
0.406,12.093,-632.864
0.295,11.638,-684.930
0.192,11.165,-690.255
0.104,10.723,-727.079
0.037,10.384,-716.681
-0.000,10.170,-716.875
-0.004,10.148,-712.948
0.022,10.148,-708.406
0.070,10.148,-707.686
0.134,10.148,-702.720
0.209,10.183,-692.564
0.287,10.396,-674.423
0.361,10.600,-648.203
0.426,10.818,-618.178
0.474,11.017,-576.971
0.500,11.123,-525.549
0.499,11.123,-479.786
0.474,11.123,-447.882
0.432,11.123,-434.749
0.379,11.123,-457.105
0.321,11.123,-535.003
0.264,11.025,-616.669
0.214,10.888,-659.432
0.177,10.787,-689.090
0.160,10.738,-701.572
0.167,10.738,-708.363
0.203,10.738,-705.324
0.264,10.738,-694.144
0.343,10.738,-673.603
0.433,10.939,-636.129
0.527,11.235,-579.482
0.620,11.636,-471.303
0.703,12.054,-358.919
0.771,12.394,-236.521
0.816,12.637,-198.156
0.833,12.732,-207.521
0.816,12.732,-258.937
0.769,12.732,-335.225
0.698,12.732,-420.505
0.609,12.665,-504.062
0.506,12.385,-584.760
0.397,12.035,-650.850
0.286,11.579,-694.193
0.179,11.090,-700.211
0.082,10.602,-726.190
0.000,10.170,-715.464
-0.061,9.820,-709.558
-0.103,9.584,-701.598
-0.125,9.458,-699.267
-0.129,9.434,-697.714
-0.116,9.434,-697.691
-0.087,9.434,-698.372
-0.043,9.434,-699.222
0.014,9.434,-699.337
0.085,9.472,-699.953
0.167,9.697,-693.440
0.259,9.950,-678.101
0.358,10.340,-650.795
0.459,10.753,-616.147
0.556,11.232,-580.938
0.647,11.686,-530.295
0.725,12.118,-456.564
0.788,12.475,-376.931
0.830,12.713,-287.215
0.846,12.807,-241.009
0.833,12.807,-242.766
0.788,12.807,-293.303
0.715,12.807,-372.545
0.622,12.741,-461.142
0.516,12.451,-553.885
0.404,12.087,-632.968
0.293,11.632,-684.768
0.190,11.158,-690.056
0.102,10.717,-726.854
0.037,10.380,-716.542
0.000,10.171,-716.840
-0.003,10.155,-713.046
0.024,10.155,-708.568
0.074,10.155,-707.801
0.139,10.155,-702.620
0.215,10.202,-691.876
0.293,10.416,-673.076
0.367,10.619,-646.250
0.431,10.840,-615.701
0.477,11.031,-572.464
0.500,11.125,-520.909
0.495,11.125,-475.484
0.465,11.125,-445.602
0.419,11.125,-436.844
0.361,11.125,-468.337
0.300,11.125,-553.511
0.242,10.965,-627.157
0.193,10.830,-666.014
0.159,10.739,-691.788
0.149,10.710,-703.028
0.167,10.710,-708.206
0.219,10.710,-703.568
0.299,10.710,-689.781
0.399,10.847,-662.028
0.511,11.169,-614.096
0.627,11.675,-522.454
0.740,12.242,-389.499
0.842,12.783,-171.373
0.924,13.344,-102.078
0.980,13.737,-93.225
1.000,13.881,-105.584
0.980,13.881,-136.206
0.924,13.881,-190.956
0.839,13.881,-264.441
0.731,13.693,-344.966
0.608,13.356,-416.249
0.477,12.827,-488.960
0.343,12.227,-537.591
0.215,11.582,-560.299
0.098,10.926,-592.290
-0.000,10.367,-605.650
-0.074,9.905,-646.002
-0.124,9.595,-664.065
-0.150,9.428,-685.514
-0.155,9.397,-692.239
-0.140,9.397,-701.101
-0.105,9.397,-704.172
-0.053,9.397,-707.016
0.017,9.397,-707.028
0.101,9.552,-710.181
0.200,9.822,-702.688
0.311,10.216,-681.353
0.429,10.702,-636.498
0.550,11.293,-601.850
0.667,11.897,-558.280
0.776,12.516,-459.016
0.870,13.069,-292.061
0.945,13.539,-107.802
0.995,13.853,-68.477
1.016,13.992,-66.403
1.000,13.992,-79.282
0.946,13.992,-109.302
0.859,13.992,-161.840
0.748,13.807,-236.773
0.621,13.460,-322.476
0.487,12.917,-397.027
0.354,12.314,-476.796
0.230,11.693,-512.725
0.125,11.100,-532.994
0.045,10.646,-563.289
-0.000,10.380,-582.775
-0.005,10.351,-625.222
0.026,10.351,-658.953
0.084,10.351,-697.476
0.161,10.351,-718.644
0.251,10.503,-751.616
0.344,10.758,-743.270
0.433,11.054,-708.225
0.511,11.374,-662.499
0.569,11.613,-622.251
0.600,11.744,-481.384
0.598,11.744,-333.346
0.569,11.744,-128.503
0.519,11.744,-94.143
0.455,11.744,-124.221
0.385,11.704,-179.140
0.317,11.516,-261.515
0.257,11.352,-369.824
0.213,11.231,-476.745
0.191,11.160,-537.988
0.200,11.160,-601.110
0.244,11.160,-662.387
0.317,11.160,-678.406
0.412,11.216,-754.473
0.520,11.511,-774.622
0.633,11.909,-758.988
0.744,12.465,-675.295
0.844,13.001,-590.131
0.925,13.465,-392.445
0.980,13.778,-156.643
1.000,13.894,-48.680
0.980,13.894,-30.447
0.924,13.894,-40.939
0.838,13.894,-61.481
0.731,13.705,-99.769
0.608,13.368,-161.179
0.476,12.839,-243.793
0.343,12.239,-335.733
0.215,11.594,-440.393
0.098,10.939,-482.346
0.000,10.380,-506.493
-0.074,9.919,-516.746
-0.123,9.609,-550.289
-0.150,9.442,-574.308
-0.155,9.411,-609.354
-0.140,9.411,-635.426
-0.105,9.411,-665.934
-0.052,9.411,-694.949
0.017,9.411,-717.113
0.101,9.565,-731.541
0.200,9.835,-739.026
0.311,10.230,-724.101
0.429,10.716,-677.645
0.550,11.306,-635.060
0.667,11.910,-580.736
0.776,12.529,-425.305
0.870,13.082,-226.735
0.945,13.552,-73.516
0.995,13.866,-43.588
1.016,13.991,-45.580
1.000,13.991,-57.589
0.946,13.991,-83.149
0.859,13.991,-127.762
0.748,13.807,-194.817
0.621,13.460,-278.224
0.487,12.917,-359.709
0.354,12.314,-444.867
0.230,11.693,-493.448
0.125,11.100,-516.788
0.045,10.646,-530.079
-0.000,10.380,-562.592
-0.005,10.351,-587.962
0.026,10.351,-632.968
0.084,10.351,-668.613
0.161,10.351,-706.291
0.251,10.503,-739.547
0.344,10.758,-760.230
0.433,11.054,-740.561
0.511,11.374,-686.564
0.569,11.613,-655.934
0.600,11.744,-576.067
0.598,11.744,-406.348
0.569,11.744,-195.313
0.519,11.744,-133.527
0.455,11.744,-168.026
0.385,11.704,-232.251
0.317,11.516,-328.135
0.257,11.352,-450.042
0.213,11.231,-546.260
0.191,11.160,-616.398
0.200,11.160,-676.089
0.244,11.160,-677.896
0.317,11.160,-748.591
0.412,11.216,-764.030
0.520,11.511,-751.367
0.633,11.909,-673.930
0.744,12.465,-593.481
0.844,13.001,-396.973
0.925,13.465,-159.429
0.980,13.778,-48.620
1.000,13.894,-30.358
0.980,13.894,-36.936
0.924,13.894,-52.502
0.838,13.894,-83.356
0.731,13.705,-135.404
0.608,13.368,-209.996
0.476,12.839,-297.475
0.343,12.239,-391.345
0.215,11.594,-470.077
0.098,10.939,-496.822
-0.000,10.380,-512.654
-0.074,9.919,-534.439
-0.123,9.609,-556.738
-0.150,9.442,-588.348
-0.155,9.411,-618.738
-0.140,9.411,-649.039
-0.105,9.411,-677.799
-0.052,9.411,-704.821
0.017,9.411,-719.811
0.101,9.565,-732.053
0.200,9.835,-732.562
0.311,10.230,-716.275
0.429,10.716,-667.841
0.550,11.306,-628.438
0.667,11.910,-567.392
0.776,12.529,-412.407
0.870,13.082,-236.294
0.945,13.552,-78.334
0.995,13.866,-50.262
1.016,13.991,-52.357
1.000,13.991,-66.001
0.946,13.991,-94.435
0.859,13.991,-143.526
0.748,13.807,-214.969
0.621,13.460,-300.345
0.487,12.917,-378.981
0.354,12.314,-461.764
0.230,11.693,-503.261
0.125,11.100,-524.040
0.045,10.646,-540.845
-0.000,10.380,-571.175
-0.005,10.351,-601.526
0.026,10.351,-644.565
0.084,10.351,-680.667
0.161,10.351,-712.955
0.251,10.503,-746.663
0.344,10.758,-753.833
0.433,11.054,-726.923
0.511,11.374,-676.849
0.569,11.613,-642.959
0.600,11.744,-536.105
0.598,11.744,-365.567
0.569,11.744,-151.981
0.519,11.744,-90.701
0.455,11.744,-115.430
0.385,11.704,-164.677
0.317,11.516,-241.774
0.257,11.352,-345.992
0.213,11.231,-461.514
0.191,11.160,-530.946
0.200,11.160,-595.650
0.244,11.160,-664.838
0.317,11.160,-672.670
0.412,11.216,-754.881
0.520,11.511,-774.443
0.633,11.909,-760.465
0.744,12.465,-674.131
0.844,13.001,-583.660
0.925,13.465,-384.119
0.980,13.778,-149.308
1.000,13.894,-46.142
0.980,13.894,-30.288
0.924,13.894,-40.934
0.838,13.894,-61.702
0.731,13.705,-100.224
0.608,13.368,-161.890
0.476,12.839,-244.669
0.343,12.239,-336.714
0.215,11.594,-441.055
0.098,10.939,-482.518
0.000,10.380,-506.314
-0.074,9.919,-516.426
-0.123,9.609,-549.538
-0.150,9.442,-573.641
-0.155,9.411,-608.632
-0.140,9.411,-634.884
-0.105,9.411,-665.419
-0.052,9.411,-694.705
0.017,9.411,-717.012
0.101,9.565,-731.596
0.200,9.835,-739.265
0.311,10.230,-724.398
0.429,10.716,-678.005
0.550,11.306,-635.367
0.667,11.910,-581.461
0.776,12.529,-426.768
0.870,13.082,-228.025
0.945,13.552,-74.023
0.995,13.866,-43.784
1.016,13.991,-45.719
1.000,13.991,-57.723
0.946,13.991,-83.307
0.859,13.991,-127.972
0.748,13.807,-195.080
0.621,13.460,-278.517
0.487,12.917,-359.980
0.354,12.314,-445.130
0.230,11.693,-493.628
0.125,11.100,-516.962
0.045,10.646,-530.290
-0.000,10.380,-562.876
-0.005,10.351,-588.304
0.026,10.351,-633.326
0.084,10.351,-668.937
0.161,10.351,-706.514
0.251,10.503,-739.790
0.344,10.758,-760.075
0.433,11.054,-740.188
0.511,11.374,-686.308
0.569,11.613,-655.589
0.600,11.744,-574.931
0.598,11.744,-404.806
0.569,11.744,-193.951
0.519,11.744,-142.336
0.455,11.744,-178.362
0.385,11.704,-245.119
0.317,11.516,-343.608
0.257,11.352,-466.115
0.213,11.231,-557.750
0.191,11.160,-628.770
0.200,11.160,-676.210
0.244,11.160,-688.833
0.317,11.160,-750.585
0.412,11.216,-763.229
0.520,11.511,-745.448
0.633,11.909,-662.351
0.744,12.465,-572.438
0.844,13.001,-370.543
0.925,13.465,-139.586
0.980,13.778,-44.053
1.000,13.894,-42.083
0.980,13.894,-48.740
0.924,13.894,-68.110
0.838,13.894,-103.976
0.731,13.705,-162.898
0.608,13.368,-244.945
0.476,12.839,-333.089
0.343,12.239,-425.154
0.215,11.594,-485.924
0.098,10.939,-509.827
0.000,10.380,-522.203
-0.074,9.919,-550.090
-0.123,9.609,-571.527
-0.150,9.442,-605.901
-0.155,9.411,-631.936
-0.140,9.411,-661.734
-0.105,9.411,-686.029
-0.052,9.411,-708.581
0.017,9.411,-718.620
0.101,9.565,-729.436
0.200,9.835,-727.506
0.311,10.230,-710.170
0.429,10.716,-661.465
0.550,11.306,-623.751
0.667,11.910,-560.497
0.776,12.529,-410.941
0.870,13.082,-247.878
0.945,13.552,-83.322
0.995,13.866,-53.700
1.016,13.991,-55.544
1.000,13.991,-69.561
0.946,13.991,-98.871
0.859,13.991,-149.389
0.748,13.807,-222.185
0.621,13.460,-307.935
0.487,12.917,-385.309
0.354,12.314,-467.118
0.230,11.693,-506.414
0.125,11.100,-526.081
0.045,10.646,-547.703
0.000,10.380,-573.063
-0.005,10.351,-607.501
0.026,10.351,-648.042
0.084,10.351,-685.402
0.161,10.351,-714.504
0.251,10.503,-748.508
0.344,10.758,-751.102
0.433,11.054,-721.942
0.511,11.374,-673.014
0.569,11.613,-637.939
0.600,11.744,-522.411
0.598,11.744,-355.775
0.569,11.744,-144.378
0.519,11.744,-90.798
0.455,11.744,-117.034
0.385,11.704,-167.445
0.317,11.516,-245.572
0.257,11.352,-350.550
0.213,11.231,-464.740
0.191,11.160,-531.757
0.200,11.160,-595.995
0.244,11.160,-663.828
0.317,11.160,-673.341
0.412,11.216,-754.212
0.520,11.511,-774.538
0.633,11.909,-760.648
0.744,12.465,-675.229
0.844,13.001,-586.883
0.925,13.465,-388.287
0.980,13.778,-153.102
1.000,13.894,-47.627
0.980,13.894,-30.170
0.924,13.894,-40.869
0.838,13.894,-61.574
0.731,13.705,-100.107
0.608,13.368,-161.792
0.476,12.839,-244.590
0.343,12.239,-336.752
0.215,11.594,-441.161
0.098,10.939,-482.639
0.000,10.380,-506.547
-0.074,9.919,-516.877
-0.123,9.609,-550.134
-0.150,9.442,-574.263
-0.155,9.411,-609.268
-0.140,9.411,-635.460
-0.105,9.411,-665.969
-0.052,9.411,-695.039
0.017,9.411,-717.150
0.101,9.565,-731.578
0.200,9.835,-738.994
0.311,10.230,-724.058
0.429,10.716,-677.580
0.550,11.306,-635.023
0.667,11.910,-580.706
0.776,12.529,-425.407
0.870,13.082,-227.116
0.945,13.552,-73.682
0.995,13.866,-43.745
1.016,13.991,-45.728
1.000,13.991,-57.768
0.946,13.991,-83.387
0.859,13.991,-128.098
0.748,13.807,-195.252
0.621,13.460,-278.715
0.487,12.917,-360.151
0.354,12.314,-445.264
0.230,11.693,-493.682
0.125,11.100,-516.985
0.045,10.646,-530.273
0.000,10.380,-562.842
-0.005,10.351,-588.271
0.026,10.351,-633.285
0.084,10.351,-668.908
0.161,10.351,-706.490
0.251,10.503,-739.767
0.344,10.758,-760.090
0.433,11.054,-740.222
0.511,11.374,-686.332
0.569,11.613,-655.627
0.600,11.744,-575.083
0.598,11.744,-405.019
0.569,11.744,-194.195
0.519,11.744,-141.583
0.455,11.744,-177.488
0.385,11.704,-244.045
0.317,11.516,-342.337
0.257,11.352,-464.834
0.213,11.231,-556.880
0.191,11.160,-627.840
0.200,11.160,-676.213
0.244,11.160,-687.982
0.317,11.160,-750.359
0.412,11.216,-763.350
0.520,11.511,-745.942
0.633,11.909,-663.289
0.744,12.465,-574.116
0.844,13.001,-372.543
0.925,13.465,-138.551
0.980,13.778,-41.913
1.000,13.894,-39.707
0.980,13.894,-45.405
0.924,13.894,-63.223
0.838,13.894,-96.089
0.731,13.705,-151.080
0.608,13.368,-229.898
0.476,12.839,-318.147
0.343,12.239,-410.562
0.215,11.594,-479.007
0.098,10.939,-503.458
-0.000,10.380,-516.978
-0.074,9.919,-542.065
-0.123,9.609,-563.684
-0.150,9.442,-597.109
-0.155,9.411,-624.656
-0.140,9.411,-655.048
-0.105,9.411,-681.645
-0.052,9.411,-706.769
0.017,9.411,-719.401
0.101,9.565,-730.895
0.200,9.835,-730.256
0.311,10.230,-713.529
0.429,10.716,-664.958
0.550,11.306,-626.365
0.667,11.910,-564.214
0.776,12.529,-411.187
0.870,13.082,-241.128
0.945,13.552,-80.411
0.995,13.866,-51.779
1.016,13.991,-53.787
1.000,13.991,-67.623
0.946,13.991,-96.478
0.859,13.991,-146.247
0.748,13.807,-218.339
0.621,13.460,-303.916
0.487,12.917,-381.973
0.354,12.314,-464.300
0.230,11.693,-504.752
0.125,11.100,-524.977
0.045,10.646,-543.774
0.000,10.380,-572.102
-0.005,10.351,-604.117
0.026,10.351,-646.197
0.084,10.351,-682.782
0.161,10.351,-713.681
0.251,10.502,-747.544
0.344,10.758,-752.603
0.433,11.054,-724.671
0.511,11.373,-675.109
0.569,11.612,-640.676
0.600,11.744,-529.830
0.598,11.744,-360.847
0.569,11.744,-148.332
0.519,11.744,-90.778
0.455,11.744,-116.448
0.386,11.704,-166.251
0.317,11.517,-243.839
0.257,11.352,-348.429
0.213,11.231,-463.344
0.191,11.160,-531.690
0.200,11.160,-596.311
0.244,11.160,-664.547
0.317,11.160,-673.180
0.411,11.215,-754.640
0.519,11.510,-774.441
0.632,11.906,-760.427
0.743,12.461,-674.521
0.843,12.997,-584.925
0.925,13.462,-385.754
0.980,13.776,-150.773
1.000,13.894,-46.718
0.980,13.894,-30.163
0.925,13.894,-40.770
0.840,13.894,-61.399
0.733,13.711,-99.784
0.610,13.375,-161.273
0.479,12.850,-243.918
0.346,12.252,-335.580
0.217,11.605,-440.203
0.099,10.947,-482.289
0.000,10.380,-506.132
-0.076,9.908,-515.730
-0.127,9.586,-548.885
-0.155,9.412,-572.794
-0.160,9.380,-608.106
-0.143,9.380,-634.815
-0.104,9.380,-666.183
-0.045,9.380,-696.823
0.034,9.380,-719.322
0.133,9.634,-737.287
0.250,9.969,-740.689
0.384,10.520,-717.689
0.529,11.198,-660.492
0.678,11.973,-617.369
0.825,12.807,-534.971
0.961,13.651,-329.041
1.080,14.452,-118.666
1.176,15.160,-50.253
1.241,15.642,-42.838
1.268,15.842,-44.471
1.250,15.842,-54.073
1.183,15.842,-72.735
1.076,15.842,-103.962
0.937,15.485,-153.814
0.779,14.930,-223.727
0.611,14.190,-305.416
0.445,13.337,-384.423
0.290,12.453,-464.351
0.157,11.634,-493.447
0.057,11.004,-510.105
0.000,10.623,-522.680
-0.006,10.582,-549.485
0.032,10.582,-578.656
0.104,10.582,-628.081
0.201,10.602,-674.519
0.313,10.907,-714.551
0.429,11.275,-775.366
0.541,11.735,-767.006
0.638,12.175,-719.186
0.711,12.541,-692.250
0.750,12.735,-637.981
0.748,12.735,-545.874
0.711,12.735,-354.621
0.648,12.735,-139.986
0.569,12.735,-72.058
0.482,12.548,-88.303
0.396,12.314,-129.291
0.321,12.069,-196.161
0.266,11.841,-287.636
0.239,11.732,-402.083
0.250,11.732,-491.943
0.305,11.732,-556.283
0.396,11.732,-629.306
0.514,11.938,-694.997
0.649,12.322,-745.084
0.791,12.941,-773.411
0.930,13.729,-711.820
1.055,14.477,-596.894
1.157,15.113,-403.780
1.225,15.555,-194.309
1.250,15.723,-68.680
1.225,15.723,-38.917
1.155,15.723,-47.278
1.048,15.718,-66.209
0.914,15.350,-104.877
0.760,14.806,-168.628
0.595,14.080,-252.012
0.429,13.228,-339.352
0.268,12.313,-442.183
0.122,11.412,-483.980
0.000,10.623,-503.664
-0.092,10.004,-504.897
-0.154,9.580,-533.194
-0.188,9.343,-554.472
-0.194,9.299,-593.642
-0.175,9.299,-630.842
-0.131,9.299,-669.254
-0.066,9.299,-702.927
0.021,9.339,-723.677
0.127,9.629,-738.885
0.250,10.027,-738.782
0.389,10.596,-713.092
0.537,11.323,-655.791
0.687,12.135,-612.347
0.834,12.986,-518.036
0.970,13.834,-308.285
1.088,14.610,-108.932
1.182,15.240,-43.819
1.244,15.676,-37.093
1.269,15.855,-39.643
1.250,15.855,-49.261
1.182,15.855,-67.608
1.074,15.855,-97.928
0.935,15.487,-146.401
0.777,14.926,-213.607
0.609,14.182,-293.087
0.443,13.329,-372.522
0.288,12.447,-457.442
0.156,11.630,-489.096
0.056,11.002,-507.412
0.000,10.625,-516.084
-0.006,10.585,-546.363
0.032,10.585,-572.068
0.105,10.585,-621.150
0.202,10.606,-668.169
0.313,10.912,-709.460
0.430,11.279,-771.984
0.542,11.738,-770.237
0.639,12.178,-728.665
0.711,12.543,-697.129
0.750,12.737,-649.696
0.748,12.737,-574.193
0.711,12.737,-388.844
0.648,12.737,-158.787
0.569,12.737,-72.196
0.482,12.550,-86.624
0.396,12.316,-123.301
0.321,12.071,-184.083
0.266,11.843,-271.029
0.239,11.733,-383.088
0.250,11.733,-481.987
0.305,11.733,-548.964
0.396,11.733,-621.716
0.514,11.940,-691.595
0.649,12.324,-734.674
0.791,12.943,-768.516
0.930,13.731,-721.500
1.055,14.478,-606.667
1.157,15.115,-429.211
1.225,15.556,-229.385
1.250,15.724,-85.617
1.225,15.724,-47.829
1.155,15.724,-58.266
1.048,15.719,-81.524
0.914,15.351,-126.410
0.760,14.807,-197.691
0.595,14.081,-285.845
0.429,13.230,-374.698
0.268,12.314,-469.673
0.122,11.413,-497.169
0.000,10.625,-510.674
-0.092,10.006,-527.258
-0.154,9.580,-546.866
-0.188,9.344,-579.011
-0.194,9.299,-617.878
-0.175,9.299,-655.664
-0.131,9.299,-687.490
-0.066,9.299,-712.140
0.021,9.340,-722.486
0.127,9.629,-733.600
0.250,10.027,-728.473
0.389,10.597,-699.583
0.537,11.323,-642.614
0.687,12.135,-597.312
0.834,12.986,-484.770
0.970,13.835,-269.422
1.088,14.611,-89.792
1.182,15.240,-38.947
1.244,15.677,-34.352
1.269,15.855,-37.797
1.250,15.855,-47.824
1.182,15.855,-66.250
1.074,15.855,-96.411
0.935,15.487,-144.485
0.777,14.926,-210.771
0.609,14.182,-289.313
0.443,13.329,-368.487
0.288,12.447,-454.246
0.156,11.630,-486.934
0.056,11.002,-505.609
0.000,10.625,-512.916
-0.006,10.585,-542.886
0.032,10.585,-567.101
0.105,10.585,-614.370
0.202,10.606,-662.162
0.313,10.912,-704.617
0.430,11.279,-767.000
0.542,11.738,-772.922
0.639,12.178,-737.504
0.711,12.543,-698.422
0.750,12.737,-664.534
0.748,12.737,-594.684
0.711,12.737,-425.067
0.648,12.737,-182.730
0.569,12.737,-60.774
0.482,12.550,-61.982
0.396,12.316,-86.862
0.321,12.071,-130.585
0.266,11.843,-198.541
0.239,11.733,-289.283
0.250,11.733,-399.543
0.305,11.733,-486.319
0.396,11.733,-549.378
0.514,11.940,-614.743
0.649,12.324,-688.388
0.791,12.943,-730.173
0.930,13.731,-749.412
1.055,14.478,-685.596
1.157,15.115,-541.883
1.225,15.556,-357.846
1.250,15.724,-165.127
1.225,15.724,-66.069
1.155,15.724,-51.239
1.048,15.719,-68.599
0.914,15.351,-106.154
0.760,14.807,-171.282
0.595,14.081,-258.840
0.429,13.230,-350.698
0.268,12.314,-455.201
0.122,11.413,-489.927
0.000,10.625,-505.977
-0.092,10.006,-517.193
-0.154,9.580,-538.009
-0.188,9.344,-564.531
-0.194,9.299,-603.354
-0.175,9.299,-640.092
-0.131,9.299,-676.182
-0.066,9.299,-706.832
0.021,9.340,-723.566
0.127,9.629,-737.042
0.250,10.027,-734.922
0.389,10.597,-707.897
0.537,11.323,-650.821
0.687,12.135,-606.389
0.834,12.986,-507.426
0.970,13.835,-294.081
1.088,14.611,-101.617
1.182,15.240,-41.781
1.244,15.677,-35.822
1.269,15.855,-38.667
1.250,15.855,-48.357
1.182,15.855,-66.599
1.074,15.855,-96.664
0.935,15.487,-144.790
0.777,14.926,-211.482
0.609,14.182,-290.508
0.443,13.329,-369.842
0.288,12.447,-455.437
0.156,11.630,-487.856
0.056,11.002,-506.497
0.000,10.625,-514.428
-0.006,10.585,-544.782
0.032,10.585,-569.691
0.105,10.585,-618.047
0.202,10.606,-665.380
0.313,10.912,-707.274
0.430,11.279,-769.795
0.542,11.738,-771.560
0.639,12.178,-732.787
0.711,12.543,-697.682
0.750,12.737,-656.593
0.748,12.737,-587.441
0.711,12.737,-406.733
0.648,12.737,-166.306
0.569,12.737,-55.568
0.482,12.550,-60.759
0.396,12.316,-85.794
0.321,12.071,-129.462
0.266,11.843,-197.201
0.239,11.733,-287.466
0.250,11.733,-397.351
0.305,11.733,-484.098
0.396,11.733,-546.390
0.514,11.940,-610.087
0.649,12.324,-682.505
0.791,12.943,-726.857
0.930,13.731,-748.503
1.055,14.478,-693.653
1.157,15.115,-545.320
1.225,15.556,-356.042
1.250,15.724,-164.586
1.225,15.724,-66.649
1.155,15.724,-51.587
1.048,15.719,-69.343
0.914,15.351,-107.516
0.760,14.807,-173.285
0.595,14.081,-261.149
0.429,13.230,-352.929
0.268,12.314,-457.313
0.122,11.413,-490.768
0.000,10.625,-506.506
-0.092,10.006,-520.016
-0.154,9.580,-538.723
-0.188,9.344,-566.279
-0.194,9.299,-604.783
-0.175,9.299,-641.581
-0.131,9.299,-677.213
-0.066,9.299,-707.325
0.021,9.340,-723.482
0.127,9.629,-736.717
0.250,10.027,-734.353
0.389,10.597,-707.165
0.537,11.323,-650.070
0.687,12.135,-605.516
0.834,12.986,-506.164
0.970,13.835,-292.445
1.088,14.611,-100.800
1.182,15.240,-41.576
1.244,15.677,-35.700
1.269,15.855,-38.575
