-3.968,-54.312,-55.019
-3.994,-54.312,-55.019
-4.023,-54.312,-55.019
-4.051,-54.312,-55.019
-4.079,-54.312,-55.019
-4.105,-54.371,-55.019
-4.127,-54.432,-55.019
-4.144,-54.478,-55.019
-4.155,-54.508,-55.034
-4.158,-54.517,-55.042
-4.152,-54.517,-55.042
-4.136,-54.517,-55.042
-4.112,-54.517,-55.042
-4.081,-54.517,-55.042
-4.045,-54.517,-55.042
-4.005,-54.517,-55.042
-3.963,-54.517,-54.973
-3.921,-54.415,-54.600
-3.880,-54.282,-54.237
-3.842,-53.946,-53.902
-3.809,-53.652,-53.609
-3.782,-53.412,-53.370
-3.761,-53.223,-53.181
-3.744,-53.078,-53.036
-3.732,-52.970,-52.928
-3.724,-52.892,-52.851
-3.718,-52.839,-52.799
-3.714,-52.804,-52.765
-3.711,-52.780,-52.741
-3.709,-52.761,-52.723
-3.707,-52.740,-52.702
-3.704,-52.712,-52.675
-3.700,-52.676,-52.640
-3.695,-52.634,-52.598
-3.690,-52.586,-52.552
-3.684,-52.533,-52.500
-3.678,-52.477,-52.446
-3.672,-52.419,-52.389
-3.665,-52.360,-52.330
-3.659,-52.300,-52.272
-3.652,-52.240,-52.214
-3.646,-52.182,-52.156
-3.639,-52.122,-52.098
-3.632,-52.059,-52.036
-3.624,-51.988,-51.967
-3.615,-51.907,-51.887
-3.605,-51.813,-51.796
-3.593,-51.704,-51.688
-3.579,-51.575,-51.563
-3.562,-51.425,-51.415
-3.543,-51.250,-51.244
-3.521,-51.049,-51.049
-3.498,-50.836,-50.844
-3.476,-50.631,-50.647
-3.456,-50.451,-50.474
-3.442,-50.314,-50.343
-3.434,-50.239,-50.270
-3.434,-50.239,-50.270
-3.445,-50.239,-50.270
-3.468,-50.239,-50.270
-3.506,-50.239,-50.270
-3.559,-50.239,-50.270
-3.624,-50.239,-50.295
-3.697,-50.412,-50.458
-3.773,-50.621,-50.629
-3.849,-50.849,-50.869
-3.919,-51.139,-51.124
-3.981,-51.391,-51.376
-4.029,-51.588,-51.574
-4.059,-51.735,-51.698
-4.067,-51.776,-51.731
-4.050,-51.776,-51.731
-4.012,-51.776,-51.731
-3.957,-51.776,-51.731
-3.890,-51.776,-51.731
-3.816,-51.637,-51.572
-3.739,-51.427,-51.399
-3.665,-51.219,-51.175
-3.597,-50.941,-50.943
-3.541,-50.710,-50.712
-3.501,-50.546,-50.548
-3.481,-50.464,-50.465
-3.479,-50.454,-50.456
-3.491,-50.454,-50.456
-3.514,-50.454,-50.456
-3.544,-50.454,-50.456
-3.579,-50.454,-50.456
-3.615,-50.454,-50.456
-3.648,-50.454,-50.456
-3.675,-50.454,-50.493
-3.693,-50.494,-50.534
-3.699,-50.511,-50.548
-3.695,-50.511,-50.548
-3.684,-50.511,-50.548
-3.667,-50.511,-50.548
-3.647,-50.511,-50.548
-3.627,-50.511,-50.548
-3.608,-50.511,-50.548
-3.594,-50.511,-50.548
-3.587,-50.511,-50.548
-3.589,-50.511,-50.548
-3.602,-50.511,-50.548
-3.623,-50.511,-50.548
-3.648,-50.511,-50.548
-3.674,-50.511,-50.548
-3.698,-50.511,-50.548
-3.716,-50.557,-50.586
-3.724,-50.580,-50.604
-3.719,-50.580,-50.604
-3.697,-50.580,-50.604
-3.655,-50.580,-50.604
-3.590,-50.580,-50.604
-3.506,-50.530,-50.518
-3.407,-49.997,-50.038
-3.299,-48.986,-49.056
-3.185,-47.911,-47.927
-3.070,-46.821,-46.804
-2.959,-45.760,-45.730
-2.857,-44.769,-44.742
-2.767,-43.903,-43.860
-2.696,-43.205,-43.156
-2.646,-42.711,-42.662
-2.616,-42.412,-42.363
-2.602,-42.283,-42.234
-2.604,-42.283,-42.234
-2.617,-42.283,-42.234
-2.640,-42.283,-42.234
-2.669,-42.283,-42.234
-2.702,-42.283,-42.234
-2.737,-42.283,-42.234
-2.770,-42.283,-42.234
-2.800,-42.283,-42.274
-2.826,-42.348,-42.333
-2.849,-42.411,-42.384
-2.869,-42.465,-42.429
-2.886,-42.512,-42.467
-2.901,-42.552,-42.500
-2.913,-42.585,-42.527
-2.923,-42.614,-42.551
-2.932,-42.637,-42.570
-2.939,-42.657,-42.586
-2.945,-42.673,-42.599
-2.950,-42.686,-42.610
-2.953,-42.695,-42.619
-2.955,-42.700,-42.625
-2.955,-42.702,-42.627
-2.954,-42.702,-42.627
-2.952,-42.702,-42.627
-2.947,-42.702,-42.627
-2.941,-42.702,-42.627
-2.933,-42.702,-42.627
-2.923,-42.702,-42.627
-2.909,-42.702,-42.627
-2.891,-42.702,-42.627
-2.867,-42.702,-42.627
-2.835,-42.702,-42.627
-2.794,-42.702,-42.627
-2.742,-42.666,-42.552
-2.679,-42.493,-42.410
-2.603,-42.284,-42.235
-2.512,-41.390,-41.345
-2.407,-40.337,-40.308
-2.292,-39.187,-39.180
-2.175,-38.003,-38.024
-2.062,-36.853,-36.872
-1.960,-35.811,-35.836
-1.875,-34.944,-34.983
-1.816,-34.326,-34.379
-1.787,-34.032,-34.091
-1.797,-34.032,-34.091
-1.851,-34.032,-34.091
-1.954,-34.032,-34.091
-2.096,-34.330,-34.381
-2.267,-34.906,-34.919
-2.454,-35.738,-35.706
-2.647,-36.746,-36.660
-2.833,-37.833,-37.816
-3.001,-38.890,-38.946
-3.140,-39.818,-39.897
-3.237,-40.489,-40.565
-3.281,-40.803,-40.869
-3.265,-40.803,-40.869
-3.194,-40.803,-40.869
-3.081,-40.803,-40.824
-2.935,-40.404,-40.496
-2.768,-39.790,-39.903
-2.589,-38.973,-39.141
-2.410,-38.027,-38.247
-2.242,-37.043,-37.165
-2.094,-36.120,-36.167
-1.978,-35.348,-35.377
-1.902,-34.836,-34.862
-1.863,-34.569,-34.600
-1.857,-34.526,-34.559
-1.879,-34.526,-34.559
-1.924,-34.526,-34.559
-1.987,-34.526,-34.559
-2.063,-34.543,-34.619
-2.148,-34.776,-34.810
-2.237,-35.020,-35.043
-2.325,-35.353,-35.340
-2.408,-35.693,-35.680
-2.485,-36.034,-35.996
-2.555,-36.390,-36.320
-2.620,-36.715,-36.645
-2.679,-37.025,-36.940
-2.732,-37.325,-37.204
-2.778,-37.589,-37.496
-2.818,-37.818,-37.749
-2.852,-38.010,-37.963
-2.879,-38.178,-38.136
-2.900,-38.308,-38.269
-2.914,-38.398,-38.360
-2.922,-38.447,-38.410
-2.923,-38.456,-38.419
-2.918,-38.456,-38.419
-2.906,-38.456,-38.419
-2.888,-38.456,-38.419
-2.863,-38.456,-38.419
-2.831,-38.456,-38.419
-2.793,-38.456,-38.419
-2.748,-38.456,-38.419
-2.697,-38.384,-38.315
-2.641,-38.230,-38.188
-2.580,-38.064,-38.052
-2.516,-37.876,-37.845
-2.448,-37.598,-37.608
-2.378,-37.309,-37.319
-2.306,-36.997,-37.023
-2.232,-36.630,-36.695
-2.159,-36.261,-36.328
-2.086,-35.868,-35.961
-2.013,-35.453,-35.548
-1.941,-35.043,-35.091
-1.870,-34.608,-34.642
-1.800,-34.123,-34.177
-1.731,-33.455,-33.526
-1.664,-32.754,-32.848
-1.599,-32.070,-32.186
-1.535,-31.406,-31.543
-1.474,-30.759,-30.921
-1.415,-30.137,-30.316
-1.360,-29.558,-29.747
-1.311,-29.036,-29.235
-1.269,-28.590,-28.800
-1.236,-28.241,-28.459
-1.214,-28.007,-28.229
-1.205,-27.905,-28.130
-1.209,-27.905,-28.130
-1.230,-27.905,-28.130
-1.268,-27.905,-28.130
-1.324,-27.905,-28.130
-1.394,-27.905,-28.152
-1.473,-28.091,-28.328
-1.555,-28.315,-28.513
-1.634,-28.573,-28.776
-1.706,-28.870,-29.049
-1.766,-29.113,-29.294
-1.807,-29.284,-29.463
-1.824,-29.372,-29.535
-1.813,-29.372,-29.535
-1.769,-29.372,-29.535
-1.696,-29.372,-29.535
-1.600,-29.306,-29.435
-1.486,-28.992,-29.178
-1.358,-28.552,-28.762
-1.223,-27.996,-28.205
-1.086,-26.625,-26.880
-0.951,-25.053,-25.352
-0.825,-23.575,-23.835
-0.713,-22.253,-22.477
-0.619,-21.139,-21.329
-0.542,-20.230,-20.392
-0.481,-19.513,-19.649
-0.436,-18.967,-19.084
-0.403,-18.579,-18.681
-0.382,-18.331,-18.423
-0.372,-18.207,-18.294
-0.370,-18.189,-18.275
-0.376,-18.189,-18.275
-0.388,-18.189,-18.275
-0.405,-18.189,-18.275
-0.426,-18.189,-18.275
-0.452,-18.189,-18.275
-0.483,-18.189,-18.275
-0.520,-18.189,-18.275
-0.561,-18.189,-18.300
-0.607,-18.289,-18.405
-0.659,-18.431,-18.523
-0.716,-18.587,-18.652
-0.778,-18.768,-18.857
-0.845,-19.046,-19.096
-0.915,-19.332,-19.387
-0.984,-19.626,-19.673
-1.048,-19.947,-19.963
-1.104,-20.229,-20.246
-1.149,-20.454,-20.479
-1.179,-20.611,-20.636
-1.191,-20.681,-20.699
-1.182,-20.681,-20.699
-1.148,-20.681,-20.699
-1.087,-20.681,-20.699
-1.004,-20.681,-20.683
-0.903,-20.441,-20.457
-0.791,-20.133,-20.149
-0.672,-19.643,-19.703
-0.551,-19.113,-19.198
-0.435,-18.530,-18.619
-0.329,-17.695,-17.760
-0.237,-16.603,-16.618
-0.166,-15.736,-15.713
-0.119,-15.157,-15.112
-0.094,-14.849,-14.793
-0.087,-14.765,-14.706
-0.095,-14.765,-14.706
-0.113,-14.765,-14.706
-0.137,-14.765,-14.706
-0.165,-14.765,-14.706
-0.191,-14.765,-14.706
-0.213,-14.765,-14.706
-0.226,-14.765,-14.706
-0.228,-14.765,-14.706
-0.219,-14.765,-14.706
-0.203,-14.765,-14.706
-0.180,-14.765,-14.706
-0.154,-14.765,-14.706
-0.127,-14.765,-14.706
-0.100,-14.765,-14.706
-0.076,-14.623,-14.559
-0.057,-14.390,-14.319
-0.045,-14.245,-14.172
-0.043,-14.215,-14.142
-0.051,-14.215,-14.142
-0.072,-14.215,-14.142
-0.106,-14.215,-14.142
-0.156,-14.215,-14.142
-0.222,-14.215,-14.142
-0.306,-14.390,-14.325
-0.410,-14.674,-14.583
-0.535,-15.142,-15.040
-0.682,-15.782,-15.666
-0.851,-16.635,-16.535
-1.033,-17.672,-17.636
-1.216,-18.816,-18.865
-1.391,-19.977,-20.058
-1.546,-21.059,-21.109
-1.671,-21.952,-21.998
-1.754,-22.570,-22.616
-1.785,-22.798,-22.843
-1.752,-22.798,-22.843
-1.645,-22.798,-22.843
-1.458,-22.451,-22.513
-1.205,-21.511,-21.601
-0.904,-19.964,-20.144
-0.574,-17.964,-17.992
-0.235,-15.628,-15.623
0.096,-12.506,-12.486
0.399,-8.771,-8.924
0.656,-5.606,-5.799
0.848,-3.243,-3.426
0.956,-1.913,-2.087
0.967,-1.775,-1.948
0.893,-1.775,-1.948
0.749,-1.826,-2.036
0.553,-2.382,-2.541
0.321,-3.375,-3.448
0.071,-4.698,-4.826
-0.181,-6.218,-6.287
-0.419,-7.787,-7.767
-0.625,-9.243,-9.160
-0.782,-10.412,-10.320
-0.878,-11.141,-11.056
-0.915,-11.430,-11.347
-0.900,-11.430,-11.347
-0.840,-11.430,-11.347
-0.739,-11.430,-11.347
-0.606,-11.129,-11.054
-0.445,-10.595,-10.551
-0.265,-9.808,-9.778
-0.071,-8.802,-8.758
0.131,-7.626,-7.624
0.334,-6.333,-6.407
0.534,-4.975,-5.121
0.725,-3.601,-3.780
0.904,-2.262,-2.435
1.066,-0.552,-0.714
1.207,1.181,1.034
1.322,2.593,2.458
1.406,3.631,3.504
1.455,4.237,4.114
1.465,4.357,4.236
1.433,4.357,4.236
1.365,4.357,4.236
1.271,4.357,4.203
1.158,4.064,3.944
1.035,3.685,3.591
0.910,3.173,3.113
0.792,2.624,2.612
0.690,2.111,2.059
0.612,1.681,1.620
0.566,1.420,1.342
0.558,1.375,1.292
0.583,1.375,1.292
0.633,1.375,1.292
0.700,1.375,1.292
0.775,1.421,1.377
0.851,1.629,1.550
0.920,1.817,1.717
0.973,1.982,1.885
1.002,2.103,1.978
1.000,2.103,1.978
0.961,2.103,1.978
0.888,2.103,1.978
0.789,2.068,1.902
0.670,1.742,1.630
0.538,1.257,1.158
0.398,0.423,0.253
0.258,-0.457,-0.702
0.123,-1.357,-1.620
0.002,-2.198,-2.424
-0.101,-2.927,-3.044
-0.180,-3.500,-3.541
-0.235,-3.912,-3.903
-0.269,-4.167,-4.134
-0.285,-4.284,-4.241
-0.284,-4.284,-4.241
-0.269,-4.284,-4.241
-0.242,-4.284,-4.241
-0.206,-4.284,-4.241
-0.163,-4.284,-4.241
-0.114,-4.284,-4.241
-0.062,-4.222,-4.147
-0.007,-4.071,-4.037
0.052,-3.909,-3.935
0.116,-3.734,-3.789
0.185,-3.451,-3.609
0.260,-3.142,-3.343
0.341,-2.783,-3.038
0.430,-2.336,-2.633
0.527,-1.841,-2.122
0.633,-1.238,-1.508
0.747,-0.570,-0.771
0.867,0.178,0.034
0.988,0.970,0.867
1.107,1.771,1.685
1.221,2.573,2.461
1.325,3.314,3.200
1.415,3.986,3.868
1.488,4.645,4.525
1.541,5.288,5.174
1.568,5.626,5.514
1.568,5.629,5.517
1.544,5.629,5.517
1.500,5.629,5.517
1.439,5.629,5.517
1.367,5.625,5.467
1.287,5.405,5.284
1.203,5.176,5.079
1.120,4.882,4.815
1.041,4.561,4.508
0.972,4.275,4.228
0.915,3.992,3.983
0.870,3.767,3.769
0.837,3.600,3.583
0.814,3.488,3.458
0.802,3.427,3.391
0.800,3.415,3.376
0.806,3.415,3.376
0.820,3.415,3.376
0.842,3.415,3.376
0.870,3.415,3.376
0.904,3.415,3.376
0.944,3.415,3.376
0.991,3.415,3.401
1.043,3.532,3.521
1.101,3.692,3.654
1.166,3.869,3.817
1.237,4.114,4.042
1.314,4.432,4.334
1.398,4.775,4.672
1.488,5.226,5.074
1.584,5.823,5.713
1.682,7.034,6.933
1.779,8.223,8.131
1.869,9.337,9.253
1.949,10.325,10.249
2.015,11.135,11.064
2.062,11.715,11.649
2.087,12.015,11.951
2.084,12.015,11.951
2.050,12.015,11.951
1.983,12.015,11.951
1.886,12.015,11.905
1.769,11.692,11.635
1.636,11.259,11.242
1.495,10.680,10.679
1.353,9.973,10.001
1.216,9.238,9.236
1.091,8.527,8.443
0.986,7.870,7.762
0.906,7.372,7.228
0.857,7.053,6.901
0.836,6.914,6.762
0.839,6.914,6.762
0.862,6.914,6.762
0.898,6.914,6.762
0.945,6.914,6.762
0.997,6.914,6.762
1.050,6.953,6.840
1.100,7.089,6.954
1.142,7.203,7.049
1.173,7.287,7.119
1.194,7.346,7.176
1.210,7.390,7.227
1.224,7.429,7.272
1.240,7.478,7.323
1.262,7.565,7.390
1.292,7.688,7.485
1.334,7.862,7.652
1.392,8.102,7.888
1.470,8.452,8.202
1.569,8.950,8.704
1.686,9.569,9.356
1.813,10.297,10.152
1.947,11.117,11.013
2.079,11.965,11.901
2.205,13.478,13.424
2.319,14.881,14.837
2.415,16.059,16.024
2.486,16.941,16.911
2.528,17.453,17.426
2.536,17.550,17.524
2.515,17.550,17.524
2.474,17.550,17.524
2.418,17.550,17.524
2.357,17.550,17.524
2.296,17.441,17.387
2.244,17.299,17.268
2.208,17.200,17.186
2.195,17.165,17.156
2.213,17.165,17.156
2.267,17.165,17.156
2.351,17.165,17.156
2.459,17.340,17.349
2.584,18.142,18.119
2.718,19.792,19.779
2.854,21.468,21.463
2.985,23.082,23.083
3.104,24.543,24.551
3.203,25.764,25.777
3.275,26.656,26.672
3.315,27.152,27.171
3.326,27.278,27.297
3.310,27.278,27.297
3.271,27.278,27.297
3.214,27.278,27.297
3.143,27.278,27.291
3.061,27.101,27.103
2.972,26.858,26.896
2.880,26.544,26.602
2.789,26.169,26.244
2.702,25.792,25.892
2.622,25.389,25.508
2.550,25.027,25.100
2.488,24.688,24.748
2.437,24.398,24.449
2.399,24.183,24.207
2.376,24.053,24.060
2.370,24.018,24.020
2.382,24.018,24.020
2.414,24.018,24.020
2.467,24.018,24.020
2.536,24.018,24.020
2.619,24.151,24.178
2.709,24.399,24.385
2.804,24.703,24.676
2.897,25.087,25.033
2.985,25.463,25.391
3.064,25.856,25.753
3.128,26.178,26.114
3.173,26.408,26.371
3.196,26.540,26.502
3.199,26.554,26.516
3.183,26.554,26.516
3.150,26.554,26.516
3.105,26.554,26.516
3.048,26.554,26.516
2.982,26.507,26.430
2.909,26.309,26.265
2.832,26.099,26.074
2.754,25.823,25.824
2.676,25.504,25.521
2.602,25.197,25.218
2.532,24.853,24.913
2.471,24.545,24.592
2.420,24.288,24.303
2.382,24.084,24.086
2.358,23.950,23.944
2.352,23.916,23.906
2.366,23.916,23.906
2.402,23.916,23.906
2.461,23.916,23.906
2.540,23.916,23.924
2.632,24.134,24.134
2.732,24.409,24.391
2.835,24.804,24.740
2.935,25.216,25.146
3.027,25.661,25.549
3.105,26.053,25.973
3.164,26.356,26.306
3.198,26.550,26.498
3.203,26.581,26.529
3.183,26.581,26.529
3.141,26.581,26.529
3.082,26.581,26.529
3.010,26.581,26.498
2.930,26.380,26.315
2.846,26.149,26.114
2.762,25.862,25.846
2.682,25.536,25.539
2.612,25.248,25.253
2.555,24.968,25.010
2.512,24.756,24.808
2.487,24.628,24.668
2.480,24.592,24.628
2.493,24.592,24.628
2.527,24.592,24.628
2.585,24.592,24.628
2.668,24.592,24.648
2.778,24.861,24.898
2.916,25.288,25.292
3.082,25.973,25.947
3.270,26.959,26.937
3.470,29.053,29.078
3.673,31.563,31.595
3.872,34.012,34.049
4.057,36.293,36.334
4.220,38.299,38.342
4.352,39.921,39.966
4.444,41.053,41.099
4.487,41.587,41.633
4.476,41.587,41.633
4.416,41.587,41.633
4.315,41.587,41.633
4.181,41.297,41.345
4.023,40.777,40.875
3.849,40.026,40.162
3.667,39.098,39.180
3.485,38.060,38.050
3.312,36.976,36.902
3.155,35.937,35.842
3.022,35.016,34.940
2.911,34.228,34.178
2.820,33.561,33.512
2.747,33.017,32.977
2.689,32.588,32.550
2.644,32.242,32.207
2.610,31.977,31.946
2.584,31.776,31.747
2.564,31.619,31.592
2.547,31.488,31.462
2.532,31.372,31.348
2.521,31.288,31.265
2.518,31.263,31.240
2.525,31.263,31.240
2.547,31.263,31.240
2.585,31.263,31.240
2.645,31.263,31.240
2.728,31.289,31.309
2.838,31.591,31.560
2.978,32.057,31.981
3.150,32.791,32.679
3.345,33.789,33.727
3.554,35.000,35.034
3.766,36.349,36.456
3.972,37.751,37.848
4.161,39.111,39.180
4.324,40.327,40.385
4.451,41.308,41.357
4.531,42.131,42.178
4.555,42.424,42.471
4.516,42.424,42.471
4.422,42.424,42.471
4.285,42.232,42.264
4.115,41.713,41.794
3.925,40.906,41.037
3.726,39.886,39.968
3.529,38.750,38.736
3.346,37.603,37.515
3.189,36.545,36.449
3.068,35.701,35.632
2.992,35.163,35.112
2.958,34.918,34.862
2.957,34.915,34.859
2.984,34.915,34.859
3.031,34.915,34.859
3.091,34.915,34.859
3.156,34.915,34.903
3.221,35.089,35.051
3.278,35.244,35.180
3.319,35.358,35.286
3.340,35.416,35.354
3.344,35.425,35.365
3.334,35.425,35.365
3.316,35.425,35.365
3.294,35.425,35.365
3.272,35.425,35.365
3.255,35.425,35.365
3.247,35.425,35.365
3.254,35.425,35.365
3.279,35.425,35.365
3.326,35.425,35.365
3.391,35.600,35.516
3.470,35.926,35.816
3.559,36.294,36.179
3.654,36.769,36.611
3.750,37.249,37.153
3.842,37.770,37.683
3.926,38.251,38.227
3.998,38.686,38.692
4.054,39.033,39.056
4.089,39.255,39.295
4.104,39.348,39.397
4.100,39.348,39.397
4.076,39.348,39.397
4.033,39.348,39.397
3.972,39.348,39.397
3.895,39.322,39.328
3.800,39.062,39.112
3.689,38.739,38.799
3.563,38.220,38.323
3.423,37.569,37.717
3.273,36.797,36.882
3.120,35.923,35.929
2.969,34.988,34.937
2.826,33.936,33.893
2.696,32.951,32.916
2.585,32.092,32.068
2.499,31.409,31.405
2.443,30.961,30.956
2.423,30.802,30.794
2.443,30.802,30.794
2.496,30.802,30.794
2.576,30.802,30.794
2.674,30.942,30.957
2.782,31.239,31.214
2.894,31.640,31.578
3.000,32.077,32.010
3.094,32.525,32.417
3.166,32.891,32.808
3.211,33.115,33.060
3.222,33.172,33.124
3.207,33.172,33.124
3.174,33.172,33.124
3.132,33.172,33.124
3.092,33.172,33.124
3.063,33.172,33.124
3.053,33.172,33.124
3.072,33.172,33.124
3.130,33.172,33.124
3.236,33.249,33.201
3.395,34.158,34.180
3.600,35.424,35.530
3.839,37.021,37.143
4.100,38.899,38.978
4.371,40.965,41.025
4.642,43.492,43.540
4.899,46.667,46.716
5.133,49.543,49.594
5.330,51.975,52.028
5.480,53.820,53.876
5.574,54.976,55.033
5.617,55.504,55.562
5.617,55.506,55.564
5.582,55.506,55.564
5.522,55.506,55.564
5.443,55.506,55.564
5.355,55.337,55.377
5.266,55.091,55.170
5.183,54.818,54.904
5.115,54.540,54.650
5.068,54.349,54.461
5.041,54.235,54.348
5.027,54.180,54.293
5.024,54.165,54.278
5.025,54.165,54.278
5.027,54.165,54.278
5.026,54.165,54.278
5.016,54.130,54.245
4.993,54.015,54.151
4.952,53.811,53.963
4.891,53.504,53.642
4.811,53.099,53.189
4.716,52.558,52.630
4.610,51.946,51.942
4.495,51.229,51.186
4.375,50.464,50.375
4.255,49.654,49.557
4.136,48.828,48.754
4.024,48.028,47.967
3.920,47.259,47.205
3.829,46.578,46.529
3.750,45.975,45.928
3.686,45.475,45.431
3.635,45.086,45.045
3.600,44.807,44.774
3.580,44.647,44.621
3.576,44.616,44.590
3.589,44.616,44.590
3.619,44.616,44.590
3.666,44.616,44.590
3.731,44.616,44.590
3.807,44.699,44.706
3.888,44.921,44.891
3.967,45.138,45.110
4.037,45.415,45.338
4.093,45.643,45.564
4.126,45.781,45.701
4.131,45.801,45.721
4.101,45.801,45.721
4.029,45.801,45.721
3.912,45.748,45.630
3.764,45.343,45.275
3.602,44.721,44.695
3.443,43.550,43.511
3.305,42.416,42.378
3.206,41.590,41.559
3.162,41.215,41.193
3.190,41.215,41.193
3.309,41.215,41.193
3.536,41.692,41.660
3.879,43.174,43.064
4.314,45.684,45.771
4.808,49.089,49.169
5.328,53.114,53.177
5.841,58.261,58.323
6.312,64.075,64.147
6.711,68.983,69.063
7.003,72.578,72.664
7.155,74.451,74.541
7.134,74.451,74.541
6.920,74.356,74.415
6.540,73.010,73.168
6.036,70.196,70.175
5.448,66.133,66.077
4.817,61.146,61.079
4.183,55.665,55.558
3.588,50.170,50.118
3.071,45.178,45.112
2.674,41.218,41.180
2.437,38.808,38.769
2.388,38.309,38.267
2.506,38.309,38.267
2.755,38.766,38.710
3.102,40.247,40.110
3.511,42.589,42.634
3.948,45.551,45.596
4.379,48.803,48.825
4.769,51.975,51.994
5.084,54.665,54.693
5.289,56.469,56.517
5.359,57.094,57.150
5.309,57.094,57.150
5.163,57.094,57.112
4.945,56.487,56.554
4.679,55.322,55.476
4.390,53.753,53.772
4.101,51.938,51.849
3.837,50.119,50.060
3.622,48.546,48.498
3.480,47.466,47.424
3.429,47.069,47.031
3.459,47.069,47.031
3.554,47.069,47.031
3.698,47.260,47.236
3.876,47.811,47.732
4.070,48.647,48.518
4.266,49.654,49.579
4.446,50.691,50.712
4.595,51.624,51.703
4.697,52.291,52.392
4.740,52.578,52.682
4.729,52.578,52.682
4.673,52.578,52.682
4.583,52.578,52.682
4.468,52.382,52.472
4.337,52.020,52.124
4.200,51.457,51.615
4.066,50.841,51.041
3.945,50.234,50.375
3.847,49.676,49.802
3.778,49.282,49.357
3.735,49.037,49.083
3.714,48.902,48.944
3.708,48.863,48.904
3.711,48.863,48.904
3.720,48.863,48.904
3.727,48.863,48.904
3.728,48.863,48.904
3.717,48.863,48.904
3.688,48.741,48.777
3.639,48.434,48.453
3.576,48.043,48.030
3.510,47.616,47.582
3.450,47.212,47.175
3.405,46.887,46.851
3.386,46.736,46.701
3.401,46.736,46.701
3.461,46.736,46.701
3.575,46.736,46.722
3.752,47.191,47.143
3.998,48.168,48.064
4.301,49.765,49.723
4.642,51.878,51.981
5.005,54.405,54.478
5.372,57.211,57.268
5.727,60.452,60.463
6.051,63.508,63.537
6.328,66.180,66.223
6.541,68.267,68.342
6.672,69.568,69.647
6.709,69.938,70.017
6.661,69.938,70.017
6.540,69.938,70.017
6.361,69.531,69.632
6.136,68.680,68.813
5.880,67.398,67.508
5.605,65.774,65.753
5.325,63.942,63.848
5.054,62.004,61.944
4.805,60.117,60.061
4.589,58.410,58.363
4.408,56.932,56.869
4.261,55.711,55.661
4.150,54.762,54.704
4.072,54.096,54.027
4.029,53.719,53.648
4.019,53.636,53.564
4.043,53.636,53.564
4.101,53.636,53.564
4.191,53.636,53.564
4.313,53.892,53.824
4.459,54.347,54.242
4.622,55.017,54.887
4.793,55.875,55.753
4.963,56.830,56.775
5.126,57.814,57.833
5.271,58.749,58.822
5.392,59.561,59.643
5.480,60.175,60.240
5.527,60.506,60.557
5.527,60.508,60.559
5.488,60.508,60.559
5.420,60.508,60.559
5.334,60.508,60.528
5.239,60.266,60.310
5.145,60.010,60.067
5.064,59.700,59.803
5.005,59.457,59.561
4.978,59.347,59.452
4.994,59.347,59.452
5.059,59.347,59.452
5.163,59.347,59.464
5.292,59.658,59.758
5.431,60.114,60.173
5.568,60.795,60.836
5.687,61.666,61.711
5.775,62.321,62.361
5.818,62.640,62.684
5.802,62.640,62.684
5.712,62.640,62.684
5.540,62.428,62.460
5.300,61.610,61.706
5.011,60.226,60.301
4.690,58.327,58.265
4.358,56.106,56.007
4.032,53.729,53.661
3.732,51.096,51.002
3.476,48.771,48.707
3.283,46.985,46.965
3.173,45.945,45.914
3.158,45.804,45.771
3.230,45.804,45.771
3.376,45.853,45.858
3.582,46.448,46.396
3.833,47.550,47.419
4.117,49.086,49.077
4.420,50.985,51.089
4.728,53.117,53.183
5.027,55.354,55.411
5.304,57.538,57.585
5.547,59.532,59.588
5.751,61.268,61.333
5.916,62.699,62.776
6.038,63.780,63.876
6.116,64.475,64.581
6.148,64.759,64.868
6.132,64.759,64.868
6.065,64.759,64.868
5.946,64.752,64.816
5.772,64.276,64.395
5.545,63.372,63.540
5.275,61.969,62.112
4.978,60.181,60.159
4.668,58.082,58.050
4.358,55.821,55.810
4.065,53.527,53.538
3.801,51.376,51.368
3.582,49.524,49.523
3.421,48.134,48.121
3.334,47.371,47.349
3.330,47.335,47.314
3.403,47.335,47.314
3.541,47.366,47.386
3.735,47.902,47.879
3.972,48.915,48.803
4.242,50.349,50.318
4.535,52.132,52.245
4.839,54.212,54.303
5.143,56.447,56.523
5.436,58.749,58.804
5.709,60.984,61.059
5.958,63.096,63.185
6.178,65.030,65.140
6.368,66.753,66.850
6.523,68.191,68.252
6.641,69.295,69.362
6.718,70.027,70.105
6.751,70.360,70.438
6.738,70.360,70.438
6.674,70.360,70.438
6.559,70.360,70.410
6.402,69.952,70.051
6.214,69.248,69.379
6.005,68.258,68.403
5.788,67.054,67.094
5.572,65.725,65.661
5.369,64.374,64.279
5.190,63.111,63.055
5.047,62.055,61.996
4.949,61.327,61.267
4.905,60.989,60.929
4.911,60.989,60.929
4.957,60.989,60.929
5.037,60.989,60.929
5.143,61.091,61.061
5.265,61.426,61.351
5.397,61.913,61.801
5.530,62.483,62.345
5.657,63.119,62.996
5.769,63.725,63.632
5.860,64.244,64.212
5.928,64.644,64.652
5.973,64.923,64.941
5.993,65.054,65.081
5.990,65.054,65.081
5.963,65.054,65.081
5.910,65.054,65.081
5.832,65.054,65.081
5.729,64.877,64.886
5.599,64.521,64.548
5.444,63.893,63.974
5.271,63.071,63.180
5.088,62.078,62.113
4.902,60.964,60.905
4.723,59.565,59.518
4.557,58.238,58.172
4.414,57.054,56.990
4.301,56.108,56.055
4.226,55.474,55.420
4.198,55.236,55.177
4.221,55.236,55.177
4.287,55.236,55.177
4.384,55.236,55.191
4.499,55.513,55.455
4.622,55.881,55.803
4.739,56.363,56.250
4.840,56.813,56.664
4.911,57.171,57.023
4.941,57.324,57.196
4.919,57.324,57.196
4.836,57.324,57.196
4.701,57.214,57.057
4.527,56.716,56.599
4.326,55.878,55.820
4.112,54.494,54.422
3.897,52.610,52.522
3.693,50.790,50.697
3.515,49.161,49.095
3.374,47.856,47.829
3.283,47.005,46.978
3.252,46.710,46.680
3.275,46.710,46.680
3.343,46.710,46.680
3.449,46.710,46.720
3.583,47.068,47.025
3.736,47.602,47.519
3.899,48.318,48.195
4.065,49.158,49.092
4.224,50.064,50.068
4.367,50.945,51.004
4.488,51.718,51.823
4.588,52.390,52.501
4.671,52.952,53.062
4.740,53.440,53.527
4.798,53.853,53.922
4.849,54.214,54.290
4.896,54.564,54.637
4.943,54.913,54.982
4.993,55.284,55.349
5.049,55.704,55.770
5.114,56.208,56.270
5.185,56.757,56.816
5.258,57.321,57.375
5.328,57.884,57.924
5.392,58.395,58.446
5.445,58.820,58.883
5.483,59.135,59.199
5.502,59.295,59.360
5.499,59.295,59.360
5.468,59.295,59.360
5.408,59.295,59.360
5.325,59.295,59.360
5.225,59.085,59.138
5.118,58.790,58.859
5.009,58.367,58.484
4.908,57.952,58.071
4.822,57.524,57.686
4.758,57.203,57.336
4.724,57.033,57.143
4.728,57.033,57.143
4.774,57.033,57.143
4.854,57.033,57.143
4.957,57.123,57.265
5.072,57.438,57.528
5.188,57.841,57.900
5.292,58.271,58.327
5.375,58.657,58.677
5.425,58.907,58.920
5.430,58.934,58.951
5.380,58.934,58.951
5.267,58.934,58.951
5.101,58.581,58.610
4.896,57.836,57.906
4.665,56.712,56.810
4.423,55.284,55.270
4.182,53.723,53.636
3.956,52.153,52.106
3.760,50.711,50.669
3.607,49.541,49.505
3.510,48.792,48.762
3.479,48.549,48.527
3.508,48.549,48.527
3.583,48.549,48.527
3.694,48.588,48.607
3.829,48.958,48.916
3.977,49.496,49.421
4.125,50.148,50.035
4.263,50.840,50.774
4.379,51.490,51.450
4.461,51.958,51.979
4.501,52.200,52.239
4.507,52.234,52.274
4.488,52.234,52.274
4.454,52.234,52.274
4.416,52.234,52.274
4.385,52.234,52.274
4.370,52.234,52.274
4.383,52.234,52.274
4.432,52.234,52.274
4.529,52.373,52.417
4.680,53.315,53.429
4.874,54.620,54.747
5.098,56.215,56.303
5.338,58.014,58.091
5.578,59.923,59.987
5.806,61.841,61.902
6.006,63.578,63.663
6.166,64.988,65.096
6.270,65.916,66.033
6.304,66.228,66.343
6.259,66.228,66.343
6.143,66.228,66.343
5.969,65.858,65.988
5.749,65.043,65.212
5.496,63.809,63.955
5.223,62.206,62.237
4.942,60.376,60.327
4.666,58.421,58.405
4.408,56.473,56.464
4.181,54.678,54.682
3.994,53.153,53.143
3.848,51.933,51.936
3.740,51.015,51.012
3.668,50.391,50.378
3.628,50.047,50.033
3.619,49.967,49.953
3.638,49.967,49.953
3.682,49.967,49.953
3.748,49.967,49.953
3.835,50.011,50.036
3.938,50.294,50.272
4.051,50.647,50.606
4.165,51.116,51.047
4.273,51.605,51.498
4.365,52.068,51.984
4.434,52.423,52.375
4.471,52.637,52.587
4.469,52.637,52.587
4.419,52.637,52.587
4.313,52.637,52.587
4.147,52.297,52.257
3.933,51.521,51.525
3.686,50.337,50.330
3.422,48.232,48.204
3.157,45.814,45.773
2.906,43.411,43.386
2.686,41.264,41.215
2.512,39.544,39.492
2.400,38.424,38.380
2.365,38.072,38.028
2.418,38.072,38.028
2.549,38.072,38.039
2.743,38.558,38.506
2.982,39.527,39.407
3.252,40.944,40.867
3.538,42.667,42.736
3.823,44.590,44.662
4.092,46.543,46.579
4.329,48.358,48.380
4.519,49.871,49.885
4.649,50.933,50.953
4.718,51.503,51.521
4.728,51.587,51.605
4.682,51.587,51.605
4.581,51.587,51.605
4.427,51.311,51.328
4.224,50.611,50.681
3.972,49.434,49.513
3.674,47.735,47.685
3.332,45.508,45.379
2.951,42.742,42.673
2.544,39.552,39.500
2.130,35.639,35.612
1.724,31.369,31.408
1.343,27.288,27.411
1.004,23.599,23.750
0.724,20.512,20.580
0.519,18.236,18.251
0.407,16.979,16.964
0.404,16.944,16.928
0.520,16.944,16.928
0.742,17.322,17.292
1.048,18.532,18.415
1.417,20.536,20.558
1.828,23.220,23.305
2.261,26.400,26.409
2.695,29.864,29.855
3.109,33.377,33.370
3.482,36.694,36.713
3.793,39.554,39.517
4.026,41.749,41.741
4.181,43.234,43.227
4.263,44.029,44.014
4.277,44.164,44.150
4.228,44.164,44.150
4.119,44.164,44.150
3.957,43.835,43.830
3.746,43.077,43.118
3.490,41.857,41.886
3.195,40.136,40.051
2.866,37.981,37.829
2.516,35.437,35.344
2.156,32.632,32.575
1.801,29.697,29.660
1.463,26.776,26.734
1.155,24.011,23.981
0.890,21.571,21.605
0.681,19.605,19.611
0.541,18.266,18.262
0.483,17.711,17.700
0.516,17.711,17.700
0.635,17.711,17.700
0.830,18.113,18.082
1.091,19.121,19.036
1.410,20.807,20.774
1.776,23.099,23.190
2.180,25.962,25.984
2.614,29.323,29.300
3.066,33.091,33.073
3.529,37.172,37.188
3.992,41.448,41.419
4.446,45.805,45.827
4.880,50.129,50.150
5.285,54.268,54.311
5.652,58.088,58.100
5.969,61.457,61.451
6.228,64.243,64.192
6.419,66.313,66.208
6.532,67.544,67.478
6.556,67.811,67.755
6.487,67.811,67.755
6.339,67.765,67.671
6.131,67.159,67.124
5.880,66.059,66.099
5.605,64.579,64.495
5.326,62.845,62.634
5.060,61.026,60.827
4.827,59.324,59.137
4.644,57.931,57.745
4.531,57.047,56.871
4.499,56.791,56.621
4.534,56.791,56.621
4.613,56.791,56.621
4.716,56.838,56.706
4.821,57.125,56.946
4.906,57.368,57.194
4.950,57.550,57.335
4.932,57.550,57.335
4.829,57.550,57.335
4.621,57.195,56.993
4.294,55.132,54.939
3.870,51.544,51.345
3.380,47.166,46.964
2.853,42.228,42.069
2.320,37.025,36.852
1.810,31.883,31.741
1.356,27.166,27.073
0.986,23.242,23.199
0.730,20.497,20.503
0.620,19.301,19.334
0.675,19.301,19.334
0.876,19.454,19.508
1.193,20.558,20.526
1.596,22.676,22.718
2.055,25.657,25.768
2.542,29.258,29.291
3.025,33.167,33.183
3.476,37.065,37.104
3.865,40.579,40.603
4.162,43.350,43.357
4.345,45.094,45.111
4.424,45.850,45.867
4.416,45.850,45.867
4.340,45.850,45.867
4.211,45.815,45.791
4.049,45.370,45.396
3.869,44.667,44.739
3.691,43.813,43.908
3.531,42.947,42.987
3.407,42.229,42.187
3.332,41.762,41.701
3.305,41.591,41.516
3.319,41.591,41.516
3.368,41.591,41.516
3.447,41.591,41.516
3.549,41.711,41.662
3.668,42.037,41.947
3.798,42.522,42.394
3.934,43.106,42.947
4.069,43.784,43.650
4.197,44.489,44.389
4.310,45.138,45.119
4.401,45.706,45.711
4.462,46.217,46.228
4.485,46.438,46.446
4.462,46.438,46.446
4.385,46.438,46.446
4.247,46.334,46.313
4.039,45.704,45.751
3.755,44.418,44.506
3.391,42.338,42.267
2.965,39.482,39.386
2.500,35.994,35.935
2.019,32.061,32.035
1.546,27.937,27.900
1.102,23.886,23.936
0.711,20.183,20.211
0.396,16.860,16.841
0.181,14.431,14.354
0.087,13.368,13.275
0.130,13.368,13.275
0.291,13.379,13.329
0.543,14.147,14.005
0.860,15.607,15.445
1.215,17.683,17.680
1.581,20.140,20.157
1.931,22.723,22.700
2.238,25.147,25.098
2.477,27.105,27.062
2.619,28.311,28.258
2.647,28.546,28.498
2.574,28.546,28.498
2.423,28.482,28.398
2.217,27.878,27.855
1.978,26.835,26.890
1.729,25.504,25.479
1.492,24.067,23.940
1.290,22.730,22.586
1.145,21.716,21.614
1.079,21.250,21.165
1.108,21.250,21.165
1.218,21.250,21.165
1.386,21.543,21.456
1.591,22.259,22.115
1.812,23.287,23.108
2.026,24.463,24.366
2.213,25.599,25.574
2.349,26.484,26.489
2.414,26.921,26.926
2.386,26.921,26.926
2.251,26.921,26.926
2.030,26.418,26.429
1.752,25.239,25.347
1.444,23.577,23.575
1.135,21.628,21.543
0.855,19.592,19.532
0.631,17.853,17.821
0.491,16.737,16.697
0.466,16.531,16.483
0.582,16.531,16.483
0.858,17.058,17.007
1.268,18.915,18.814
1.773,22.018,22.074
2.338,26.109,26.077
2.925,30.973,30.952
3.497,36.177,36.120
4.017,41.139,41.123
4.447,45.386,45.407
4.750,48.456,48.471
4.890,49.884,49.914
4.840,49.884,49.914
4.620,49.692,49.708
4.261,48.368,48.481
3.793,45.762,45.709
3.247,42.041,41.967
2.655,37.427,37.383
2.047,32.236,32.199
1.453,26.826,26.877
0.905,21.582,21.613
0.434,16.900,16.895
0.063,13.101,13.007
-0.208,10.008,10.094
-0.388,7.941,8.122
-0.484,6.827,7.032
-0.506,6.582,6.792
-0.459,6.582,6.792
-0.354,6.582,6.792
-0.197,6.880,7.090
0.004,7.579,7.739
0.240,8.681,8.611
0.503,10.148,10.057
0.781,11.926,11.908
1.062,13.876,13.844
1.333,15.896,15.878
1.583,17.854,17.812
1.798,19.608,19.593
1.967,21.022,20.996
2.077,21.958,21.946
2.116,22.294,22.287
2.072,22.294,22.287
1.937,22.294,22.287
1.726,21.772,21.769
1.458,20.633,20.730
1.154,18.993,18.988
0.832,16.962,16.868
0.513,14.739,14.687
0.215,12.495,12.440
-0.040,10.472,10.454
-0.235,8.877,9.017
-0.348,7.925,8.129
-0.367,7.762,7.972
-0.305,7.762,7.972
-0.180,7.762,7.990
-0.012,8.188,8.361
0.181,8.918,8.913
0.379,9.863,9.733
0.562,10.874,10.746
0.713,11.777,11.713
0.812,12.394,12.388
0.839,12.568,12.576
0.783,12.568,12.576
0.659,12.568,12.575
0.490,12.159,12.187
0.297,11.438,11.505
0.104,10.520,10.617
-0.068,9.585,9.710
-0.196,8.838,9.019
-0.257,8.454,8.664
-0.230,8.454,8.664
-0.091,8.454,8.664
0.173,9.125,9.174
0.545,10.836,10.737
0.998,13.632,13.664
1.506,17.346,17.352
2.045,21.684,21.683
2.587,26.461,26.500
3.106,31.288,31.319
3.577,35.850,35.931
3.974,39.807,39.890
4.271,42.826,42.932
4.448,44.657,44.765
4.515,45.346,45.451
4.486,45.346,45.451
4.376,45.346,45.451
4.203,45.039,45.149
3.979,44.242,44.401
3.722,43.009,43.153
3.446,41.403,41.439
3.167,39.590,39.554
2.900,37.710,37.714
2.657,35.887,35.912
2.438,34.171,34.229
2.240,32.557,32.602
2.057,31.034,31.103
1.887,29.583,29.644
1.725,28.177,28.241
1.569,26.787,26.845
1.414,25.386,25.459
1.256,23.943,24.049
1.092,22.420,22.567
0.920,20.800,20.926
0.746,19.137,19.263
0.579,17.519,17.628
0.427,16.030,16.097
0.299,14.763,14.793
0.202,13.798,13.810
0.146,13.236,13.236
0.138,13.159,13.158
0.187,13.159,13.158
0.302,13.159,13.158
0.487,13.566,13.554
0.729,14.491,14.430
1.013,15.962,15.908
1.324,17.835,17.959
1.644,20.021,20.124
1.959,22.339,22.408
2.253,24.642,24.674
2.508,26.734,26.780
2.710,28.445,28.488
2.843,29.595,29.647
2.895,30.049,30.103
2.875,30.049,30.103
2.795,30.049,30.103
2.668,29.976,29.995
2.508,29.536,29.594
2.326,28.808,28.921
2.137,27.885,28.008
1.952,26.859,26.913
1.785,25.845,25.832
1.648,24.968,24.915
1.551,24.321,24.269
1.493,23.926,23.875
1.466,23.736,23.697
1.466,23.736,23.696
1.487,23.736,23.696
1.523,23.736,23.696
1.569,23.736,23.696
1.619,23.736,23.696
1.667,23.740,23.746
1.709,23.853,23.841
1.738,23.933,23.907
1.749,23.962,23.931
1.736,23.962,23.931
1.694,23.962,23.931
1.619,23.962,23.931
1.503,23.837,23.781
1.342,22.858,22.865
1.131,21.304,21.336
0.864,19.238,19.312
0.536,16.565,16.628
0.145,13.224,13.225
-0.291,8.802,8.982
-0.752,3.720,3.986
-1.217,-1.732,-1.572
-1.665,-7.051,-7.040
-2.075,-11.972,-12.032
-2.425,-16.222,-16.300
-2.696,-19.528,-19.618
-2.865,-21.609,-21.700
-2.913,-22.196,-22.286
-2.826,-22.196,-22.286
-2.621,-21.944,-22.034
-2.326,-20.879,-21.015
-1.965,-18.979,-19.176
-1.565,-16.441,-16.544
-1.152,-13.475,-13.648
-0.752,-10.342,-10.510
-0.391,-7.334,-7.418
-0.093,-4.760,-4.687
0.113,-2.917,-2.878
0.211,-2.029,-2.073
0.212,-2.018,-2.063
0.137,-2.018,-2.063
0.005,-2.037,-2.118
-0.163,-2.498,-2.423
-0.348,-3.224,-3.035
-0.530,-4.098,-3.881
-0.687,-4.958,-4.755
-0.802,-5.619,-5.492
-0.853,-5.938,-5.823
-0.826,-5.938,-5.823
-0.726,-5.938,-5.823
-0.565,-5.696,-5.578
-0.352,-4.977,-4.896
-0.100,-3.803,-3.723
0.181,-2.214,-2.238
0.480,0.448,0.244
0.786,3.348,3.156
1.089,6.274,6.132
1.377,9.125,9.029
1.641,11.776,11.679
1.874,14.151,14.106
2.070,16.183,16.155
2.225,17.803,17.772
2.334,18.940,18.899
2.390,19.531,19.488
2.388,19.531,19.488
2.324,19.531,19.488
2.191,19.531,19.443
1.984,18.960,18.921
1.702,17.722,17.789
1.359,15.823,15.748
0.972,13.296,13.171
0.558,10.273,10.215
0.137,6.923,6.830
-0.276,3.438,3.555
-0.662,0.021,0.153
-1.003,-3.112,-2.967
-1.282,-5.749,-5.680
-1.481,-7.666,-7.617
-1.587,-8.694,-8.686
-1.602,-8.846,-8.843
-1.535,-8.846,-8.843
-1.392,-8.818,-8.775
-1.181,-8.210,-8.223
-0.909,-7.005,-7.099
-0.582,-5.206,-5.247
-0.210,-2.788,-2.675
0.202,0.205,0.163
0.646,3.723,3.533
1.112,7.675,7.507
1.583,11.882,11.769
2.037,16.132,16.039
2.456,20.225,20.187
2.817,24.083,24.024
3.101,27.157,27.037
3.287,29.194,29.147
3.355,29.947,29.923
3.285,29.947,29.923
3.056,29.676,29.650
2.658,28.093,28.172
2.125,24.979,24.833
1.498,20.491,20.430
0.821,14.990,14.991
0.138,8.927,8.833
-0.510,2.808,2.961
-1.078,-2.806,-2.767
-1.524,-7.356,-7.402
-1.805,-10.275,-10.343
-1.877,-11.034,-11.099
-1.713,-11.034,-11.099
-1.349,-9.962,-10.073
-0.835,-7.258,-7.389
-0.222,-3.098,-3.103
0.440,2.100,1.901
1.099,7.797,7.620
1.705,13.396,13.242
2.208,18.254,18.177
2.556,21.714,21.665
2.698,23.153,23.101
2.600,23.153,23.101
2.290,22.574,22.528
1.813,20.295,20.288
1.213,16.440,16.326
0.533,11.267,11.225
-0.181,5.189,5.212
-0.885,-1.282,-1.167
-1.535,-7.600,-7.639
-2.087,-13.254,-13.328
-2.496,-17.642,-17.674
-2.730,-20.187,-20.202
-2.804,-20.996,-21.042
-2.745,-20.996,-21.042
-2.579,-20.929,-20.942
-2.335,-20.165,-20.258
-2.038,-18.795,-18.946
-1.716,-16.935,-17.053
-1.396,-14.835,-14.910
-1.105,-12.732,-12.866
-0.869,-10.937,-11.077
-0.709,-9.675,-9.820
-0.621,-8.964,-9.072
-0.591,-8.725,-8.823
-0.609,-8.725,-8.823
-0.663,-8.725,-8.823
-0.741,-8.725,-8.823
-0.832,-8.835,-8.959
-0.923,-9.084,-9.164
-1.003,-9.319,-9.412
-1.060,-9.554,-9.610
-1.086,-9.662,-9.719
-1.086,-9.662,-9.719
-1.068,-9.662,-9.719
-1.041,-9.662,-9.719
-1.012,-9.662,-9.719
-0.990,-9.662,-9.719
-0.984,-9.662,-9.719
-1.001,-9.662,-9.719
-1.049,-9.662,-9.719
-1.138,-9.875,-9.934
-1.272,-10.499,-10.514
-1.444,-11.399,-11.389
-1.644,-12.568,-12.623
-1.861,-13.959,-14.072
-2.086,-15.503,-15.575
-2.308,-17.116,-17.163
-2.516,-18.704,-18.737
-2.701,-20.164,-20.182
-2.851,-21.516,-21.583
-2.958,-22.750,-22.840
-3.013,-23.434,-23.524
-3.024,-23.560,-23.651
-2.998,-23.560,-23.651
-2.946,-23.560,-23.651
-2.876,-23.560,-23.651
-2.797,-23.488,-23.546
-2.720,-23.276,-23.372
-2.653,-23.093,-23.198
-2.605,-22.936,-23.041
-2.586,-22.858,-22.977
-2.602,-22.858,-22.977
-2.645,-22.858,-22.977
-2.708,-22.858,-22.977
-2.779,-22.858,-23.008
-2.850,-23.033,-23.167
-2.911,-23.199,-23.303
-2.952,-23.312,-23.413
-2.963,-23.343,-23.451
-2.936,-23.343,-23.451
-2.860,-23.343,-23.451
-2.730,-23.251,-23.330
-2.553,-22.723,-22.860
-2.344,-21.790,-21.977
-2.113,-20.558,-20.778
-1.875,-19.114,-19.229
-1.640,-17.562,-17.652
-1.422,-16.018,-16.163
-1.232,-14.609,-14.769
-1.084,-13.465,-13.637
-0.990,-12.726,-12.914
-0.957,-12.465,-12.655
-0.976,-12.465,-12.655
-1.029,-12.465,-12.655
-1.103,-12.465,-12.655
-1.181,-12.530,-12.754
-1.249,-12.714,-12.905
-1.290,-12.827,-12.998
-1.289,-12.827,-12.998
-1.232,-12.827,-12.998
-1.102,-12.827,-12.980
-0.889,-11.918,-12.092
-0.603,-9.564,-9.689
-0.258,-6.599,-6.604
0.131,-3.116,-3.091
0.549,0.777,0.594
0.982,4.951,4.809
1.416,9.259,9.168
1.835,13.535,13.498
2.226,17.605,17.567
2.573,21.289,21.252
2.864,24.424,24.341
3.092,26.910,26.833
3.253,28.679,28.664
3.343,29.665,29.680
3.356,29.810,29.829
3.288,29.810,29.829
3.135,29.753,29.735
2.892,29.001,29.072
2.555,27.430,27.488
2.118,24.793,24.690
1.583,20.999,20.974
0.970,16.108,16.137
0.305,10.309,10.274
-0.386,3.860,4.044
-1.077,-2.943,-2.861
-1.744,-9.780,-9.803
-2.359,-16.304,-16.317
-2.897,-22.161,-22.201
-3.332,-27.360,-27.463
-3.639,-31.140,-31.265
-3.799,-33.108,-33.239
-3.822,-33.396,-33.528
-3.727,-33.396,-33.528
-3.531,-33.148,-33.278
-3.253,-32.154,-32.331
-2.910,-30.382,-30.642
-2.520,-27.946,-28.034
-2.101,-24.968,-25.051
-1.671,-21.621,-21.716
