0.000,3059.415
1.000,2851.258
2.000,2641.729
3.000,2447.247
4.000,2254.044
5.000,2071.633
6.000,1904.208
7.000,1809.270
8.000,1674.238
9.000,1637.823
10.000,1512.986
11.000,1482.783
12.000,1433.270
13.000,1348.930
14.000,1277.852
15.000,1253.967
16.000,1224.557
17.000,1130.025
18.000,1126.645
19.000,1084.629
20.000,1019.780
21.000,939.805
22.000,964.818
23.000,949.028
24.000,893.083
25.000,932.649
26.000,823.345
27.000,878.740
28.000,830.335
29.000,746.063
30.000,727.391
31.000,747.815
32.000,756.505
33.000,709.630
34.000,733.762
35.000,724.079
36.000,688.313
37.000,660.090
38.000,678.657
39.000,658.538
40.000,633.628
41.000,633.466
42.000,592.992
43.000,575.806
44.000,580.206
45.000,547.797
46.000,523.657
47.000,500.242
48.000,475.212
49.000,474.877
50.000,444.203
51.000,430.854
52.000,418.337
53.000,412.480
54.000,411.010
55.000,389.465
56.000,387.344
57.000,375.481
58.000,373.008
59.000,355.034
60.000,351.834
61.000,342.416
62.000,337.238
63.000,311.019
64.000,320.838
65.000,314.291
66.000,303.338
67.000,301.355
68.000,289.316
69.000,272.970
70.000,260.090
71.000,252.917
72.000,241.369
73.000,236.720
74.000,230.095
75.000,223.362
76.000,215.947
77.000,208.079
78.000,208.067
79.000,197.474
80.000,193.414
81.000,187.462
82.000,181.555
83.000,176.317
84.000,171.951
85.000,171.083
86.000,165.911
87.000,160.642
88.000,159.027
89.000,155.338
90.000,152.231
91.000,149.990
92.000,147.344
93.000,144.815
94.000,141.786
95.000,138.489
96.000,136.088
97.000,133.179
98.000,132.851
99.000,135.580
100.000,124.427
101.000,123.116
102.000,120.118
103.000,118.158
104.000,116.587
105.000,115.216
106.000,118.141
107.000,110.688
108.000,114.660
109.000,107.563
110.000,106.826
111.000,104.935
112.000,103.329
113.000,102.191
114.000,99.512
115.000,98.335
116.000,97.563
117.000,94.733
118.000,93.851
119.000,92.947
120.000,90.658
121.000,88.747
122.000,87.598
123.000,86.805
124.000,87.397
125.000,85.833
126.000,82.650
127.000,81.309
128.000,80.285
129.000,80.700
130.000,81.166
131.000,87.567
132.000,76.523
133.000,76.489
134.000,77.466
135.000,76.440
136.000,80.003
137.000,74.421
138.000,80.648
139.000,74.561
140.000,79.846
141.000,77.415
142.000,76.559
143.000,75.738
144.000,74.797
145.000,73.492
146.000,72.385
147.000,73.743
148.000,73.997
149.000,75.410
150.000,74.250
151.000,72.932
152.000,71.299
153.000,80.726
154.000,85.152
155.000,89.495
156.000,123.732
157.000,113.864
158.000,109.933
159.000,102.155
160.000,99.359
161.000,95.315
162.000,93.755
163.000,90.932
164.000,86.239
165.000,89.848
166.000,89.501
167.000,88.246
168.000,102.930
169.000,104.291
170.000,101.611
171.000,99.458
172.000,97.577
173.000,95.260
174.000,93.604
175.000,92.155
176.000,91.237
177.000,89.252
178.000,87.879
179.000,86.432
180.000,85.025
181.000,83.621
182.000,82.843
183.000,81.073
184.000,79.867
185.000,78.800
186.000,77.587
187.000,76.805
188.000,75.235
189.000,74.170
190.000,73.152
191.000,72.180
192.000,71.418
193.000,70.445
194.000,69.779
195.000,67.022
196.000,65.740
197.000,64.877
198.000,64.111
199.000,63.352
200.000,62.770
201.000,61.903
202.000,61.161
203.000,60.586
204.000,59.779
205.000,59.087
206.000,58.468
207.000,57.575
208.000,56.848
209.000,56.496
210.000,55.672
211.000,55.088
212.000,54.375
213.000,53.845
214.000,53.239
215.000,52.528
216.000,52.052
217.000,51.514
218.000,50.788
219.000,50.288
220.000,49.609
221.000,49.367
222.000,48.552
223.000,48.441
224.000,47.544
225.000,47.303
226.000,46.692
227.000,46.630
228.000,45.798
229.000,45.360
230.000,44.745
231.000,44.648
232.000,44.039
233.000,43.806
234.000,43.197
235.000,43.306
236.000,42.614
237.000,42.436
238.000,40.548
239.000,38.500
240.000,37.294
241.000,36.850
242.000,35.801
243.000,35.489
244.000,34.797
245.000,34.545
246.000,34.096
247.000,33.672
248.000,33.407
249.000,33.189
250.000,32.926
251.000,32.655
252.000,32.263
253.000,32.002
254.000,31.809
255.000,31.561
256.000,31.280
257.000,31.031
258.000,30.824
259.000,30.619
260.000,30.268
261.000,30.064
262.000,29.823
263.000,29.620
264.000,29.527
265.000,29.104
266.000,28.870
267.000,28.652
268.000,28.522
269.000,28.260
270.000,27.958
271.000,27.952
272.000,27.826
273.000,27.382
274.000,27.206
275.000,27.011
276.000,26.775
277.000,26.627
278.000,26.388
279.000,26.139
280.000,26.137
281.000,25.865
282.000,25.622
283.000,25.370
284.000,25.277
285.000,25.258
286.000,24.924
287.000,24.642
288.000,24.660
289.000,24.515
290.000,24.277
291.000,24.078
292.000,23.944
293.000,23.807
294.000,23.775
295.000,23.546
296.000,23.276
297.000,23.320
298.000,23.095
299.000,23.100
300.000,22.903
301.000,22.724
302.000,22.590
303.000,22.542
304.000,22.225
305.000,22.174
306.000,22.048
307.000,22.017
308.000,21.873
309.000,21.801
310.000,21.615
311.000,21.573
312.000,21.375
313.000,21.575
314.000,21.307
315.000,21.256
316.000,20.984
317.000,20.991
318.000,20.754
319.000,20.741
320.000,20.570
321.000,20.447
322.000,20.309
323.000,20.288
324.000,20.294
325.000,20.449
326.000,20.062
327.000,19.841
328.000,19.818
329.000,19.592
330.000,19.552
331.000,19.430
332.000,19.326
333.000,19.363
334.000,19.334
335.000,19.037
336.000,18.982
337.000,18.844
338.000,19.093
339.000,18.671
340.000,18.842
341.000,18.491
342.000,18.497
343.000,18.352
344.000,18.321
345.000,18.266
346.000,18.098
347.000,18.059
348.000,18.099
349.000,17.882
350.000,17.824
351.000,17.819
352.000,17.753
353.000,17.866
354.000,18.197
355.000,17.621
356.000,17.450
357.000,17.333
358.000,17.230
359.000,17.883
360.000,17.565
361.000,17.392
362.000,17.257
363.000,17.132
364.000,17.018
365.000,16.988
366.000,16.843
367.000,17.020
368.000,16.801
369.000,16.676
370.000,16.639
371.000,16.947
372.000,16.553
373.000,16.579
374.000,16.433
375.000,16.485
376.000,16.465
377.000,16.294
378.000,16.610
379.000,16.316
380.000,16.181
381.000,16.117
382.000,16.140
383.000,16.156
384.000,16.030
385.000,16.115
386.000,15.994
387.000,15.884
388.000,16.025
389.000,15.957
390.000,15.751
391.000,15.727
392.000,15.800
393.000,15.669
394.000,15.531
395.000,15.457
396.000,15.522
397.000,15.358
398.000,15.495
399.000,15.277
400.000,15.640
401.000,15.379
402.000,15.198
403.000,15.362
404.000,15.107
405.000,15.109
406.000,15.004
407.000,15.009
408.000,54.041
409.000,16.380
410.000,15.008
411.000,14.843
412.000,14.698
413.000,14.610
414.000,14.621
415.000,14.925
416.000,14.725
417.000,14.855
418.000,14.692
419.000,14.630
420.000,14.513
421.000,14.502
422.000,14.463
423.000,15.367
424.000,14.399
425.000,14.303
426.000,14.247
427.000,14.262
428.000,14.348
429.000,14.317
430.000,14.200
431.000,14.675
432.000,14.337
433.000,14.066
434.000,13.923
435.000,13.965
436.000,13.946
437.000,13.926
438.000,13.870
439.000,31.233
440.000,15.374
441.000,13.929
442.000,13.768
443.000,13.757
444.000,13.837
445.000,13.574
446.000,13.659
447.000,13.562
448.000,13.661
449.000,13.791
450.000,13.483
451.000,13.540
452.000,13.520
453.000,13.606
454.000,13.493
455.000,13.347
456.000,13.497
457.000,13.390
458.000,13.444
459.000,13.245
460.000,13.411
461.000,13.245
462.000,13.178
463.000,13.196
464.000,13.409
465.000,13.291
466.000,13.111
467.000,13.086
468.000,12.960
469.000,13.077
470.000,13.015
471.000,12.841
472.000,22.046
473.000,13.141
474.000,12.773
475.000,12.711
476.000,12.756
477.000,12.651
478.000,19.069
479.000,12.822
480.000,12.851
481.000,12.559
482.000,12.537
483.000,12.526
484.000,12.640
485.000,12.513
486.000,12.383
487.000,12.521
488.000,12.593
489.000,12.259
490.000,12.394
491.000,12.387
492.000,12.220
493.000,12.310
494.000,12.255
495.000,12.211
496.000,12.360
497.000,12.213
498.000,12.264
499.000,12.127
500.000,12.412
501.000,11.954
502.000,12.237
503.000,12.234
504.000,12.000
505.000,11.908
506.000,11.973
507.000,12.090
508.000,11.928
509.000,11.823
510.000,11.791
511.000,11.916
512.000,11.822
513.000,11.898
514.000,11.833
515.000,11.819
516.000,11.675
517.000,11.724
518.000,11.562
519.000,12.028
520.000,11.635
521.000,11.575
522.000,11.804
523.000,11.512
524.000,11.567
525.000,11.517
526.000,11.428
527.000,11.590
528.000,11.594
529.000,11.499
530.000,11.473
531.000,11.272
532.000,11.387
533.000,11.375
534.000,11.380
535.000,11.498
536.000,11.259
537.000,11.226
538.000,11.201
539.000,11.059
540.000,11.419
541.000,11.573
542.000,11.071
543.000,11.028
544.000,11.003
545.000,11.073
546.000,11.068
547.000,11.096
548.000,11.119
549.000,11.063
550.000,11.029
551.000,10.981
552.000,11.117
553.000,11.335
554.000,11.118
555.000,11.232
556.000,10.836
557.000,10.809
558.000,10.918
559.000,10.730
560.000,10.879
561.000,10.849
562.000,10.755
563.000,11.185
564.000,11.413
565.000,10.696
566.000,10.773
567.000,10.664
568.000,10.484
569.000,10.665
570.000,11.055
571.000,10.766
572.000,10.421
573.000,10.480
574.000,10.485
575.000,14.516
576.000,11.195
577.000,10.436
578.000,10.322
579.000,10.314
580.000,10.243
581.000,10.253
582.000,10.434
583.000,10.974
584.000,11.312
585.000,10.216
586.000,10.206
587.000,10.168
588.000,10.236
589.000,10.491
590.000,10.909
591.000,10.066
592.000,10.258
593.000,10.279
594.000,10.155
595.000,10.299
596.000,11.322
597.000,10.057
598.000,10.184
599.000,10.223
600.000,10.133
601.000,10.155
602.000,10.242
603.000,10.599
604.000,10.156
605.000,9.986
606.000,9.908
607.000,10.496
608.000,10.255
609.000,10.247
610.000,10.103
611.000,10.069
612.000,10.358
613.000,9.930
614.000,9.879
615.000,9.980
616.000,9.854
617.000,9.772
618.000,9.929
619.000,9.863
620.000,9.933
621.000,9.720
622.000,9.884
623.000,9.565
624.000,9.688
625.000,10.080
626.000,9.752
627.000,9.554
628.000,9.660
629.000,9.630
630.000,9.623
631.000,9.922
632.000,9.627
633.000,9.530
634.000,9.723
635.000,9.838
636.000,9.550
637.000,9.578
638.000,9.642
639.000,10.051
640.000,9.781
641.000,9.478
642.000,9.730
643.000,9.664
644.000,9.493
645.000,9.335
646.000,9.509
647.000,9.616
648.000,9.355
649.000,9.372
650.000,9.397
651.000,9.623
652.000,9.246
653.000,9.351
654.000,9.280
655.000,9.967
656.000,9.425
657.000,9.114
658.000,9.334
659.000,9.268
660.000,9.151
661.000,9.097
662.000,9.562
663.000,9.196
664.000,9.147
665.000,9.310
666.000,9.178
667.000,9.153
668.000,9.433
669.000,9.757
670.000,8.862
671.000,8.867
672.000,9.002
673.000,8.976
674.000,8.929
675.000,9.015
676.000,9.127
677.000,9.234
678.000,9.018
679.000,8.928
680.000,8.966
681.000,8.939
682.000,8.925
683.000,8.921
684.000,8.977
685.000,8.873
686.000,8.978
687.000,9.267
688.000,9.207
689.000,9.047
690.000,9.035
691.000,10.873
692.000,9.018
693.000,8.639
694.000,8.731
695.000,8.772
696.000,9.374
697.000,8.747
698.000,8.789
699.000,9.453
700.000,8.738
701.000,8.826
702.000,8.907
703.000,8.744
704.000,8.719
705.000,8.715
706.000,8.722
707.000,9.233
708.000,8.693
709.000,8.757
710.000,8.711
711.000,8.868
712.000,8.751
713.000,8.815
714.000,8.806
715.000,8.841
716.000,8.738
717.000,8.723
718.000,8.814
719.000,8.900
720.000,21.287
721.000,9.290
722.000,9.045
723.000,8.665
724.000,8.605
725.000,8.612
726.000,8.585
727.000,8.713
728.000,8.607
729.000,8.648
730.000,8.754
731.000,8.726
732.000,8.712
733.000,8.674
734.000,8.609
735.000,8.645
736.000,8.706
737.000,8.640
738.000,8.835
739.000,8.714
740.000,8.627
741.000,8.576
742.000,8.645
743.000,8.630
744.000,8.630
745.000,8.639
746.000,8.647
747.000,8.691
748.000,8.857
749.000,8.551
750.000,8.525
751.000,8.617
752.000,8.814
753.000,8.743
754.000,8.704
755.000,8.594
756.000,8.725
757.000,8.951
758.000,8.876
759.000,8.638
760.000,8.554
761.000,8.622
762.000,8.454
763.000,8.474
764.000,8.544
765.000,8.896
766.000,9.170
767.000,8.570
768.000,8.532
769.000,8.564
770.000,8.921
771.000,8.574
772.000,8.542
773.000,8.584
774.000,8.710
775.000,8.884
776.000,8.764
777.000,8.712
778.000,8.622
779.000,8.622
780.000,8.664
781.000,8.667
782.000,11.199
783.000,8.501
784.000,8.396
785.000,8.470
786.000,8.490
787.000,8.685
788.000,8.604
789.000,8.549
790.000,8.532
791.000,8.614
792.000,8.758
793.000,8.633
794.000,8.594
795.000,8.596
796.000,8.683
797.000,8.561
798.000,8.503
799.000,8.481
800.000,8.549
801.000,8.480
802.000,8.534
803.000,8.498
804.000,8.473
805.000,8.760
806.000,8.629
807.000,8.550
808.000,10.105
809.000,8.647
810.000,8.420
811.000,8.513
812.000,8.473
813.000,8.660
814.000,8.425
815.000,8.362
816.000,8.415
817.000,8.506
818.000,8.634
819.000,8.632
820.000,8.477
821.000,8.529
822.000,8.463
823.000,8.413
824.000,8.495
825.000,8.393
826.000,8.371
827.000,21.144
828.000,8.730
829.000,8.237
830.000,8.341
831.000,8.425
832.000,8.453
833.000,8.460
834.000,8.583
835.000,8.441
836.000,8.377
837.000,8.808
838.000,8.461
839.000,8.357
840.000,8.364
841.000,8.429
842.000,8.378
843.000,8.377
844.000,8.757
845.000,8.627
846.000,8.382
847.000,8.387
848.000,8.430
849.000,8.356
850.000,8.615
851.000,8.264
852.000,8.209
853.000,8.212
854.000,8.715
855.000,8.521
856.000,8.343
857.000,8.366
858.000,8.375
859.000,8.338
860.000,8.581
861.000,8.494
862.000,8.179
863.000,8.396
864.000,8.320
865.000,8.538
866.000,8.650
867.000,8.548
868.000,8.432
869.000,8.387
870.000,8.416
871.000,8.415
872.000,8.209
873.000,8.203
874.000,8.520
875.000,8.506
876.000,8.255
877.000,8.357
878.000,8.190
879.000,8.302
880.000,8.483
881.000,8.364
882.000,8.592
883.000,8.268
884.000,8.356
885.000,8.566
886.000,8.216
887.000,8.084
888.000,9.560
889.000,8.084
890.000,8.206
891.000,8.301
892.000,8.303
893.000,8.174
894.000,8.263
895.000,8.525
896.000,8.578
897.000,8.366
898.000,8.473
899.000,8.260
900.000,8.840
901.000,8.188
902.000,8.356
903.000,8.262
904.000,15.085
905.000,8.086
906.000,8.121
907.000,8.192
908.000,8.176
909.000,8.117
910.000,8.433
911.000,8.432
912.000,8.026
913.000,8.137
914.000,8.345
915.000,8.156
916.000,8.380
917.000,8.429
918.000,8.262
919.000,8.233
920.000,8.176
921.000,8.850
922.000,8.275
923.000,8.408
924.000,8.090
925.000,8.062
926.000,8.031
927.000,8.761
928.000,8.476
929.000,8.290
930.000,8.209
931.000,8.175
932.000,8.105
933.000,8.368
934.000,8.416
935.000,8.036
936.000,8.041
937.000,8.559
938.000,8.063
939.000,8.121
940.000,8.845
941.000,8.232
942.000,8.281
943.000,8.191
944.000,8.173
945.000,8.607
946.000,8.069
947.000,8.092
948.000,8.186
949.000,8.232
950.000,8.094
951.000,8.289
952.000,8.244
953.000,8.304
954.000,8.356
955.000,8.148
956.000,8.118
957.000,8.268
958.000,8.255
959.000,8.029
960.000,9.433
961.000,8.428
962.000,8.557
963.000,8.108
964.000,8.029
965.000,8.011
966.000,8.137
967.000,8.124
968.000,8.027
969.000,8.042
970.000,8.263
971.000,8.569
972.000,8.297
973.000,8.597
974.000,8.139
975.000,8.168
976.000,8.075
977.000,8.147
978.000,8.035
979.000,8.024
980.000,8.155
981.000,7.993
982.000,8.343
983.000,8.285
984.000,8.100
985.000,8.195
986.000,8.019
987.000,7.990
988.000,8.251
989.000,8.025
990.000,8.317
991.000,8.714
992.000,8.048
993.000,9.194
994.000,8.039
995.000,8.104
996.000,8.117
997.000,8.034
998.000,7.922
999.000,7.979
1000.000,7.985
1001.000,8.325
1002.000,8.391
1003.000,7.961
1004.000,11.805
1005.000,8.043
1006.000,8.002
1007.000,8.009
1008.000,7.965
1009.000,7.891
1010.000,8.055
1011.000,7.968
1012.000,7.951
1013.000,8.014
1014.000,8.160
1015.000,8.275
1016.000,8.038
1017.000,8.118
1018.000,7.889
1019.000,7.875
1020.000,7.927
1021.000,8.049
1022.000,8.409
1023.000,8.278
1024.000,8.026
1025.000,8.204
1026.000,8.205
1027.000,8.054
1028.000,8.173
1029.000,8.195
1030.000,8.013
1031.000,8.497
1032.000,8.106
1033.000,8.443
1034.000,8.086
1035.000,8.179
1036.000,8.122
1037.000,7.841
1038.000,8.641
1039.000,8.268
1040.000,8.033
1041.000,7.947
1042.000,7.912
1043.000,7.959
1044.000,7.889
1045.000,8.336
1046.000,8.268
1047.000,8.094
1048.000,7.935
1049.000,8.332
1050.000,7.893
1051.000,8.103
1052.000,8.114
1053.000,7.797
1054.000,7.819
1055.000,8.463
1056.000,8.207
1057.000,7.937
1058.000,8.569
1059.000,7.881
1060.000,7.999
1061.000,8.080
1062.000,8.240
1063.000,8.136
1064.000,8.059
1065.000,8.676
1066.000,8.018
1067.000,8.147
1068.000,7.987
1069.000,7.995
1070.000,7.947
1071.000,7.883
1072.000,8.057
1073.000,7.941
1074.000,7.941
1075.000,8.164
1076.000,8.222
1077.000,12.407
1078.000,8.253
1079.000,8.190
1080.000,8.024
1081.000,7.956
1082.000,7.936
1083.000,7.879
1084.000,8.091
1085.000,8.315
1086.000,7.993
1087.000,8.037
1088.000,7.960
1089.000,7.975
1090.000,8.080
1091.000,8.045
1092.000,8.747
1093.000,8.064
1094.000,7.880
1095.000,7.894
1096.000,7.874
1097.000,7.876
1098.000,7.922
1099.000,8.207
1100.000,8.215
1101.000,7.937
1102.000,8.062
1103.000,8.517
1104.000,7.983
1105.000,9.035
1106.000,8.505
1107.000,8.110
1108.000,7.964
1109.000,8.002
1110.000,8.077
1111.000,7.892
1112.000,8.217
1113.000,8.104
1114.000,8.583
1115.000,8.016
1116.000,8.008
1117.000,7.809
1118.000,7.883
1119.000,7.977
1120.000,8.060
1121.000,7.865
1122.000,7.839
1123.000,8.614
1124.000,8.319
1125.000,7.913
1126.000,8.037
1127.000,7.865
1128.000,7.791
1129.000,8.075
1130.000,8.476
1131.000,8.086
1132.000,8.044
1133.000,7.940
1134.000,7.932
1135.000,8.127
1136.000,9.185
1137.000,8.230
1138.000,7.914
1139.000,7.981
1140.000,7.840
1141.000,7.820
1142.000,7.940
1143.000,8.263
1144.000,7.916
1145.000,7.854
1146.000,9.040
1147.000,8.055
1148.000,7.906
1149.000,7.861
1150.000,7.939
1151.000,7.905
1152.000,8.206
1153.000,7.925
1154.000,8.120
1155.000,8.475
1156.000,7.923
1157.000,8.052
1158.000,7.951
1159.000,7.798
1160.000,7.905
1161.000,8.666
1162.000,8.005
1163.000,8.091
1164.000,7.867
1165.000,7.910
1166.000,8.286
1167.000,8.764
1168.000,8.027
1169.000,8.096
1170.000,8.080
1171.000,7.968
1172.000,8.210
1173.000,8.027
1174.000,9.527
1175.000,8.077
1176.000,7.876
1177.000,7.995
1178.000,7.915
1179.000,7.879
1180.000,8.022
1181.000,8.585
1182.000,8.213
1183.000,8.458
1184.000,7.988
1185.000,8.126
1186.000,8.352
1187.000,9.089
1188.000,7.884
1189.000,8.090
1190.000,7.940
1191.000,7.928
1192.000,8.046
1193.000,7.969
1194.000,8.316
1195.000,8.092
1196.000,7.935
1197.000,7.896
1198.000,7.969
1199.000,7.911
1200.000,8.119
1201.000,8.176
1202.000,8.401
1203.000,8.024
1204.000,7.969
1205.000,7.917
1206.000,8.271
1207.000,7.907
1208.000,8.296
1209.000,8.277
1210.000,8.163
1211.000,7.977
1212.000,8.348
1213.000,7.919
1214.000,8.091
1215.000,7.909
1216.000,8.014
1217.000,7.949
1218.000,8.195
1219.000,8.086
1220.000,8.222
1221.000,8.003
1222.000,8.284
1223.000,8.021
1224.000,8.035
1225.000,9.316
1226.000,7.983
1227.000,7.998
1228.000,7.984
1229.000,8.358
1230.000,7.991
1231.000,9.986
1232.000,8.141
1233.000,8.086
1234.000,7.931
1235.000,8.010
1236.000,7.909
1237.000,8.114
1238.000,7.811
1239.000,7.850
1240.000,7.855
1241.000,7.757
1242.000,8.036
1243.000,8.491
1244.000,8.047
1245.000,8.391
1246.000,7.818
1247.000,8.097
1248.000,8.449
1249.000,7.883
1250.000,8.759
1251.000,8.109
1252.000,7.976
1253.000,8.443
1254.000,7.897
1255.000,8.493
1256.000,7.951
1257.000,7.966
1258.000,8.049
1259.000,8.007
1260.000,7.961
1261.000,7.834
1262.000,7.822
1263.000,7.864
1264.000,7.907
1265.000,8.136
1266.000,7.655
1267.000,8.353
1268.000,8.056
1269.000,7.891
1270.000,7.994
1271.000,8.009
1272.000,7.770
1273.000,7.987
1274.000,8.156
1275.000,8.605
1276.000,7.972
1277.000,8.111
1278.000,8.009
1279.000,8.279
1280.000,7.844
1281.000,8.273
1282.000,7.842
1283.000,7.984
1284.000,8.269
1285.000,7.808
1286.000,7.900
1287.000,8.058
1288.000,7.827
1289.000,8.193
1290.000,8.489
1291.000,9.598
1292.000,8.272
1293.000,8.004
1294.000,7.963
1295.000,8.261
1296.000,7.906
1297.000,8.032
1298.000,7.773
1299.000,8.479
1300.000,8.057
1301.000,7.876
1302.000,8.085
1303.000,7.814
1304.000,7.864
1305.000,8.093
1306.000,7.957
1307.000,9.347
1308.000,8.225
1309.000,8.009
1310.000,7.905
1311.000,7.914
1312.000,7.897
1313.000,7.769
1314.000,7.762
1315.000,7.836
1316.000,7.912
1317.000,7.802
1318.000,7.703
1319.000,7.780
1320.000,8.736
1321.000,8.080
1322.000,8.106
1323.000,7.815
1324.000,7.902
1325.000,8.001
1326.000,8.123
1327.000,7.957
1328.000,7.938
1329.000,7.912
1330.000,8.215
1331.000,7.829
1332.000,7.858
1333.000,8.285
1334.000,8.093
1335.000,7.892
1336.000,7.744
1337.000,8.002
1338.000,7.797
1339.000,7.849
1340.000,8.296
1341.000,8.295
1342.000,7.767
1343.000,8.042
1344.000,8.160
1345.000,7.685
1346.000,7.808
1347.000,8.095
1348.000,8.376
1349.000,7.963
1350.000,8.084
1351.000,7.815
1352.000,7.856
1353.000,8.047
1354.000,7.729
1355.000,7.827
1356.000,8.284
1357.000,7.947
1358.000,8.502
1359.000,7.982
1360.000,8.041
1361.000,7.980
1362.000,8.245
1363.000,7.875
1364.000,8.177
1365.000,7.945
1366.000,8.079
1367.000,8.089
1368.000,7.942
1369.000,7.751
1370.000,7.738
1371.000,7.716
1372.000,8.523
1373.000,8.039
1374.000,7.776
1375.000,7.976
1376.000,7.852
1377.000,8.079
1378.000,7.823
1379.000,8.219
1380.000,8.117
1381.000,7.982
1382.000,7.904
1383.000,8.112
1384.000,7.835
1385.000,7.843
1386.000,7.832
1387.000,8.559
1388.000,7.929
1389.000,7.706
1390.000,8.237
1391.000,8.094
1392.000,8.358
1393.000,7.666
1394.000,7.880
1395.000,8.463
1396.000,8.154
1397.000,7.827
1398.000,8.120
1399.000,7.822
1400.000,8.032
1401.000,7.803
1402.000,7.870
1403.000,7.631
1404.000,7.840
1405.000,8.151
1406.000,8.001
1407.000,8.161
1408.000,7.670
1409.000,7.965
1410.000,7.770
1411.000,8.085
1412.000,7.774
1413.000,8.156
1414.000,8.891
1415.000,8.044
1416.000,7.707
1417.000,7.921
1418.000,7.635
1419.000,7.734
1420.000,7.805
1421.000,7.927
1422.000,8.655
1423.000,7.763
1424.000,7.795
1425.000,7.848
1426.000,7.988
1427.000,7.690
1428.000,7.715
1429.000,8.143
1430.000,7.860
1431.000,8.194
1432.000,7.885
1433.000,7.889
1434.000,7.934
1435.000,7.831
1436.000,8.413
1437.000,8.065
1438.000,7.851
1439.000,7.889
1440.000,7.814
1441.000,7.874
1442.000,7.754
1443.000,8.355
1444.000,7.745
1445.000,7.844
1446.000,7.867
1447.000,7.775
1448.000,7.706
1449.000,7.788
1450.000,8.115
1451.000,8.200
1452.000,7.840
1453.000,7.850
1454.000,7.791
1455.000,8.088
1456.000,7.599
1457.000,8.475
1458.000,8.186
1459.000,7.770
1460.000,7.849
1461.000,8.213
1462.000,7.994
1463.000,8.633
1464.000,7.925
1465.000,7.656
1466.000,7.869
1467.000,7.867
1468.000,7.960
1469.000,7.811
1470.000,8.023
1471.000,8.360
1472.000,8.167
1473.000,7.757
1474.000,7.879
1475.000,7.692
1476.000,7.863
1477.000,7.835
1478.000,8.184
1479.000,8.037
1480.000,7.892
1481.000,7.732
1482.000,7.831
1483.000,7.749
1484.000,8.058
1485.000,7.912
1486.000,8.081
1487.000,7.814
1488.000,8.190
1489.000,7.781
1490.000,7.934
1491.000,7.718
1492.000,7.909
1493.000,8.232
1494.000,11.644
1495.000,7.964
1496.000,7.710
1497.000,7.825
1498.000,7.981
1499.000,7.741
1500.000,8.226
1501.000,7.796
1502.000,7.938
1503.000,7.784
1504.000,8.203
1505.000,7.851
1506.000,7.932
1507.000,8.662
1508.000,7.721
1509.000,8.109
1510.000,7.708
1511.000,7.787
1512.000,8.096
1513.000,7.806
1514.000,7.835
1515.000,7.906
1516.000,8.215
1517.000,8.016
1518.000,7.796
1519.000,7.862
1520.000,7.768
1521.000,8.183
1522.000,7.718
1523.000,7.657
1524.000,7.700
1525.000,7.655
1526.000,8.897
1527.000,7.893
1528.000,7.728
1529.000,7.797
1530.000,7.818
1531.000,7.625
1532.000,7.804
1533.000,7.912
1534.000,7.601
1535.000,7.509
1536.000,7.722
1537.000,7.774
1538.000,7.976
1539.000,8.127
1540.000,7.739
1541.000,7.778
1542.000,7.737
1543.000,7.997
1544.000,7.644
1545.000,7.584
1546.000,7.737
1547.000,7.796
1548.000,7.929
1549.000,7.678
1550.000,7.798
1551.000,8.311
1552.000,8.050
1553.000,7.784
1554.000,7.789
1555.000,7.822
1556.000,7.643
1557.000,7.729
1558.000,8.093
1559.000,7.807
1560.000,7.998
1561.000,7.735
1562.000,8.318
1563.000,7.768
1564.000,8.027
1565.000,7.694
1566.000,8.000
1567.000,10.447
1568.000,8.074
1569.000,7.836
1570.000,7.826
1571.000,7.989
1572.000,8.034
1573.000,7.861
1574.000,7.801
1575.000,7.606
1576.000,7.755
1577.000,7.788
1578.000,7.758
1579.000,7.815
1580.000,8.791
1581.000,7.666
1582.000,7.656
1583.000,8.075
1584.000,7.689
1585.000,7.995
1586.000,8.309
1587.000,7.882
1588.000,7.644
1589.000,7.952
1590.000,8.192
1591.000,7.610
1592.000,7.881
1593.000,8.257
1594.000,7.684
1595.000,8.136
1596.000,7.535
1597.000,7.767
1598.000,7.951
1599.000,7.625
1600.000,7.849
1601.000,7.749
1602.000,8.264
1603.000,7.752
1604.000,8.038
1605.000,8.061
1606.000,8.021
1607.000,7.688
1608.000,7.988
1609.000,7.803
1610.000,8.392
1611.000,7.894
1612.000,7.782
1613.000,8.087
1614.000,7.911
1615.000,7.602
1616.000,7.915
1617.000,7.890
1618.000,7.875
1619.000,7.970
1620.000,7.883
1621.000,7.996
1622.000,8.008
1623.000,7.816
1624.000,8.136
1625.000,8.203
1626.000,7.963
1627.000,8.143
1628.000,7.892
1629.000,7.897
1630.000,7.819
1631.000,8.086
1632.000,10.562
1633.000,8.055
1634.000,7.839
1635.000,7.864
1636.000,8.086
1637.000,7.811
1638.000,7.798
1639.000,7.748
1640.000,7.774
1641.000,7.594
1642.000,7.741
1643.000,7.467
1644.000,7.677
1645.000,7.485
1646.000,7.601
1647.000,7.715
1648.000,7.755
1649.000,8.209
1650.000,8.182
1651.000,8.067
1652.000,7.680
1653.000,7.679
1654.000,7.676
1655.000,7.775
1656.000,7.679
1657.000,7.810
1658.000,8.032
1659.000,7.814
1660.000,7.478
1661.000,7.981
1662.000,7.558
1663.000,7.920
1664.000,8.887
1665.000,7.806
1666.000,7.694
1667.000,7.704
1668.000,7.702
1669.000,7.727
1670.000,7.818
1671.000,7.769
1672.000,8.107
1673.000,7.848
1674.000,7.586
1675.000,7.784
1676.000,8.968
1677.000,7.552
1678.000,7.704
1679.000,7.650
1680.000,7.987
1681.000,7.764
1682.000,8.001
1683.000,7.760
1684.000,7.564
1685.000,7.602
1686.000,7.748
1687.000,7.769
1688.000,8.026
1689.000,7.713
1690.000,7.934
1691.000,7.706
1692.000,7.875
1693.000,7.776
1694.000,8.279
1695.000,7.665
1696.000,8.031
1697.000,7.699
1698.000,8.101
1699.000,7.559
1700.000,7.596
1701.000,7.947
1702.000,7.568
1703.000,7.797
1704.000,8.140
1705.000,8.269
1706.000,7.804
1707.000,7.899
1708.000,7.772
1709.000,7.787
1710.000,7.742
1711.000,10.362
1712.000,7.825
1713.000,7.820
1714.000,8.099
1715.000,7.871
1716.000,7.818
1717.000,7.668
1718.000,7.815
1719.000,7.581
1720.000,8.031
1721.000,7.661
1722.000,7.589
1723.000,7.628
1724.000,7.849
1725.000,7.839
1726.000,8.380
1727.000,7.897
1728.000,8.176
1729.000,7.625
1730.000,7.693
1731.000,8.443
1732.000,7.760
1733.000,7.595
1734.000,7.797
1735.000,7.550
1736.000,7.765
1737.000,7.632
1738.000,7.678
1739.000,7.820
1740.000,7.551
1741.000,7.844
1742.000,8.063
1743.000,7.696
1744.000,8.047
1745.000,7.708
1746.000,7.948
1747.000,7.652
1748.000,7.972
1749.000,7.708
1750.000,7.867
1751.000,7.527
1752.000,7.808
1753.000,7.939
1754.000,7.853
1755.000,7.891
1756.000,7.784
1757.000,7.602
1758.000,7.687
1759.000,7.866
1760.000,8.004
1761.000,7.782
1762.000,8.197
1763.000,7.674
1764.000,8.255
1765.000,7.558
1766.000,7.576
1767.000,7.511
1768.000,7.801
1769.000,8.108
1770.000,7.599
1771.000,7.694
1772.000,7.881
1773.000,8.162
1774.000,7.973
1775.000,7.633
1776.000,7.826
1777.000,7.614
1778.000,7.948
1779.000,7.594
1780.000,7.822
1781.000,7.580
1782.000,7.490
1783.000,7.759
1784.000,7.664
1785.000,7.919
1786.000,7.699
1787.000,8.607
1788.000,7.756
1789.000,7.994
1790.000,7.662
1791.000,7.784
1792.000,7.810
1793.000,8.055
1794.000,7.774
1795.000,7.712
1796.000,8.117
1797.000,7.524
1798.000,7.697
1799.000,7.792
1800.000,7.700
1801.000,7.969
1802.000,7.668
1803.000,7.941
1804.000,7.679
1805.000,7.540
1806.000,8.007
1807.000,7.646
1808.000,7.900
1809.000,7.627
1810.000,7.808
1811.000,7.566
1812.000,7.745
1813.000,8.196
1814.000,7.952
1815.000,7.585
1816.000,7.670
1817.000,8.328
1818.000,7.602
1819.000,7.612
1820.000,7.710
1821.000,8.119
1822.000,8.006
1823.000,7.552
1824.000,8.030
1825.000,7.467
1826.000,11.606
1827.000,7.796
1828.000,7.705
1829.000,7.982
1830.000,7.594
1831.000,7.655
1832.000,7.589
1833.000,7.687
1834.000,7.499
1835.000,7.567
1836.000,7.496
1837.000,7.517
1838.000,7.578
1839.000,7.539
1840.000,7.550
1841.000,7.606
1842.000,7.515
1843.000,7.707
1844.000,7.618
1845.000,7.573
1846.000,8.563
1847.000,8.468
1848.000,11.410
1849.000,7.667
1850.000,7.564
1851.000,7.580
1852.000,7.616
1853.000,8.339
1854.000,8.172
1855.000,7.665
1856.000,7.731
1857.000,7.585
1858.000,7.818
1859.000,7.622
1860.000,7.666
1861.000,7.825
1862.000,7.964
1863.000,7.536
1864.000,7.587
1865.000,7.898
1866.000,7.953
1867.000,8.268
1868.000,7.513
1869.000,7.490
1870.000,7.958
1871.000,7.665
1872.000,7.566
1873.000,7.812
1874.000,7.462
1875.000,7.735
1876.000,8.285
1877.000,7.529
1878.000,7.591
1879.000,7.612
1880.000,7.812
1881.000,7.693
1882.000,7.719
1883.000,7.785
1884.000,7.862
1885.000,7.616
1886.000,7.690
1887.000,7.632
1888.000,7.911
1889.000,7.502
1890.000,7.955
1891.000,7.624
1892.000,7.858
1893.000,7.628
1894.000,8.518
1895.000,7.649
1896.000,7.676
1897.000,7.581
1898.000,8.128
1899.000,7.443
1900.000,7.519
1901.000,7.545
1902.000,7.702
1903.000,7.646
1904.000,7.945
1905.000,13.064
1906.000,7.634
1907.000,7.623
1908.000,7.611
1909.000,7.828
1910.000,7.547
1911.000,7.680
1912.000,7.531
1913.000,7.547
1914.000,7.582
1915.000,7.427
1916.000,7.520
1917.000,7.561
1918.000,7.641
1919.000,7.745
1920.000,7.691
1921.000,7.735
1922.000,7.612
1923.000,8.191
1924.000,7.595
1925.000,7.967
1926.000,7.668
1927.000,8.944
1928.000,7.479
1929.000,7.647
1930.000,7.451
1931.000,7.833
1932.000,7.785
1933.000,7.632
1934.000,7.896
1935.000,7.542
1936.000,7.869
1937.000,7.472
1938.000,7.523
1939.000,8.226
1940.000,7.443
1941.000,7.652
1942.000,7.682
1943.000,7.812
1944.000,8.120
1945.000,7.399
1946.000,7.517
1947.000,8.333
1948.000,7.466
1949.000,7.973
1950.000,7.652
1951.000,7.753
1952.000,7.553
1953.000,7.754
1954.000,7.601
1955.000,7.922
1956.000,7.467
1957.000,7.856
1958.000,7.730
1959.000,7.648
1960.000,8.157
1961.000,7.668
1962.000,7.939
1963.000,7.619
1964.000,7.707
1965.000,7.566
1966.000,7.665
1967.000,7.961
1968.000,7.772
1969.000,7.738
1970.000,7.744
1971.000,8.397
1972.000,7.547
1973.000,7.990
1974.000,7.514
1975.000,7.959
1976.000,7.572
1977.000,8.124
1978.000,7.471
1979.000,7.548
1980.000,7.871
1981.000,7.535
1982.000,7.700
1983.000,7.579
1984.000,7.858
1985.000,8.985
1986.000,7.746
1987.000,7.787
1988.000,7.638
1989.000,7.620
1990.000,7.655
1991.000,7.615
1992.000,7.697
1993.000,7.613
1994.000,7.709
1995.000,7.588
1996.000,8.042
1997.000,7.613
1998.000,8.769
1999.000,7.559
2000.000,7.666
2001.000,7.716
2002.000,7.622
2003.000,7.966
2004.000,7.821
2005.000,7.354
2006.000,7.766
2007.000,7.793
2008.000,7.659
2009.000,8.013
2010.000,7.451
2011.000,7.521
2012.000,8.035
2013.000,7.624
2014.000,7.688
2015.000,7.641
2016.000,7.929
2017.000,7.794
2018.000,7.835
2019.000,7.675
2020.000,7.726
2021.000,7.582
2022.000,8.749
2023.000,7.574
2024.000,7.752
2025.000,7.521
2026.000,7.576
2027.000,7.647
2028.000,7.907
2029.000,7.666
2030.000,8.151
2031.000,7.643
2032.000,7.865
2033.000,7.438
2034.000,7.582
2035.000,7.576
2036.000,7.574
2037.000,9.861
2038.000,7.494
2039.000,7.523
2040.000,7.392
2041.000,7.530
2042.000,7.525
2043.000,7.985
2044.000,7.599
2045.000,7.410
2046.000,7.799
2047.000,7.474
2048.000,7.807
2049.000,7.441
2050.000,7.561
2051.000,7.775
2052.000,7.473
2053.000,7.643
2054.000,7.726
2055.000,7.350
2056.000,7.863
2057.000,7.681
2058.000,7.468
2059.000,7.471
2060.000,7.543
2061.000,7.432
2062.000,7.842
2063.000,7.916
2064.000,7.404
2065.000,7.457
2066.000,7.459
2067.000,7.465
2068.000,7.806
2069.000,7.544
2070.000,7.718
2071.000,7.474
2072.000,7.487
2073.000,7.540
2074.000,7.714
2075.000,7.465
2076.000,7.549
2077.000,7.584
2078.000,7.562
2079.000,9.208
2080.000,7.533
2081.000,7.410
2082.000,7.443
2083.000,7.424
2084.000,7.583
2085.000,7.852
2086.000,7.466
2087.000,7.480
2088.000,10.641
2089.000,7.577
2090.000,7.457
2091.000,7.735
2092.000,7.558
2093.000,7.510
2094.000,7.580
2095.000,7.621
2096.000,7.685
2097.000,7.483
2098.000,7.804
2099.000,7.375
2100.000,7.324
2101.000,7.462
2102.000,7.896
2103.000,7.652
2104.000,7.486
2105.000,7.753
2106.000,7.479
2107.000,7.535
2108.000,7.893
2109.000,7.957
2110.000,7.429
2111.000,7.430
2112.000,7.836
2113.000,7.523
2114.000,7.462
2115.000,7.684
2116.000,9.616
2117.000,7.547
2118.000,7.649
2119.000,7.543
2120.000,7.521
2121.000,7.487
2122.000,7.415
2123.000,7.442
2124.000,7.843
2125.000,7.710
2126.000,7.665
2127.000,7.646
2128.000,7.468
2129.000,7.705
2130.000,7.546
2131.000,7.539
2132.000,7.562
2133.000,7.734
2134.000,7.404
2135.000,7.661
2136.000,7.438
2137.000,7.418
2138.000,7.615
2139.000,7.527
2140.000,7.769
2141.000,7.386
2142.000,7.553
2143.000,7.884
2144.000,7.504
2145.000,7.550
2146.000,8.477
2147.000,7.639
2148.000,7.696
2149.000,7.473
2150.000,7.510
2151.000,7.455
2152.000,7.502
2153.000,8.818
2154.000,7.503
2155.000,7.542
2156.000,7.444
2157.000,7.694
2158.000,7.398
2159.000,7.753
2160.000,7.328
2161.000,7.537
2162.000,7.497
2163.000,7.429
2164.000,7.489
2165.000,7.670
2166.000,7.707
2167.000,7.452
2168.000,7.220
2169.000,7.447
2170.000,7.591
2171.000,7.382
2172.000,7.470
2173.000,10.629
2174.000,7.510
2175.000,7.428
2176.000,7.344
2177.000,7.472
2178.000,7.424
2179.000,7.493
2180.000,7.415
2181.000,7.863
2182.000,7.541
2183.000,7.623
2184.000,7.258
2185.000,7.334
2186.000,7.312
2187.000,7.324
2188.000,8.018
2189.000,8.286
2190.000,7.343
2191.000,7.432
2192.000,7.580
2193.000,9.161
2194.000,7.344
2195.000,7.290
2196.000,7.432
2197.000,7.364
2198.000,7.768
2199.000,7.366
2200.000,7.750
2201.000,7.281
2202.000,10.203
2203.000,7.357
2204.000,7.277
2205.000,7.403
2206.000,7.268
2207.000,7.282
2208.000,7.454
2209.000,7.649
2210.000,7.386
2211.000,8.175
2212.000,7.291
2213.000,7.367
2214.000,7.715
2215.000,9.401
2216.000,7.610
2217.000,7.386
2218.000,7.450
2219.000,7.372
2220.000,7.426
2221.000,7.627
2222.000,7.682
2223.000,7.304
2224.000,7.473
2225.000,7.500
2226.000,7.332
2227.000,7.333
2228.000,7.424
2229.000,8.110
2230.000,7.672
2231.000,7.366
2232.000,7.339
2233.000,7.268
2234.000,7.402
2235.000,7.458
2236.000,7.353
2237.000,7.272
2238.000,7.757
2239.000,7.991
2240.000,7.864
2241.000,7.293
2242.000,8.346
2243.000,7.345
2244.000,7.282
2245.000,7.294
2246.000,7.406
2247.000,7.698
2248.000,7.438
2249.000,7.430
2250.000,7.380
2251.000,7.498
2252.000,7.393
2253.000,7.363
2254.000,7.464
2255.000,7.269
2256.000,9.135
2257.000,7.695
2258.000,7.279
2259.000,7.585
2260.000,7.583
2261.000,7.563
2262.000,7.396
2263.000,7.343
2264.000,7.459
2265.000,7.530
2266.000,7.398
2267.000,7.564
2268.000,7.571
2269.000,7.302
2270.000,7.548
2271.000,7.535
2272.000,7.673
2273.000,7.578
2274.000,7.424
2275.000,7.483
2276.000,7.311
2277.000,7.354
2278.000,7.725
2279.000,7.604
2280.000,7.496
2281.000,7.306
2282.000,7.412
2283.000,7.427
2284.000,7.580
2285.000,7.473
2286.000,7.514
2287.000,7.562
2288.000,7.834
2289.000,7.393
2290.000,7.573
2291.000,7.689
2292.000,7.436
2293.000,7.428
2294.000,7.449
2295.000,7.495
2296.000,7.816
2297.000,7.454
2298.000,7.729
2299.000,7.213
2300.000,7.618
2301.000,7.409
2302.000,7.505
2303.000,7.208
2304.000,7.532
2305.000,8.609
2306.000,7.290
2307.000,7.532
2308.000,7.462
2309.000,7.464
2310.000,7.234
2311.000,7.376
2312.000,7.616
2313.000,7.454
2314.000,7.665
2315.000,7.348
2316.000,10.131
2317.000,7.475
2318.000,7.245
2319.000,7.234
2320.000,7.320
2321.000,7.303
2322.000,7.494
2323.000,7.261
2324.000,8.162
2325.000,7.560
2326.000,7.329
2327.000,7.266
2328.000,7.200
2329.000,7.586
2330.000,7.676
2331.000,7.313
2332.000,7.189
2333.000,9.984
2334.000,7.385
2335.000,7.402
2336.000,7.338
2337.000,7.469
2338.000,7.799
2339.000,7.713
2340.000,7.239
2341.000,7.359
2342.000,7.664
2343.000,7.312
2344.000,7.178
2345.000,7.222
2346.000,7.661
2347.000,7.407
2348.000,7.349
2349.000,7.454
2350.000,7.462
2351.000,8.470
2352.000,7.384
2353.000,7.531
2354.000,7.306
2355.000,7.526
2356.000,7.305
2357.000,7.335
2358.000,8.037
2359.000,7.365
2360.000,7.279
2361.000,7.255
2362.000,7.371
2363.000,8.435
2364.000,7.586
2365.000,7.409
2366.000,7.542
2367.000,7.454
2368.000,7.547
2369.000,7.343
2370.000,7.470
2371.000,7.252
2372.000,7.447
2373.000,7.957
2374.000,7.491
2375.000,7.461
2376.000,7.252
2377.000,7.264
2378.000,7.617
2379.000,7.336
2380.000,7.242
2381.000,7.466
2382.000,7.353
2383.000,7.428
2384.000,7.712
2385.000,7.584
2386.000,7.498
2387.000,7.255
2388.000,7.854
2389.000,7.290
2390.000,7.473
2391.000,7.255
2392.000,7.363
2393.000,7.243
2394.000,7.842
2395.000,7.333
2396.000,7.596
2397.000,7.317
2398.000,7.334
2399.000,7.319
2400.000,8.411
2401.000,7.445
2402.000,7.588
2403.000,7.304
2404.000,7.367
2405.000,7.179
2406.000,7.737
2407.000,7.293
2408.000,7.379
2409.000,9.578
2410.000,7.209
2411.000,7.166
2412.000,7.287
2413.000,7.438
2414.000,7.231
2415.000,7.600
2416.000,7.410
2417.000,7.293
2418.000,7.332
2419.000,7.205
2420.000,7.254
2421.000,7.174
2422.000,7.287
2423.000,7.263
2424.000,7.425
2425.000,8.136
2426.000,7.621
2427.000,7.172
2428.000,7.243
2429.000,7.262
2430.000,7.202
2431.000,7.186
2432.000,7.543
2433.000,8.714
2434.000,7.342
2435.000,7.353
2436.000,7.227
2437.000,7.255
2438.000,7.682
2439.000,7.985
2440.000,7.559
2441.000,7.317
2442.000,7.376
2443.000,7.333
2444.000,7.344
2445.000,7.254
2446.000,7.610
2447.000,7.686
2448.000,7.402
2449.000,7.251
2450.000,7.627
2451.000,7.270
2452.000,7.377
2453.000,10.017
2454.000,7.358
2455.000,7.264
2456.000,7.275
2457.000,7.237
2458.000,7.299
2459.000,7.277
2460.000,7.448
2461.000,7.365
2462.000,7.205
2463.000,7.200
2464.000,7.774
2465.000,8.053
2466.000,7.202
2467.000,7.340
2468.000,7.514
2469.000,7.364
2470.000,7.503
2471.000,7.201
2472.000,7.166
2473.000,7.597
2474.000,7.751
2475.000,7.345
2476.000,7.330
2477.000,8.106
2478.000,7.380
2479.000,7.210
2480.000,7.681
2481.000,7.237
2482.000,7.413
2483.000,7.223
2484.000,7.663
2485.000,7.362
2486.000,7.184
2487.000,7.314
2488.000,7.844
2489.000,7.726
2490.000,7.190
2491.000,7.271
2492.000,7.159
2493.000,7.313
2494.000,7.176
2495.000,8.226
2496.000,7.411
2497.000,7.253
2498.000,7.724
2499.000,7.373
2500.000,7.338
2501.000,7.452
2502.000,7.345
2503.000,7.535
2504.000,7.363
2505.000,7.839
2506.000,7.151
2507.000,7.462
2508.000,8.594
2509.000,7.340
2510.000,7.542
2511.000,7.248
2512.000,7.333
2513.000,7.333
2514.000,7.326
2515.000,7.306
2516.000,8.535
2517.000,7.422
2518.000,7.199
2519.000,7.371
2520.000,7.359
2521.000,7.326
2522.000,7.602
2523.000,7.627
2524.000,7.162
2525.000,7.407
2526.000,8.114
2527.000,7.191
2528.000,7.288
2529.000,7.196
2530.000,7.270
2531.000,7.296
2532.000,7.155
2533.000,7.369
2534.000,7.569
2535.000,7.364
2536.000,7.308
2537.000,7.367
2538.000,7.425
2539.000,7.281
2540.000,7.243
2541.000,7.622
2542.000,7.284
2543.000,7.274
2544.000,7.258
2545.000,7.383
2546.000,7.291
2547.000,8.820
2548.000,7.333
2549.000,7.227
2550.000,7.904
2551.000,7.168
2552.000,7.269
2553.000,7.156
2554.000,7.313
2555.000,7.519
2556.000,7.402
2557.000,7.331
2558.000,7.170
2559.000,7.560
2560.000,7.227
2561.000,7.381
2562.000,7.490
2563.000,7.292
2564.000,7.513
2565.000,7.479
2566.000,7.529
2567.000,7.426
2568.000,7.129
2569.000,7.389
2570.000,7.287
2571.000,7.583
2572.000,7.356
2573.000,7.356
2574.000,7.187
2575.000,7.349
2576.000,7.267
2577.000,7.333
2578.000,7.592
2579.000,7.396
2580.000,7.517
2581.000,7.247
2582.000,7.118
2583.000,7.208
2584.000,7.457
2585.000,7.195
2586.000,8.388
2587.000,7.337
2588.000,7.138
2589.000,7.307
2590.000,7.229
2591.000,7.501
2592.000,7.443
2593.000,7.156
2594.000,7.250
2595.000,7.506
2596.000,9.027
2597.000,7.344
2598.000,7.289
2599.000,7.241
2600.000,7.231
2601.000,7.209
2602.000,7.414
2603.000,7.618
2604.000,7.206
2605.000,7.745
2606.000,7.268
2607.000,7.206
2608.000,7.203
2609.000,7.149
2610.000,7.846
2611.000,7.265
2612.000,7.836
2613.000,7.465
2614.000,7.384
2615.000,7.301
2616.000,7.449
2617.000,9.514
2618.000,7.221
2619.000,7.213
2620.000,7.328
2621.000,7.267
2622.000,7.493
2623.000,7.312
2624.000,7.261
2625.000,7.204
2626.000,7.208
2627.000,7.303
2628.000,7.337
2629.000,7.165
2630.000,7.176
2631.000,7.163
2632.000,7.225
2633.000,7.794
2634.000,7.396
2635.000,7.201
2636.000,7.420
2637.000,7.378
2638.000,7.317
2639.000,7.704
2640.000,7.174
2641.000,7.155
2642.000,7.416
2643.000,7.337
2644.000,7.487
2645.000,7.538
2646.000,7.160
2647.000,7.737
2648.000,7.284
2649.000,7.254
2650.000,7.204
2651.000,7.494
2652.000,8.118
2653.000,7.282
2654.000,7.476
2655.000,7.222
2656.000,7.136
2657.000,7.265
2658.000,7.207
2659.000,7.220
2660.000,7.814
2661.000,7.217
2662.000,7.138
2663.000,7.343
2664.000,7.371
2665.000,7.417
2666.000,7.277
2667.000,7.515
2668.000,7.360
2669.000,7.481
2670.000,7.241
2671.000,7.204
2672.000,7.165
2673.000,7.190
2674.000,7.497
2675.000,7.143
2676.000,8.071
2677.000,7.208
2678.000,7.142
2679.000,7.457
2680.000,7.255
2681.000,7.271
2682.000,7.446
2683.000,7.777
2684.000,7.096
2685.000,7.261
2686.000,9.533
2687.000,7.710
2688.000,7.160
2689.000,7.135
2690.000,7.208
2691.000,7.171
2692.000,7.236
2693.000,7.461
2694.000,7.221
2695.000,7.161
2696.000,7.311
2697.000,7.531
2698.000,7.171
2699.000,7.134
2700.000,7.162
2701.000,7.101
2702.000,7.168
2703.000,7.355
2704.000,7.141
2705.000,7.599
2706.000,7.562
2707.000,7.292
2708.000,7.373
2709.000,7.208
2710.000,7.281
2711.000,7.466
2712.000,7.268
2713.000,7.114
2714.000,7.343
2715.000,7.352
2716.000,7.475
2717.000,7.168
2718.000,7.996
2719.000,7.354
2720.000,7.205
2721.000,7.276
2722.000,7.758
2723.000,7.151
2724.000,7.164
2725.000,7.108
2726.000,7.338
2727.000,7.501
2728.000,7.119
2729.000,7.397
2730.000,7.182
2731.000,7.147
2732.000,7.140
2733.000,7.136
2734.000,7.198
2735.000,8.200
2736.000,7.414
2737.000,7.391
2738.000,7.132
2739.000,7.132
2740.000,7.109
2741.000,7.151
2742.000,7.230
2743.000,7.982
2744.000,7.215
2745.000,7.130
2746.000,7.259
2747.000,7.261
2748.000,8.592
2749.000,7.154
2750.000,7.188
2751.000,7.161
2752.000,7.175
2753.000,7.403
2754.000,7.514
2755.000,7.169
2756.000,7.178
2757.000,7.140
2758.000,7.238
2759.000,7.116
2760.000,7.389
2761.000,7.552
2762.000,7.160
2763.000,7.067
2764.000,7.241
2765.000,7.216
2766.000,7.967
2767.000,7.463
2768.000,7.064
2769.000,8.095
2770.000,7.053
2771.000,7.146
2772.000,7.118
2773.000,7.300
2774.000,7.457
2775.000,7.188
2776.000,7.243
2777.000,8.586
2778.000,8.651
2779.000,7.157
2780.000,7.220
2781.000,7.242
2782.000,7.229
2783.000,7.237
2784.000,7.203
2785.000,7.430
2786.000,7.241
2787.000,7.362
2788.000,7.245
2789.000,7.202
2790.000,7.219
2791.000,7.155
2792.000,7.251
2793.000,7.505
2794.000,7.221
2795.000,7.304
2796.000,7.234
2797.000,7.155
2798.000,7.523
2799.000,7.368
2800.000,7.846
2801.000,7.199
2802.000,7.130
2803.000,7.126
2804.000,7.726
2805.000,7.379
2806.000,7.711
2807.000,7.211
2808.000,7.159
2809.000,7.263
2810.000,7.124
2811.000,7.474
2812.000,7.485
2813.000,7.061
2814.000,7.155
2815.000,7.131
2816.000,7.455
2817.000,7.206
2818.000,7.466
2819.000,7.701
2820.000,7.147
2821.000,7.119
2822.000,7.207
2823.000,7.194
2824.000,7.314
2825.000,7.242
2826.000,7.398
2827.000,7.064
2828.000,7.337
2829.000,8.349
2830.000,7.187
2831.000,7.142
2832.000,7.183
2833.000,8.995
2834.000,7.196
2835.000,7.169
2836.000,7.089
2837.000,7.381
2838.000,7.385
2839.000,7.583
2840.000,7.205
2841.000,7.070
2842.000,7.122
2843.000,7.243
2844.000,7.194
2845.000,8.187
2846.000,7.348
2847.000,7.202
2848.000,7.109
2849.000,7.156
2850.000,7.100
2851.000,7.152
2852.000,7.368
2853.000,7.365
2854.000,7.506
2855.000,8.721
2856.000,7.077
2857.000,7.141
2858.000,7.204
2859.000,7.226
2860.000,7.176
2861.000,7.318
2862.000,7.374
2863.000,7.195
2864.000,7.077
2865.000,7.084
2866.000,7.175
2867.000,7.344
2868.000,7.205
2869.000,7.462
2870.000,7.408
2871.000,7.167
2872.000,7.143
2873.000,7.496
2874.000,7.070
2875.000,7.338
2876.000,7.315
2877.000,8.519
2878.000,7.159
2879.000,7.882
2880.000,7.128
2881.000,7.057
2882.000,7.201
2883.000,7.253
2884.000,7.241
2885.000,7.468
2886.000,7.326
2887.000,7.164
2888.000,7.212
2889.000,7.207
2890.000,7.321
2891.000,7.375
2892.000,7.610
2893.000,7.074
2894.000,7.159
2895.000,7.171
2896.000,7.407
2897.000,7.323
2898.000,7.257
2899.000,7.369
2900.000,7.534
2901.000,7.176
2902.000,7.094
2903.000,7.138
2904.000,7.287
2905.000,8.100
2906.000,7.083
2907.000,7.010
2908.000,7.733
2909.000,7.129
2910.000,7.046
2911.000,7.151
2912.000,7.636
2913.000,7.151
2914.000,7.120
2915.000,7.430
2916.000,7.511
2917.000,7.352
2918.000,7.033
2919.000,7.024
2920.000,7.059
2921.000,7.013
2922.000,7.243
2923.000,7.509
2924.000,7.056
2925.000,7.284
2926.000,7.808
2927.000,7.091
2928.000,7.151
2929.000,7.035
2930.000,7.340
2931.000,7.430
2932.000,7.314
2933.000,7.121
2934.000,7.009
2935.000,7.142
2936.000,7.213
2937.000,7.222
2938.000,7.304
2939.000,7.338
2940.000,7.048
2941.000,7.174
2942.000,7.077
2943.000,7.230
2944.000,7.051
2945.000,7.420
2946.000,7.291
2947.000,7.008
2948.000,7.057
2949.000,7.089
2950.000,7.046
2951.000,8.104
2952.000,7.121
2953.000,7.007
2954.000,7.079
2955.000,7.127
2956.000,7.542
2957.000,7.174
2958.000,7.204
2959.000,7.179
2960.000,7.952
2961.000,7.208
2962.000,7.105
2963.000,7.060
2964.000,7.051
2965.000,7.114
2966.000,7.072
2967.000,7.389
2968.000,7.196
2969.000,7.259
2970.000,7.334
2971.000,7.374
2972.000,7.056
2973.000,7.032
2974.000,7.137
2975.000,7.168
2976.000,7.498
2977.000,7.212
2978.000,7.471
2979.000,7.010
2980.000,7.024
2981.000,7.342
2982.000,7.572
2983.000,7.192
2984.000,7.054
2985.000,7.075
2986.000,7.011
2987.000,7.012
2988.000,7.193
2989.000,7.420
2990.000,6.957
2991.000,6.977
2992.000,7.018
2993.000,7.841
2994.000,7.285
2995.000,7.576
2996.000,7.247
2997.000,7.858
2998.000,7.245
2999.000,7.121
3000.000,3286.528
3001.000,3149.250
3002.000,3072.778
3003.000,3013.093
3004.000,2966.897
3005.000,2930.098
3006.000,2895.935
3007.000,2863.524
3008.000,2831.834
3009.000,2809.329
3010.000,2782.558
3011.000,2753.033
3012.000,2728.341
3013.000,2707.022
3014.000,2688.301
3015.000,2672.115
3016.000,2658.036
3017.000,2646.056
3018.000,2636.042
3019.000,2627.970
3020.000,2621.861
3021.000,2617.373
3022.000,2614.144
3023.000,2612.012
3024.000,2610.689
3025.000,2610.077
3026.000,2609.767
3027.000,2609.492
3028.000,2609.434
3029.000,2609.198
3030.000,2609.154
3031.000,2608.990
3032.000,2608.996
3033.000,2608.737
3034.000,2608.686
3035.000,2608.617
3036.000,2608.482
3037.000,2608.338
3038.000,2608.316
3039.000,2608.158
3040.000,2608.113
3041.000,2608.128
3042.000,2608.015
3043.000,2607.771
3044.000,2607.733
3045.000,2607.515
3046.000,2607.328
3047.000,2607.323
3048.000,2607.329
3049.000,2607.242
3050.000,2606.854
3051.000,2606.806
3052.000,2606.824
3053.000,2606.808
3054.000,2606.732
3055.000,2606.442
3056.000,2606.501
3057.000,2606.438
3058.000,2606.243
3059.000,2606.160
3060.000,2606.185
3061.000,2605.914
3062.000,2605.901
3063.000,2605.839
3064.000,2605.686
3065.000,2605.484
3066.000,2605.280
3067.000,2605.242
3068.000,2605.372
3069.000,2605.114
3070.000,2605.062
3071.000,2604.892
3072.000,2604.924
3073.000,2604.651
3074.000,2604.506
3075.000,2604.961
3076.000,2604.764
3077.000,2604.561
3078.000,2604.205
3079.000,2604.141
3080.000,2604.311
3081.000,2603.928
3082.000,2603.834
3083.000,2603.654
3084.000,2604.141
3085.000,2603.310
3086.000,2603.515
3087.000,2603.190
3088.000,2603.109
3089.000,2603.028
3090.000,2602.977
3091.000,2602.714
3092.000,2602.895
3093.000,2602.651
3094.000,2602.873
3095.000,2602.555
3096.000,2602.334
3097.000,2602.153
3098.000,2602.076
3099.000,2601.919
3100.000,2601.818
3101.000,2601.731
3102.000,2601.858
3103.000,2601.569
3104.000,2601.600
3105.000,2601.361
3106.000,2601.467
3107.000,2601.338
3108.000,2601.079
3109.000,2601.228
3110.000,2600.923
3111.000,2600.977
3112.000,2600.905
3113.000,2600.761
3114.000,2600.531
3115.000,2600.443
3116.000,2600.492
3117.000,2600.297
3118.000,2600.919
3119.000,2600.136
3120.000,2600.045
3121.000,2599.920
3122.000,2599.870
3123.000,2599.724
3124.000,2599.629
3125.000,2599.575
3126.000,2599.615
3127.000,2599.360
3128.000,2599.267
3129.000,2599.336
3130.000,2599.089
3131.000,2598.992
3132.000,2598.902
3133.000,2598.835
3134.000,2598.716
3135.000,2598.836
3136.000,2598.682
3137.000,2598.465
3138.000,2598.535
3139.000,2598.288
3140.000,2598.351
3141.000,2598.113
3142.000,2598.008
3143.000,2597.912
3144.000,2597.983
3145.000,2597.736
3146.000,2597.638
3147.000,2597.553
3148.000,2597.471
3149.000,2597.566
3150.000,2597.287
3151.000,2597.249
3152.000,2597.268
3153.000,2597.032
3154.000,2596.965
3155.000,2596.837
3156.000,2596.913
3157.000,2596.842
3158.000,2596.719
3159.000,2596.479
3160.000,2596.544
3161.000,2596.328
3162.000,2596.325
3163.000,2596.268
3164.000,2596.028
3165.000,2595.968
3166.000,2595.848
3167.000,2595.764
3168.000,2595.799
3169.000,2595.699
3170.000,2595.492
3171.000,2595.420
3172.000,2595.318
3173.000,2595.227
3174.000,2595.291
3175.000,2595.051
3176.000,2594.968
3177.000,2594.867
3178.000,2594.906
3179.000,2594.691
3180.000,2594.603
3181.000,2594.514
3182.000,2594.423
3183.000,2594.505
3184.000,2594.267
3185.000,2594.175
3186.000,2594.061
3187.000,2594.137
3188.000,2593.881
3189.000,2593.795
3190.000,2593.700
3191.000,2593.615
3192.000,2593.525
3193.000,2593.502
3194.000,2593.352
3195.000,2593.412
3196.000,2593.318
3197.000,2593.077
3198.000,2592.985
3199.000,2593.063
3200.000,2592.816
3201.000,2592.724
3202.000,2592.628
3203.000,2592.541
3204.000,2592.452
3205.000,2592.363
3206.000,2592.271
3207.000,2592.193
3208.000,2592.119
3209.000,2592.025
3210.000,2591.966
3211.000,2591.842
3212.000,2591.737
3213.000,2591.795
3214.000,2591.571
3215.000,2591.584
3216.000,2591.381
3217.000,2591.295
3218.000,2591.208
3219.000,2591.112
3220.000,2591.199
3221.000,2590.931
3222.000,2590.955
3223.000,2590.924
3224.000,2590.668
3225.000,2590.581
3226.000,2590.514
3227.000,2590.412
3228.000,2590.472
3229.000,2590.375
3230.000,2590.130
3231.000,2590.218
3232.000,2589.953
3233.000,2589.861
3234.000,2589.780
3235.000,2589.683
3236.000,2589.630
3237.000,2589.506
3238.000,2589.472
3239.000,2589.503
3240.000,2589.241
3241.000,2589.174
3242.000,2589.063
3243.000,2589.154
3244.000,2588.892
3245.000,2588.796
3246.000,2588.704
3247.000,2588.640
3248.000,2588.534
3249.000,2588.438
3250.000,2588.353
3251.000,2588.417
3252.000,2588.181
3253.000,2588.253
3254.000,2587.994
3255.000,2588.020
3256.000,2587.814
3257.000,2587.721
3258.000,2587.769
3259.000,2587.540
3260.000,2587.463
3261.000,2587.492
3262.000,2587.288
3263.000,2587.199
3264.000,2587.103
3265.000,2587.108
3266.000,2587.026
3267.000,2586.932
3268.000,2586.756
3269.000,2586.804
3270.000,2586.691
3271.000,2586.477
3272.000,2586.383
3273.000,2586.295
3274.000,2586.209
3275.000,2586.257
3276.000,2586.029
3277.000,2585.978
3278.000,2585.962
3279.000,2585.760
3280.000,2585.681
3281.000,2585.664
3282.000,2585.501
3283.000,2585.401
3284.000,2585.314
3285.000,2585.245
3286.000,2585.188
3287.000,2585.054
3288.000,2584.964
3289.000,2584.869
3290.000,2584.971
3291.000,2584.689
3292.000,2584.601
3293.000,2584.509
3294.000,2584.423
3295.000,2584.339
3296.000,2584.259
3297.000,2584.159
3298.000,2584.065
3299.000,2583.974
3300.000,2584.034
3301.000,2583.798
3302.000,2583.736
3303.000,2583.730
3304.000,2583.529
3305.000,2583.449
3306.000,2583.352
3307.000,2583.360
3308.000,2583.276
3309.000,2583.095
3310.000,2582.997
3311.000,2582.906
3312.000,2582.816
3313.000,2582.731
3314.000,2582.668
3315.000,2582.556
3316.000,2582.586
3317.000,2582.378
3318.000,2582.433
3319.000,2582.201
3320.000,2582.218
3321.000,2582.016
3322.000,2581.927
3323.000,2582.008
3324.000,2581.747
3325.000,2581.658
3326.000,2581.572
3327.000,2581.482
3328.000,2581.560
3329.000,2581.301
3330.000,2581.214
3331.000,2581.121
3332.000,2581.032
3333.000,2580.944
3334.000,2580.861
3335.000,2580.777
3336.000,2580.684
3337.000,2580.590
3338.000,2580.499
3339.000,2580.411
3340.000,2580.321
3341.000,2580.389
3342.000,2580.142
3343.000,2580.052
3344.000,2580.114
3345.000,2579.878
3346.000,2579.907
3347.000,2579.835
3348.000,2579.609
3349.000,2579.691
3350.000,2579.604
3351.000,2579.482
3352.000,2579.420
3353.000,2579.165
3354.000,2579.210
3355.000,2578.992
3356.000,2578.895
3357.000,2578.932
3358.000,2578.721
3359.000,2578.630
3360.000,2578.539
3361.000,2578.463
3362.000,2578.362
3363.000,2578.274
3364.000,2578.199
3365.000,2578.254
3366.000,2578.177
3367.000,2577.915
3368.000,2577.825
3369.000,2577.736
3370.000,2577.647
3371.000,2577.572
3372.000,2577.539
3373.000,2577.387
3374.000,2577.291
3375.000,2577.208
3376.000,2577.129
3377.000,2577.028
3378.000,2577.081
3379.000,2576.923
3380.000,2576.757
3381.000,2576.669
3382.000,2576.579
3383.000,2576.491
3384.000,2576.556
3385.000,2576.375
3386.000,2576.222
3387.000,2576.264
3388.000,2576.178
3389.000,2575.965
3390.000,2575.957
3391.000,2575.804
3392.000,2575.694
3393.000,2575.608
3394.000,2575.518
3395.000,2575.579
3396.000,2575.335
3397.000,2575.422
3398.000,2575.154
3399.000,2575.065
3400.000,2575.068
3401.000,2574.887
3402.000,2574.977
3403.000,2574.710
3404.000,2574.771
3405.000,2574.532
3406.000,2574.442
3407.000,2574.498
3408.000,2574.351
3409.000,2574.189
3410.000,2574.089
3411.000,2574.128
3412.000,2573.916
3413.000,2573.901
3414.000,2573.872
3415.000,2573.641
3416.000,2573.577
3417.000,2573.463
3418.000,2573.510
3419.000,2573.323
3420.000,2573.361
3421.000,2573.109
3422.000,2573.024
3423.000,2572.931
3424.000,2572.844
3425.000,2572.751
3426.000,2572.711
3427.000,2572.747
3428.000,2572.486
3429.000,2572.395
3430.000,2572.307
3431.000,2572.274
3432.000,2572.132
3433.000,2572.039
3434.000,2572.120
3435.000,2572.018
3436.000,2571.773
3437.000,2571.684
3438.000,2571.741
3439.000,2571.506
3440.000,2571.572
3441.000,2571.499
3442.000,2571.378
3443.000,2571.152
3444.000,2571.107
3445.000,2570.982
3446.000,2570.896
3447.000,2570.798
3448.000,2570.710
3449.000,2570.617
3450.000,2570.668
3451.000,2570.440
3452.000,2570.350
3453.000,2570.260
3454.000,2570.340
3455.000,2570.084
3456.000,2569.994
3457.000,2570.082
3458.000,2569.815
3459.000,2569.860
3460.000,2569.637
3461.000,2569.549
3462.000,2569.551
3463.000,2569.370
3464.000,2569.284
3465.000,2569.323
3466.000,2569.106
3467.000,2569.017
3468.000,2568.997
3469.000,2568.838
3470.000,2568.892
3471.000,2568.827
3472.000,2568.572
3473.000,2568.546
3474.000,2568.395
3475.000,2568.305
3476.000,2568.216
3477.000,2568.127
3478.000,2568.039
3479.000,2567.953
3480.000,2567.996
3481.000,2567.771
3482.000,2567.812
3483.000,2567.596
3484.000,2567.504
3485.000,2567.590
3486.000,2567.356
3487.000,2567.240
3488.000,2567.304
3489.000,2567.064
3490.000,2566.972
3491.000,2566.884
3492.000,2566.931
3493.000,2566.708
3494.000,2566.693
3495.000,2566.528
3496.000,2566.438
3497.000,2566.353
3498.000,2566.261
3499.000,2566.173
3500.000,2566.083
3501.000,2566.003
3502.000,2565.913
3503.000,2565.954
3504.000,2565.728
3505.000,2565.638
3506.000,2565.549
3507.000,2565.460
3508.000,2565.373
3509.000,2565.285
3510.000,2565.324
3511.000,2565.229
3512.000,2565.019
3513.000,2565.106
3514.000,2564.842
3515.000,2564.870
3516.000,2564.667
3517.000,2564.574
3518.000,2564.486
3519.000,2564.396
3520.000,2564.306
3521.000,2564.365
3522.000,2564.253
3523.000,2564.041
3524.000,2563.951
3525.000,2564.032
3526.000,2563.775
3527.000,2563.686
3528.000,2563.596
3529.000,2563.656
3530.000,2563.419
3531.000,2563.331
3532.000,2563.243
3533.000,2563.277
3534.000,2563.066
3535.000,2563.031
3536.000,2563.003
3537.000,2562.951
3538.000,2562.711
3539.000,2562.622
3540.000,2562.533
3541.000,2562.566
3542.000,2562.516
3543.000,2562.264
3544.000,2562.177
3545.000,2562.088
3546.000,2561.999
3547.000,2562.039
3548.000,2561.822
3549.000,2561.733
3550.000,2561.823
3551.000,2561.556
3552.000,2561.468
3553.000,2561.378
3554.000,2561.289
3555.000,2561.200
3556.000,2561.114
3557.000,2561.144
3558.000,2560.934
3559.000,2560.845
3560.000,2560.758
3561.000,2560.669
3562.000,2560.579
3563.000,2560.676
3564.000,2560.546
3565.000,2560.312
3566.000,2560.223
3567.000,2560.136
3568.000,2560.047
3569.000,2559.957
3570.000,2560.033
3571.000,2559.894
3572.000,2559.694
3573.000,2559.767
3574.000,2559.514
3575.000,2559.582
3576.000,2559.338
3577.000,2559.391
3578.000,2559.160
3579.000,2559.183
3580.000,2558.983
3581.000,2559.008
3582.000,2558.806
3583.000,2558.892
3584.000,2558.728
3585.000,2558.539
3586.000,2558.450
3587.000,2558.427
3588.000,2558.273
3589.000,2558.184
3590.000,2558.095
3591.000,2558.045
3592.000,2558.098
3593.000,2557.828
3594.000,2557.746
3595.000,2557.651
3596.000,2557.588
3597.000,2557.485
3598.000,2557.386
3599.000,2557.298
3600.000,2557.371
3601.000,2557.282
3602.000,2557.157
3603.000,2556.942
3604.000,2556.853
3605.000,2556.765
3606.000,2556.682
3607.000,2556.592
3608.000,2556.663
3609.000,2556.410
3610.000,2556.323
3611.000,2556.234
3612.000,2556.143
3613.000,2556.054
3614.000,2556.014
3615.000,2556.054
3616.000,2555.793
3617.000,2555.700
3618.000,2555.611
3619.000,2555.651
3620.000,2555.434
3621.000,2555.345
3622.000,2555.256
3623.000,2555.169
3624.000,2555.079
3625.000,2554.990
3626.000,2554.902
3627.000,2554.813
3628.000,2554.727
3629.000,2554.645
3630.000,2554.548
3631.000,2554.459
3632.000,2554.482
3633.000,2554.288
3634.000,2554.315
3635.000,2554.104
3636.000,2554.015
3637.000,2553.926
3638.000,2553.841
3639.000,2553.749
3640.000,2553.840
3641.000,2553.632
3642.000,2553.485
3643.000,2553.541
3644.000,2553.438
3645.000,2553.223
3646.000,2553.131
3647.000,2553.160
3648.000,2552.968
3649.000,2552.864
3650.000,2552.776
3651.000,2552.687
3652.000,2552.780
3653.000,2552.509
3654.000,2552.546
3655.000,2552.333
3656.000,2552.408
3657.000,2552.165
3658.000,2552.070
3659.000,2551.978
3660.000,2551.889
3661.000,2551.800
3662.000,2551.750
3663.000,2551.633
3664.000,2551.541
3665.000,2551.446
3666.000,2551.497
3667.000,2551.269
3668.000,2551.180
3669.000,2551.222
3670.000,2551.123
3671.000,2550.914
3672.000,2550.947
3673.000,2550.848
3674.000,2550.654
3675.000,2550.560
3676.000,2550.476
3677.000,2550.384
3678.000,2550.293
3679.000,2550.364
3680.000,2550.243
3681.000,2550.149
3682.000,2550.041
3683.000,2549.852
3684.000,2549.763
3685.000,2549.674
3686.000,2549.585
3687.000,2549.499
3688.000,2549.409
3689.000,2549.498
3690.000,2549.233
3691.000,2549.144
3692.000,2549.228
3693.000,2548.979
3694.000,2548.878
3695.000,2548.789
3696.000,2548.825
3697.000,2548.613
3698.000,2548.680
3699.000,2548.436
3700.000,2548.346
3701.000,2548.257
3702.000,2548.169
3703.000,2548.081
3704.000,2548.124
3705.000,2548.055
3706.000,2547.816
3707.000,2547.728
3708.000,2547.637
3709.000,2547.706
3710.000,2547.630
3711.000,2547.373
3712.000,2547.296
3713.000,2547.195
3714.000,2547.274
3715.000,2547.149
3716.000,2546.932
3717.000,2547.027
3718.000,2546.754
3719.000,2546.847
3720.000,2546.576
3721.000,2546.488
3722.000,2546.530
3723.000,2546.312
3724.000,2546.223
3725.000,2546.284
3726.000,2546.175
3727.000,2545.959
3728.000,2545.868
3729.000,2545.779
3730.000,2545.691
3731.000,2545.602
3732.000,2545.520
3733.000,2545.428
3734.000,2545.338
3735.000,2545.271
3736.000,2545.163
3737.000,2545.076
3738.000,2545.126
3739.000,2545.020
3740.000,2544.926
3741.000,2544.721
3742.000,2544.630
3743.000,2544.544
3744.000,2544.453
3745.000,2544.365
3746.000,2544.308
3747.000,2544.187
3748.000,2544.099
3749.000,2544.010
3750.000,2543.923
3751.000,2543.833
3752.000,2543.766
3753.000,2543.656
3754.000,2543.568
3755.000,2543.623
3756.000,2543.392
3757.000,2543.302
3758.000,2543.218
3759.000,2543.139
3760.000,2543.040
3761.000,2542.957
3762.000,2542.860
3763.000,2542.773
3764.000,2542.685
3765.000,2542.595
3766.000,2542.507
3767.000,2542.419
3768.000,2542.517
3769.000,2542.243
3770.000,2542.282
3771.000,2542.196
3772.000,2541.977
3773.000,2542.027
3774.000,2541.800
3775.000,2541.711
3776.000,2541.629
3777.000,2541.697
3778.000,2541.608
3779.000,2541.359
3780.000,2541.269
3781.000,2541.181
3782.000,2541.093
3783.000,2541.003
3784.000,2540.918
3785.000,2540.827
3786.000,2540.927
3787.000,2540.651
3788.000,2540.561
3789.000,2540.473
3790.000,2540.384
3791.000,2540.297
3792.000,2540.332
3793.000,2540.251
3794.000,2540.032
3795.000,2539.943
3796.000,2539.855
3797.000,2539.767
3798.000,2539.679
3799.000,2539.592
3800.000,2539.501
3801.000,2539.557
3802.000,2539.326
3803.000,2539.236
3804.000,2539.147
3805.000,2539.197
3806.000,2539.077
3807.000,2538.967
3808.000,2538.796
3809.000,2538.706
3810.000,2538.618
3811.000,2538.529
3812.000,2538.441
3813.000,2538.353
3814.000,2538.264
3815.000,2538.319
3816.000,2538.094
3817.000,2537.999
3818.000,2537.910
3819.000,2537.822
3820.000,2537.870
3821.000,2537.645
3822.000,2537.697
3823.000,2537.468
3824.000,2537.398
3825.000,2537.292
3826.000,2537.209
3827.000,2537.115
3828.000,2537.197
3829.000,2537.082
3830.000,2536.850
3831.000,2536.761
3832.000,2536.673
3833.000,2536.585
3834.000,2536.499
3835.000,2536.409
3836.000,2536.320
3837.000,2536.234
3838.000,2536.146
3839.000,2536.056
3840.000,2535.968
3841.000,2536.021
3842.000,2535.916
3843.000,2535.702
3844.000,2535.613
3845.000,2535.525
3846.000,2535.437
3847.000,2535.349
3848.000,2535.347
3849.000,2535.173
3850.000,2535.084
3851.000,2535.139
3852.000,2534.908
3853.000,2534.953
3854.000,2534.905
3855.000,2534.643
3856.000,2534.554
3857.000,2534.466
3858.000,2534.378
3859.000,2534.290
3860.000,2534.365
3861.000,2534.113
3862.000,2534.161
3863.000,2533.936
3864.000,2533.980
3865.000,2533.762
3866.000,2533.671
3867.000,2533.583
3868.000,2533.632
3869.000,2533.543
3870.000,2533.320
3871.000,2533.336
3872.000,2533.144
3873.000,2533.054
3874.000,2532.966
3875.000,2533.025
3876.000,2532.789
3877.000,2532.700
3878.000,2532.613
3879.000,2532.543
3880.000,2532.436
3881.000,2532.352
3882.000,2532.405
3883.000,2532.179
3884.000,2532.083
3885.000,2531.995
3886.000,2531.907
3887.000,2531.819
3888.000,2531.732
3889.000,2531.784
3890.000,2531.555
3891.000,2531.503
3892.000,2531.561
3893.000,2531.465
3894.000,2531.203
3895.000,2531.115
3896.000,2531.169
3897.000,2531.068
3898.000,2530.849
3899.000,2530.760
3900.000,2530.672
3901.000,2530.765
3902.000,2530.497
3903.000,2530.542
3904.000,2530.320
3905.000,2530.231
3906.000,2530.269
3907.000,2530.055
3908.000,2529.967
3909.000,2530.030
3910.000,2529.791
3911.000,2529.711
3912.000,2529.745
3913.000,2529.527
3914.000,2529.438
3915.000,2529.350
3916.000,2529.262
3917.000,2529.308
3918.000,2529.253
3919.000,2528.999
3920.000,2528.909
3921.000,2528.821
3922.000,2528.732
3923.000,2528.644
3924.000,2528.734
3925.000,2528.469
3926.000,2528.380
3927.000,2528.291
3928.000,2528.203
3929.000,2528.116
3930.000,2528.028
3931.000,2527.939
3932.000,2527.995
3933.000,2527.762
3934.000,2527.674
3935.000,2527.586
3936.000,2527.498
3937.000,2527.410
3938.000,2527.325
3939.000,2527.238
3940.000,2527.146
3941.000,2527.218
3942.000,2527.084
3943.000,2526.882
3944.000,2526.795
3945.000,2526.807
3946.000,2526.618
3947.000,2526.530
3948.000,2526.613
3949.000,2526.356
3950.000,2526.265
3951.000,2526.312
3952.000,2526.089
3953.000,2526.001
3954.000,2525.914
3955.000,2525.824
3956.000,2525.736
3957.000,2525.771
3958.000,2525.612
3959.000,2525.474
3960.000,2525.388
3961.000,2525.296
3962.000,2525.209
3963.000,2525.119
3964.000,2525.033
3965.000,2524.945
3966.000,2524.855
3967.000,2524.769
3968.000,2524.859
3969.000,2524.590
3970.000,2524.502
3971.000,2524.594
3972.000,2524.326
3973.000,2524.237
3974.000,2524.148
3975.000,2524.061
3976.000,2523.974
3977.000,2524.070
3978.000,2523.796
3979.000,2523.838
3980.000,2523.621
3981.000,2523.677
3982.000,2523.444
3983.000,2523.493
3984.000,2523.269
3985.000,2523.350
3986.000,2523.093
3987.000,2523.004
3988.000,2523.027
3989.000,2522.828
3990.000,2522.740
3991.000,2522.652
3992.000,2522.765
3993.000,2522.635
3994.000,2522.387
3995.000,2522.298
3996.000,2522.212
3997.000,2522.283
3998.000,2522.160
3999.000,2521.948
4000.000,2521.858
4001.000,2521.770
4002.000,2521.682
4003.000,2521.594
4004.000,2521.507
4005.000,2521.419
4006.000,2521.331
4007.000,2521.241
4008.000,2521.290
4009.000,2521.169
4010.000,2521.107
4011.000,2520.999
4012.000,2520.804
4013.000,2520.714
4014.000,2520.627
4015.000,2520.684
4016.000,2520.580
4017.000,2520.363
4018.000,2520.425
4019.000,2520.190
4020.000,2520.099
4021.000,2520.113
4022.000,2519.992
4023.000,2519.837
4024.000,2519.749
4025.000,2519.813
4026.000,2519.574
4027.000,2519.482
4028.000,2519.394
4029.000,2519.439
4030.000,2519.322
4031.000,2519.190
4032.000,2519.045
4033.000,2518.956
4034.000,2518.868
4035.000,2518.780
4036.000,2518.691
4037.000,2518.603
4038.000,2518.515
4039.000,2518.428
4040.000,2518.343
4041.000,2518.251
4042.000,2518.162
4043.000,2518.079
4044.000,2518.153
4045.000,2517.935
4046.000,2517.810
4047.000,2517.723
4048.000,2517.633
4049.000,2517.549
4050.000,2517.458
4051.000,2517.373
4052.000,2517.461
4053.000,2517.195
4054.000,2517.233
4055.000,2517.159
4056.000,2516.931
4057.000,2517.032
4058.000,2516.755
4059.000,2516.665
4060.000,2516.578
4061.000,2516.521
4062.000,2516.402
4063.000,2516.316
4064.000,2516.323
4065.000,2516.141
4066.000,2516.213
4067.000,2516.148
4068.000,2515.876
4069.000,2515.787
4070.000,2515.699
4071.000,2515.611
4072.000,2515.523
4073.000,2515.435
4074.000,2515.347
4075.000,2515.260
4076.000,2515.172
4077.000,2515.198
4078.000,2515.065
4079.000,2514.910
4080.000,2514.821
4081.000,2514.733
4082.000,2514.645
4083.000,2514.744
4084.000,2514.604
4085.000,2514.503
4086.000,2514.296
4087.000,2514.204
4088.000,2514.267
4089.000,2514.030
4090.000,2513.945
4091.000,2514.014
4092.000,2513.921
4093.000,2513.758
4094.000,2513.592
4095.000,2513.502
4096.000,2513.499
4097.000,2513.441
4098.000,2513.242
4099.000,2513.152
4100.000,2513.063
4101.000,2512.976
4102.000,2513.062
4103.000,2512.799
4104.000,2512.711
4105.000,2512.622
4106.000,2512.535
4107.000,2512.622
4108.000,2512.360
4109.000,2512.272
4110.000,2512.183
4111.000,2512.096
4112.000,2512.007
4113.000,2511.921
4114.000,2511.831
4115.000,2511.748
4116.000,2511.656
4117.000,2511.572
4118.000,2511.604
4119.000,2511.521
4120.000,2511.307
4121.000,2511.215
4122.000,2511.281
4123.000,2511.041
4124.000,2510.952
4125.000,2510.868
4126.000,2510.777
4127.000,2510.692
4128.000,2510.628
4129.000,2510.650
4130.000,2510.553
4131.000,2510.339
4132.000,2510.282
4133.000,2510.164
4134.000,2510.194
4135.000,2510.149
4136.000,2509.901
4137.000,2509.975
4138.000,2509.887
4139.000,2509.636
4140.000,2509.548
4141.000,2509.460
4142.000,2509.372
4143.000,2509.285
4144.000,2509.196
4145.000,2509.278
4146.000,2509.021
4147.000,2508.932
4148.000,2508.843
4149.000,2508.757
4150.000,2508.670
4151.000,2508.723
4152.000,2508.629
4153.000,2508.406
4154.000,2508.317
4155.000,2508.229
4156.000,2508.144
4157.000,2508.203
4158.000,2507.966
4159.000,2507.878
4160.000,2507.791
4161.000,2507.703
4162.000,2507.614
4163.000,2507.533
4164.000,2507.440
4165.000,2507.351
4166.000,2507.266
4167.000,2507.177
4168.000,2507.257
4169.000,2506.999
4170.000,2506.914
4171.000,2506.824
4172.000,2506.938
4173.000,2506.648
4174.000,2506.560
4175.000,2506.636
4176.000,2506.561
4177.000,2506.438
4178.000,2506.211
4179.000,2506.122
4180.000,2506.034
4181.000,2505.945
4182.000,2505.859
4183.000,2505.770
4184.000,2505.682
4185.000,2505.596
4186.000,2505.660
4187.000,2505.421
4188.000,2505.331
4189.000,2505.357
4190.000,2505.156
4191.000,2505.068
4192.000,2504.981
4193.000,2505.062
4194.000,2504.808
4195.000,2504.717
4196.000,2504.629
4197.000,2504.541
4198.000,2504.455
4199.000,2504.366
4200.000,2504.280
4201.000,2504.191
4202.000,2504.106
4203.000,2504.015
4204.000,2503.928
4205.000,2503.843
4206.000,2503.753
4207.000,2503.664
4208.000,2503.775
4209.000,2503.489
4210.000,2503.400
4211.000,2503.314
4212.000,2503.325
4213.000,2503.138
4214.000,2503.049
4215.000,2503.111
4216.000,2502.998
4217.000,2502.950
4218.000,2502.704
4219.000,2502.611
4220.000,2502.523
4221.000,2502.437
4222.000,2502.349
4223.000,2502.370
4224.000,2502.173
4225.000,2502.085
4226.000,2501.998
4227.000,2501.910
4228.000,2501.824
4229.000,2501.860
4230.000,2501.648
4231.000,2501.559
4232.000,2501.617
4233.000,2501.385
4234.000,2501.297
4235.000,2501.208
4236.000,2501.123
4237.000,2501.033
4238.000,2500.946
4239.000,2500.971
4240.000,2500.921
4241.000,2500.685
4242.000,2500.703
4243.000,2500.510
4244.000,2500.608
4245.000,2500.335
4246.000,2500.247
4247.000,2500.159
4248.000,2500.169
4249.000,2499.984
4250.000,2500.064
4251.000,2499.807
4252.000,2499.718
4253.000,2499.632
4254.000,2499.545
4255.000,2499.455
4256.000,2499.397
4257.000,2499.285
4258.000,2499.195
4259.000,2499.266
4260.000,2499.159
4261.000,2498.931
4262.000,2498.982
4263.000,2498.758
4264.000,2498.666
4265.000,2498.579
4266.000,2498.493
4267.000,2498.403
4268.000,2498.415
4269.000,2498.228
4270.000,2498.140
4271.000,2498.059
4272.000,2497.965
4273.000,2497.956
4274.000,2497.791
4275.000,2497.705
4276.000,2497.643
4277.000,2497.624
4278.000,2497.451
4279.000,2497.357
4280.000,2497.405
4281.000,2497.182
4282.000,2497.091
4283.000,2497.004
4284.000,2496.920
4285.000,2496.829
4286.000,2496.742
4287.000,2496.879
4288.000,2496.564
4289.000,2496.475
4290.000,2496.392
4291.000,2496.300
4292.000,2496.212
4293.000,2496.125
4294.000,2496.040
4295.000,2495.952
4296.000,2496.003
4297.000,2495.774
4298.000,2495.790
4299.000,2495.655
4300.000,2495.654
4301.000,2495.428
4302.000,2495.543
4303.000,2495.251
4304.000,2495.162
4305.000,2495.074
4306.000,2495.171
4307.000,2494.901
4308.000,2494.939
4309.000,2494.858
4310.000,2494.637
4311.000,2494.549
4312.000,2494.577
4313.000,2494.377
4314.000,2494.288
4315.000,2494.199
4316.000,2494.112
4317.000,2494.024
4318.000,2493.938
4319.000,2493.849
4320.000,2493.763
4321.000,2493.674
4322.000,2493.777
4323.000,2493.502
4324.000,2493.410
4325.000,2493.323
4326.000,2493.238
4327.000,2493.153
4328.000,2493.060
4329.000,2493.066
4330.000,2492.886
4331.000,2492.798
4332.000,2492.900
4333.000,2492.622
4334.000,2492.534
4335.000,2492.448
4336.000,2492.528
4337.000,2492.385
4338.000,2492.185
4339.000,2492.098
4340.000,2492.088
4341.000,2491.926
4342.000,2491.836
4343.000,2491.748
4344.000,2491.666
4345.000,2491.572
4346.000,2491.490
4347.000,2491.399
4348.000,2491.312
4349.000,2491.231
4350.000,2491.267
4351.000,2491.048
4352.000,2490.961
4353.000,2490.872
4354.000,2490.784
4355.000,2490.843
4356.000,2490.611
4357.000,2490.522
4358.000,2490.578
4359.000,2490.348
4360.000,2490.261
4361.000,2490.172
4362.000,2490.084
4363.000,2490.000
4364.000,2490.106
4365.000,2489.826
4366.000,2489.734
4367.000,2489.757
4368.000,2489.656
4369.000,2489.476
4370.000,2489.407
4371.000,2489.300
4372.000,2489.212
4373.000,2489.171
4374.000,2489.037
4375.000,2488.951
4376.000,2488.861
4377.000,2488.961
4378.000,2488.687
4379.000,2488.597
4380.000,2488.511
4381.000,2488.527
4382.000,2488.467
4383.000,2488.300
4384.000,2488.166
4385.000,2488.076
4386.000,2488.052
4387.000,2487.912
4388.000,2487.813
4389.000,2487.726
4390.000,2487.782
4391.000,2487.551
4392.000,2487.463
4393.000,2487.447
4394.000,2487.289
4395.000,2487.392
4396.000,2487.113
4397.000,2487.024
4398.000,2486.938
4399.000,2486.975
4400.000,2486.932
4401.000,2486.673
4402.000,2486.586
4403.000,2486.499
4404.000,2486.411
4405.000,2486.324
4406.000,2486.239
4407.000,2486.149
4408.000,2486.229
4409.000,2485.977
4410.000,2485.887
4411.000,2485.799
4412.000,2485.713
4413.000,2485.624
4414.000,2485.541
4415.000,2485.449
4416.000,2485.364
4417.000,2485.397
4418.000,2485.267
4419.000,2485.102
4420.000,2485.065
4421.000,2484.930
4422.000,2484.839
4423.000,2484.751
4424.000,2484.664
4425.000,2484.711
4426.000,2484.489
4427.000,2484.402
4428.000,2484.313
4429.000,2484.347
4430.000,2484.140
4431.000,2484.051
4432.000,2483.964
4433.000,2483.876
4434.000,2483.791
4435.000,2483.703
4436.000,2483.614
4437.000,2483.621
4438.000,2483.441
4439.000,2483.352
4440.000,2483.317
4441.000,2483.182
4442.000,2483.093
4443.000,2483.007
4444.000,2482.920
4445.000,2482.833
4446.000,2482.745
4447.000,2482.655
4448.000,2482.722
4449.000,2482.480
4450.000,2482.392
4451.000,2482.306
4452.000,2482.218
4453.000,2482.130
4454.000,2482.151
4455.000,2481.957
4456.000,2481.867
4457.000,2481.961
4458.000,2481.693
4459.000,2481.749
4460.000,2481.611
4461.000,2481.573
4462.000,2481.345
4463.000,2481.257
4464.000,2481.171
4465.000,2481.086
4466.000,2480.994
4467.000,2480.909
4468.000,2480.826
4469.000,2480.736
4470.000,2480.802
4471.000,2480.558
4472.000,2480.470
4473.000,2480.383
4474.000,2480.361
4475.000,2480.211
4476.000,2480.298
4477.000,2480.039
4478.000,2479.950
4479.000,2479.870
4480.000,2479.777
4481.000,2479.689
4482.000,2479.771
4483.000,2479.513
4484.000,2479.428
4485.000,2479.338
4486.000,2479.345
4487.000,2479.248
4488.000,2479.079
4489.000,2478.988
4490.000,2479.048
4491.000,2478.984
4492.000,2478.781
4493.000,2478.807
4494.000,2478.553
4495.000,2478.466
4496.000,2478.573
4497.000,2478.290
4498.000,2478.202
4499.000,2478.269
4500.000,2478.029
4501.000,2477.940
4502.000,2477.851
4503.000,2477.856
4504.000,2477.679
4505.000,2477.589
4506.000,2477.502
4507.000,2477.416
4508.000,2477.329
4509.000,2477.242
4510.000,2477.316
4511.000,2477.183
4512.000,2476.984
4513.000,2476.892
4514.000,2476.917
4515.000,2476.718
4516.000,2476.630
4517.000,2476.577
4518.000,2476.536
4519.000,2476.501
4520.000,2476.283
4521.000,2476.197
4522.000,2476.108
4523.000,2476.019
4524.000,2475.938
4525.000,2475.936
4526.000,2475.760
4527.000,2475.675
4528.000,2475.662
4529.000,2475.504
4530.000,2475.517
4531.000,2475.325
4532.000,2475.240
4533.000,2475.244
4534.000,2475.068
4535.000,2474.975
4536.000,2474.890
4537.000,2474.800
4538.000,2474.714
4539.000,2474.624
4540.000,2474.541
4541.000,2474.597
4542.000,2474.363
4543.000,2474.491
4544.000,2474.311
4545.000,2474.104
4546.000,2474.014
4547.000,2474.077
4548.000,2473.842
4549.000,2473.752
4550.000,2473.664
4551.000,2473.738
4552.000,2473.490
4553.000,2473.482
4554.000,2473.317
4555.000,2473.421
4556.000,2473.142
4557.000,2473.054
4558.000,2473.115
4559.000,2472.986
4560.000,2472.794
4561.000,2472.927
4562.000,2472.617
4563.000,2472.529
4564.000,2472.443
4565.000,2472.354
4566.000,2472.268
4567.000,2472.304
4568.000,2472.094
4569.000,2472.006
4570.000,2471.918
4571.000,2471.831
4572.000,2471.834
4573.000,2471.661
4574.000,2471.574
4575.000,2471.484
4576.000,2471.398
4577.000,2471.452
4578.000,2471.371
4579.000,2471.136
4580.000,2471.047
4581.000,2470.959
4582.000,2471.005
4583.000,2470.920
4584.000,2470.702
4585.000,2470.611
4586.000,2470.621
4587.000,2470.439
4588.000,2470.355
4589.000,2470.263
4590.000,2470.178
4591.000,2470.089
4592.000,2470.075
4593.000,2470.103
4594.000,2469.829
4595.000,2469.854
4596.000,2469.656
4597.000,2469.689
4598.000,2469.482
4599.000,2469.393
4600.000,2469.305
4601.000,2469.374
4602.000,2469.131
4603.000,2469.043
4604.000,2468.957
4605.000,2469.008
4606.000,2468.782
4607.000,2468.882
4608.000,2468.609
4609.000,2468.684
4610.000,2468.434
4611.000,2468.345
4612.000,2468.259
4613.000,2468.315
4614.000,2468.087
4615.000,2467.997
4616.000,2467.910
4617.000,2467.824
4618.000,2467.737
4619.000,2467.649
4620.000,2467.563
4621.000,2467.475
4622.000,2467.389
4623.000,2467.300
4624.000,2467.378
4625.000,2467.127
4626.000,2467.064
4627.000,2467.093
4628.000,2466.869
4629.000,2466.778
4630.000,2466.692
4631.000,2466.604
4632.000,2466.604
4633.000,2466.434
4634.000,2466.354
4635.000,2466.381
4636.000,2466.176
4637.000,2466.086
4638.000,2465.997
4639.000,2465.912
4640.000,2465.826
4641.000,2465.739
4642.000,2465.649
4643.000,2465.566
4644.000,2465.646
4645.000,2465.387
4646.000,2465.299
4647.000,2465.213
4648.000,2465.306
4649.000,2465.227
4650.000,2465.021
4651.000,2464.867
4652.000,2464.777
4653.000,2464.689
4654.000,2464.651
4655.000,2464.612
4656.000,2464.433
4657.000,2464.358
4658.000,2464.340
4659.000,2464.169
4660.000,2464.081
4661.000,2463.997
4662.000,2463.907
4663.000,2463.861
4664.000,2463.737
4665.000,2463.652
4666.000,2463.561
4667.000,2463.478
4668.000,2463.386
4669.000,2463.301
4670.000,2463.211
4671.000,2463.128
4672.000,2463.037
4673.000,2462.951
4674.000,2462.865
4675.000,2462.786
4676.000,2462.689
4677.000,2462.605
4678.000,2462.514
4679.000,2462.519
4680.000,2462.343
4681.000,2462.256
4682.000,2462.167
4683.000,2462.157
4684.000,2462.131
4685.000,2461.909
4686.000,2461.819
4687.000,2461.733
4688.000,2461.645
4689.000,2461.746
4690.000,2461.634
4691.000,2461.386
4692.000,2461.296
4693.000,2461.209
4694.000,2461.122
4695.000,2461.041
4696.000,2460.949
4697.000,2460.866
4698.000,2460.905
4699.000,2460.689
4700.000,2460.601
4701.000,2460.515
4702.000,2460.492
4703.000,2460.341
4704.000,2460.255
4705.000,2460.165
4706.000,2460.079
4707.000,2459.996
4708.000,2459.905
4709.000,2459.820
4710.000,2459.733
4711.000,2459.654
4712.000,2459.557
4713.000,2459.522
4714.000,2459.387
4715.000,2459.298
4716.000,2459.314
4717.000,2459.124
4718.000,2459.037
4719.000,2459.071
4720.000,2458.966
4721.000,2458.779
4722.000,2458.824
4723.000,2458.604
4724.000,2458.667
4725.000,2458.647
4726.000,2458.343
4727.000,2458.254
4728.000,2458.166
4729.000,2458.079
4730.000,2457.994
4731.000,2457.910
4732.000,2457.831
4733.000,2457.734
4734.000,2457.646
4735.000,2457.557
4736.000,2457.612
4737.000,2457.383
4738.000,2457.429
4739.000,2457.313
4740.000,2457.125
4741.000,2457.037
4742.000,2456.950
4743.000,2456.864
4744.000,2456.776
4745.000,2456.903
4746.000,2456.606
4747.000,2456.647
4748.000,2456.429
4749.000,2456.341
4750.000,2456.254
4751.000,2456.255
4752.000,2456.204
4753.000,2455.995
4754.000,2455.907
4755.000,2455.822
4756.000,2455.734
4757.000,2455.650
4758.000,2455.564
4759.000,2455.474
4760.000,2455.386
4761.000,2455.300
4762.000,2455.213
4763.000,2455.128
4764.000,2455.039
4765.000,2455.140
4766.000,2454.867
4767.000,2454.778
4768.000,2454.692
4769.000,2454.604
4770.000,2454.518
4771.000,2454.430
4772.000,2454.345
4773.000,2454.257
4774.000,2454.173
4775.000,2454.084
4776.000,2453.999
4777.000,2453.911
4778.000,2453.823
4779.000,2453.742
4780.000,2453.651
4781.000,2453.563
4782.000,2453.576
4783.000,2453.436
4784.000,2453.305
4785.000,2453.265
4786.000,2453.133
4787.000,2453.044
4788.000,2452.958
4789.000,2453.023
4790.000,2452.783
4791.000,2452.696
4792.000,2452.646
4793.000,2452.526
4794.000,2452.444
4795.000,2452.492
4796.000,2452.265
4797.000,2452.178
4798.000,2452.090
4799.000,2452.002
4800.000,2451.916
4801.000,2451.829
4802.000,2451.945
4803.000,2451.656
4804.000,2451.567
4805.000,2451.599
4806.000,2451.397
4807.000,2451.393
4808.000,2451.222
4809.000,2451.221
4810.000,2451.070
4811.000,2450.962
4812.000,2450.872
4813.000,2450.785
4814.000,2450.700
4815.000,2450.613
4816.000,2450.526
4817.000,2450.445
4818.000,2450.352
4819.000,2450.266
4820.000,2450.179
4821.000,2450.092
4822.000,2450.005
4823.000,2449.921
4824.000,2449.832
4825.000,2449.747
4826.000,2449.791
4827.000,2449.571
4828.000,2449.609
4829.000,2449.399
4830.000,2449.312
4831.000,2449.226
4832.000,2449.138
4833.000,2449.054
4834.000,2449.057
4835.000,2448.878
4836.000,2448.793
4837.000,2448.704
4838.000,2448.617
4839.000,2448.533
4840.000,2448.579
4841.000,2448.357
4842.000,2448.271
4843.000,2448.185
4844.000,2448.097
4845.000,2448.014
4846.000,2447.923
4847.000,2447.837
4848.000,2447.749
4849.000,2447.667
4850.000,2447.577
4851.000,2447.492
4852.000,2447.407
4853.000,2447.427
4854.000,2447.384
4855.000,2447.302
4856.000,2447.058
4857.000,2447.084
4858.000,2448.572
4859.000,2446.797
4860.000,2446.710
4861.000,2446.625
4862.000,2446.537
4863.000,2446.450
4864.000,2446.365
4865.000,2446.277
4866.000,2446.322
4867.000,2446.106
4868.000,2446.016
4869.000,2445.929
4870.000,2445.843
4871.000,2445.874
4872.000,2445.672
4873.000,2445.583
4874.000,2445.498
4875.000,2445.409
4876.000,2445.323
4877.000,2445.238
4878.000,2445.232
4879.000,2445.064
4880.000,2444.990
4881.000,2444.892
4882.000,2444.804
4883.000,2444.719
4884.000,2444.715
4885.000,2444.544
4886.000,2444.456
4887.000,2444.400
4888.000,2444.286
4889.000,2444.198
4890.000,2444.110
4891.000,2444.024
4892.000,2444.016
4893.000,2443.851
4894.000,2443.767
4895.000,2443.679
4896.000,2443.591
4897.000,2443.573
4898.000,2443.419
4899.000,2443.330
4900.000,2443.246
4901.000,2443.277
4902.000,2443.075
4903.000,2442.986
4904.000,2442.900
4905.000,2442.812
4906.000,2442.840
4907.000,2442.640
4908.000,2442.555
4909.000,2442.466
4910.000,2442.380
4911.000,2442.292
4912.000,2442.207
4913.000,2442.118
4914.000,2442.175
4915.000,2442.086
4916.000,2442.010
4917.000,2441.909
4918.000,2441.685
4919.000,2441.599
4920.000,2441.622
4921.000,2441.431
4922.000,2441.496
4923.000,2441.424
4924.000,2441.169
4925.000,2441.080
4926.000,2441.192
4927.000,2441.061
4928.000,2440.820
4929.000,2440.733
4930.000,2440.720
4931.000,2440.562
4932.000,2440.477
4933.000,2440.395
4934.000,2440.306
4935.000,2440.215
4936.000,2440.128
4937.000,2440.045
4938.000,2439.957
4939.000,2440.002
4940.000,2439.782
4941.000,2439.694
4942.000,2439.658
4943.000,2439.524
4944.000,2439.435
4945.000,2439.351
4946.000,2439.261
4947.000,2439.178
4948.000,2439.088
4949.000,2439.011
4950.000,2438.915
4951.000,2438.935
4952.000,2438.743
4953.000,2438.668
4954.000,2438.617
4955.000,2438.492
4956.000,2438.451
4957.000,2438.414
4958.000,2442.433
4959.000,2438.209
4960.000,2438.066
4961.000,2438.133
4962.000,2437.994
4963.000,2437.804
4964.000,2437.814
4965.000,2437.628
4966.000,2437.538
4967.000,2437.564
4968.000,2437.551
4969.000,2437.374
4970.000,2437.190
4971.000,2437.103
4972.000,2437.017
4973.000,2436.935
4974.000,2436.848
4975.000,2436.754
4976.000,2436.670
4977.000,2436.581
4978.000,2436.603
4979.000,2436.410
4980.000,2436.482
4981.000,2436.235
4982.000,2436.148
4983.000,2436.063
4984.000,2436.142
4985.000,2435.890
4986.000,2436.034
4987.000,2435.764
4988.000,2435.631
4989.000,2435.542
4990.000,2435.541
4991.000,2435.369
4992.000,2435.319
4993.000,2435.315
4994.000,2435.112
4995.000,2435.024
4996.000,2434.939
4997.000,2434.850
4998.000,2434.773
4999.000,2434.686
5000.000,2434.591
5001.000,2434.508
5002.000,2434.417
5003.000,2434.333
5004.000,2434.247
5005.000,2434.162
5006.000,2434.201
5007.000,2433.988
5008.000,2433.900
5009.000,2434.003
5010.000,2433.728
5011.000,2433.639
5012.000,2433.551
5013.000,2433.466
5014.000,2433.379
5015.000,2433.293
5016.000,2433.208
5017.000,2433.358
5018.000,2433.036
5019.000,2432.947
5020.000,2432.860
5021.000,2432.773
5022.000,2432.689
5023.000,2432.599
5024.000,2432.637
5025.000,2432.550
5026.000,2432.342
5027.000,2432.254
5028.000,2432.168
5029.000,2432.081
5030.000,2431.994
5031.000,2431.908
5032.000,2431.823
5033.000,2431.740
5034.000,2431.822
5035.000,2431.563
5036.000,2431.475
5037.000,2431.393
5038.000,2431.304
5039.000,2431.220
5040.000,2431.233
5041.000,2431.046
5042.000,2430.958
5043.000,2430.871
5044.000,2430.933
5045.000,2430.701
5046.000,2430.614
5047.000,2430.607
5048.000,2430.442
5049.000,2430.453
5050.000,2430.365
5051.000,2430.182
5052.000,2430.097
5053.000,2430.011
5054.000,2429.921
5055.000,2429.834
5056.000,2429.840
5057.000,2429.662
5058.000,2429.718
5059.000,2429.490
5060.000,2429.446
5061.000,2429.321
5062.000,2429.231
5063.000,2429.144
5064.000,2429.060
5065.000,2428.974
5066.000,2428.885
5067.000,2428.899
5068.000,2428.714
5069.000,2428.718
5070.000,2428.542
5071.000,2428.530
5072.000,2428.372
5073.000,2428.286
5074.000,2428.196
5075.000,2428.112
5076.000,2428.097
5077.000,2428.214
5078.000,2427.851
5079.000,2427.764
5080.000,2427.680
5081.000,2427.725
5082.000,2427.505
5083.000,2427.418
5084.000,2427.428
5085.000,2427.388
5086.000,2427.160
5087.000,2427.072
5088.000,2427.151
5089.000,2426.902
5090.000,2426.813
5091.000,2426.756
5092.000,2426.646
5093.000,2426.557
5094.000,2426.471
5095.000,2426.383
5096.000,2426.298
5097.000,2426.347
5098.000,2426.287
5099.000,2426.210
5100.000,2426.070
5101.000,2425.910
5102.000,2425.784
5103.000,2425.705
5104.000,2425.732
5105.000,2425.534
5106.000,2425.509
5107.000,2425.355
5108.000,2425.261
5109.000,2425.175
5110.000,2425.094
5111.000,2425.016
5112.000,2424.921
5113.000,2424.827
5114.000,2424.984
5115.000,2424.686
5116.000,2424.655
5117.000,2424.483
5118.000,2424.446
5119.000,2424.312
5120.000,2424.225
5121.000,2424.140
5122.000,2424.176
5123.000,2423.968
5124.000,2423.879
5125.000,2423.866
5126.000,2423.712
5127.000,2423.837
5128.000,2423.658
5129.000,2423.696
5130.000,2423.363
5131.000,2423.286
5132.000,2423.191
5133.000,2423.248
5134.000,2423.118
5135.000,2423.100
5136.000,2422.947
5137.000,2422.759
5138.000,2422.671
5139.000,2422.586
5140.000,2422.501
5141.000,2422.414
5142.000,2422.331
5143.000,2422.441
5144.000,2422.154
5145.000,2422.066
5146.000,2422.184
5147.000,2421.897
5148.000,2421.808
5149.000,2421.726
5150.000,2421.690
5151.000,2421.549
5152.000,2421.524
5153.000,2421.385
5154.000,2421.292
5155.000,2421.204
5156.000,2421.214
5157.000,2421.033
5158.000,2421.037
5159.000,2420.863
5160.000,2420.773
5161.000,2420.687
5162.000,2420.661
5163.000,2420.518
5164.000,2420.431
5165.000,2420.525
5166.000,2420.258
5167.000,2420.170
5168.000,2420.083
5169.000,2419.999
5170.000,2419.911
5171.000,2419.825
5172.000,2419.738
5173.000,2419.656
5174.000,2419.568
5175.000,2419.481
5176.000,2419.553
5177.000,2419.487
5178.000,2419.273
5179.000,2419.134
5180.000,2419.050
5181.000,2419.007
5182.000,2418.882
5183.000,2418.794
5184.000,2418.804
5185.000,2418.624
5186.000,2418.533
5187.000,2418.446
5188.000,2418.359
5189.000,2418.319
5190.000,2418.317
5191.000,2418.158
5192.000,2418.029
5193.000,2417.931
5194.000,2417.841
5195.000,2417.758
5196.000,2417.669
5197.000,2417.585
5198.000,2417.497
5199.000,2417.449
5200.000,2417.344
5201.000,2417.244
5202.000,2417.154
5203.000,2417.077
5204.000,2417.000
5205.000,2416.902
5206.000,2417.043
5207.000,2416.755
5208.000,2416.636
5209.000,2416.567
5210.000,2416.591
5211.000,2416.379
5212.000,2416.293
5213.000,2416.206
5214.000,2416.307
5215.000,2416.035
5216.000,2415.947
5217.000,2415.860
5218.000,2415.775
5219.000,2415.708
5220.000,2415.605
5221.000,2415.519
5222.000,2415.430
5223.000,2415.345
5224.000,2415.464
5225.000,2415.225
5226.000,2415.084
5227.000,2415.005
5228.000,2415.154
5229.000,2414.834
5230.000,2414.742
5231.000,2414.670
5232.000,2414.572
5233.000,2414.483
5234.000,2414.481
5235.000,2414.311
5236.000,2414.221
5237.000,2414.197
5238.000,2414.279
5239.000,2413.963
5240.000,2414.057
5241.000,2413.793
5242.000,2413.705
5243.000,2413.621
5244.000,2413.536
5245.000,2413.446
5246.000,2413.361
5247.000,2413.278
5248.000,2413.193
5249.000,2413.103
5250.000,2413.024
5251.000,2412.936
5252.000,2412.849
5253.000,2412.760
5254.000,2412.675
5255.000,2412.588
5256.000,2412.501
5257.000,2412.428
5258.000,2412.519
5259.000,2412.423
5260.000,2412.155
5261.000,2412.155
5262.000,2411.984
5263.000,2411.899
5264.000,2411.918
5265.000,2411.730
5266.000,2411.639
5267.000,2411.666
5268.000,2411.471
5269.000,2411.507
5270.000,2411.298
5271.000,2411.280
5272.000,2411.285
5273.000,2411.066
5274.000,2411.035
5275.000,2410.872
5276.000,2410.781
5277.000,2410.709
5278.000,2410.644
5279.000,2410.524
5280.000,2410.436
5281.000,2410.479
5282.000,2410.268
5283.000,2410.182
5284.000,2410.160
5285.000,2410.296
5286.000,2410.016
5287.000,2409.833
5288.000,2409.748
5289.000,2409.789
5290.000,2409.701
5291.000,2409.492
5292.000,2409.413
5293.000,2409.501
5294.000,2409.244
5295.000,2409.146
5296.000,2409.061
5297.000,2409.064
5298.000,2408.890
5299.000,2408.802
5300.000,2408.904
5301.000,2408.644
5302.000,2408.548
5303.000,2408.457
5304.000,2408.489
5305.000,2408.502
5306.000,2408.202
5307.000,2408.113
5308.000,2408.028
5309.000,2408.007
5310.000,2407.861
5311.000,2408.035
5312.000,2407.688
5313.000,2407.723
5314.000,2407.604
5315.000,2407.428
5316.000,2407.338
5317.000,2407.253
5318.000,2407.373
5319.000,2407.312
5320.000,2407.007
5321.000,2406.910
5322.000,2406.828
5323.000,2406.739
5324.000,2406.652
5325.000,2406.574
5326.000,2406.480
5327.000,2406.403
5328.000,2406.310
5329.000,2406.222
5330.000,2406.137
5331.000,2406.278
5332.000,2405.964
5333.000,2405.883
5334.000,2406.012
5335.000,2405.708
5336.000,2405.618
5337.000,2405.533
5338.000,2405.449
5339.000,2405.366
5340.000,2405.281
5341.000,2405.192
5342.000,2405.107
5343.000,2405.104
5344.000,2404.936
5345.000,2404.846
5346.000,2404.760
5347.000,2404.677
5348.000,2404.590
5349.000,2404.615
5350.000,2404.421
5351.000,2404.331
5352.000,2404.248
5353.000,2404.174
5354.000,2404.081
5355.000,2403.988
5356.000,2403.904
5357.000,2403.963
5358.000,2403.740
5359.000,2403.651
5360.000,2403.697
5361.000,2403.480
5362.000,2403.388
5363.000,2403.303
5364.000,2403.220
5365.000,2403.134
5366.000,2403.049
5367.000,2402.960
5368.000,2402.879
5369.000,2402.807
5370.000,2402.704
5371.000,2402.614
5372.000,2402.539
5373.000,2402.442
5374.000,2402.358
5375.000,2402.276
5376.000,2402.193
5377.000,2402.110
5378.000,2402.015
5379.000,2401.931
5380.000,2401.846
5381.000,2401.760
5382.000,2401.683
5383.000,2401.597
5384.000,2401.511
5385.000,2401.418
5386.000,2401.343
5387.000,2401.247
5388.000,2401.263
5389.000,2401.093
5390.000,2401.176
5391.000,2400.901
5392.000,2400.821
5393.000,2400.734
5394.000,2400.648
5395.000,2400.734
5396.000,2400.518
5397.000,2400.455
5398.000,2400.293
5399.000,2400.210
5400.000,2400.129
5401.000,2400.052
5402.000,2399.950
5403.000,2399.970
5404.000,2399.778
5405.000,2399.690
5406.000,2399.606
5407.000,2399.520
5408.000,2399.436
5409.000,2399.351
5410.000,2399.263
5411.000,2399.175
5412.000,2399.088
5413.000,2399.003
5414.000,2398.962
5415.000,2398.830
5416.000,2398.744
5417.000,2398.657
5418.000,2398.572
5419.000,2398.486
5420.000,2398.449
5421.000,2398.318
5422.000,2398.230
5423.000,2398.359
5424.000,2398.059
5425.000,2397.971
5426.000,2397.884
5427.000,2397.816
5428.000,2397.733
5429.000,2397.634
5430.000,2397.576
5431.000,2397.463
5432.000,2397.372
5433.000,2397.292
5434.000,2397.282
5435.000,2397.178
5436.000,2397.209
5437.000,2396.951
5438.000,2396.862
5439.000,2396.773
5440.000,2396.737
5441.000,2396.602
5442.000,2396.772
5443.000,2396.430
5444.000,2396.553
5445.000,2396.259
5446.000,2396.173
5447.000,2396.091
5448.000,2396.105
5449.000,2396.023
5450.000,2395.830
5451.000,2395.762
5452.000,2395.661
5453.000,2395.574
5454.000,2395.487
5455.000,2395.624
5456.000,2395.314
5457.000,2395.228
5458.000,2395.214
5459.000,2395.058
5460.000,2394.971
5461.000,2394.885
5462.000,2394.926
5463.000,2394.927
5464.000,2394.652
5465.000,2394.543
5466.000,2394.457
5467.000,2394.370
5468.000,2394.288
5469.000,2394.247
5470.000,2394.117
5471.000,2394.029
5472.000,2394.195
5473.000,2394.046
5474.000,2393.776
5475.000,2393.685
5476.000,2393.600
5477.000,2393.528
5478.000,2393.429
5479.000,2393.495
5480.000,2393.256
5481.000,2393.233
5482.000,2393.084
5483.000,2392.998
5484.000,2392.954
5485.000,2392.870
5486.000,2392.884
5487.000,2392.758
5488.000,2392.575
5489.000,2392.488
5490.000,2392.403
5491.000,2392.321
5492.000,2392.228
5493.000,2392.323
5494.000,2392.154
5495.000,2391.972
5496.000,2391.885
5497.000,2391.875
5498.000,2391.752
5499.000,2391.638
5500.000,2391.562
5501.000,2391.462
5502.000,2391.373
5503.000,2391.287
5504.000,2391.204
5505.000,2391.126
5506.000,2391.035
5507.000,2390.953
5508.000,2390.861
5509.000,2390.774
5510.000,2390.687
5511.000,2390.601
5512.000,2390.515
5513.000,2390.433
5514.000,2390.343
5515.000,2390.357
5516.000,2390.285
5517.000,2390.157
5518.000,2390.002
5519.000,2389.916
5520.000,2389.828
5521.000,2389.992
5522.000,2389.656
5523.000,2389.571
5524.000,2389.488
5525.000,2389.399
5526.000,2389.315
5527.000,2389.228
5528.000,2389.143
5529.000,2389.060
5530.000,2388.970
5531.000,2388.886
5532.000,2388.805
5533.000,2388.799
5534.000,2388.628
5535.000,2388.612
5536.000,2388.458
5537.000,2388.642
5538.000,2388.327
5539.000,2388.209
5540.000,2388.120
5541.000,2388.029
5542.000,2387.943
5543.000,2387.862
5544.000,2387.773
5545.000,2387.688
5546.000,2387.613
5547.000,2387.519
5548.000,2387.432
5549.000,2387.435
5550.000,2387.263
5551.000,2387.174
5552.000,2387.090
5553.000,2387.089
5554.000,2386.916
5555.000,2386.830
5556.000,2386.745
5557.000,2386.802
5558.000,2386.574
5559.000,2386.487
5560.000,2386.508
5561.000,2386.319
5562.000,2386.239
5563.000,2386.147
5564.000,2386.064
5565.000,2385.974
5566.000,2385.898
5567.000,2385.808
5568.000,2385.722
5569.000,2385.805
5570.000,2385.547
5571.000,2385.460
5572.000,2385.477
5573.000,2385.291
5574.000,2385.205
5575.000,2385.119
5576.000,2385.130
5577.000,2384.948
5578.000,2384.861
5579.000,2384.852
5580.000,2384.700
5581.000,2384.681
5582.000,2384.588
5583.000,2384.436
5584.000,2384.349
5585.000,2384.264
5586.000,2384.177
5587.000,2384.092
5588.000,2384.089
5589.000,2383.921
5590.000,2383.837
5591.000,2383.749
5592.000,2383.664
5593.000,2383.579
5594.000,2383.586
5595.000,2383.407
5596.000,2383.320
5597.000,2383.365
5598.000,2383.150
5599.000,2383.063
5600.000,2382.977
5601.000,2383.119
5602.000,2382.807
5603.000,2382.721
5604.000,2382.636
5605.000,2382.550
5606.000,2382.651
5607.000,2382.380
5608.000,2382.293
5609.000,2382.347
5610.000,2382.210
5611.000,2382.040
5612.000,2382.061
5613.000,2381.869
5614.000,2381.783
5615.000,2381.865
5616.000,2381.611
5617.000,2381.524
5618.000,2381.439
5619.000,2381.601
5620.000,2381.383
5621.000,2381.387
5622.000,2381.198
5623.000,2381.012
5624.000,2380.925
5625.000,2380.840
5626.000,2380.768
5627.000,2380.673
5628.000,2380.583
5629.000,2380.497
5630.000,2380.412
5631.000,2380.329
5632.000,2380.241
5633.000,2380.157
5634.000,2380.070
5635.000,2379.985
5636.000,2379.902
5637.000,2380.028
5638.000,2379.727
5639.000,2379.717
5640.000,2379.732
5641.000,2379.529
5642.000,2379.389
5643.000,2379.300
5644.000,2379.385
5645.000,2379.189
5646.000,2379.045
5647.000,2378.957
5648.000,2378.875
5649.000,2378.787
5650.000,2378.784
5651.000,2378.640
5652.000,2378.534
5653.000,2378.446
5654.000,2378.362
5655.000,2378.371
5656.000,2378.191
5657.000,2378.105
5658.000,2378.017
5659.000,2377.934
5660.000,2377.848
5661.000,2377.846
5662.000,2377.770
5663.000,2377.704
5664.000,2377.516
5665.000,2377.423
5666.000,2377.336
5667.000,2377.326
5668.000,2377.369
5669.000,2377.151
5670.000,2376.997
5671.000,2376.990
5672.000,2376.827
5673.000,2376.740
5674.000,2376.653
5675.000,2376.569
5676.000,2376.482
5677.000,2376.398
5678.000,2376.310
5679.000,2376.229
5680.000,2376.156
5681.000,2376.061
5682.000,2375.974
5683.000,2375.899
5684.000,2375.802
5685.000,2375.717
5686.000,2375.641
5687.000,2375.546
5688.000,2375.459
5689.000,2375.368
5690.000,2375.379
5691.000,2375.198
5692.000,2375.113
5693.000,2375.085
5694.000,2375.023
5695.000,2374.859
5696.000,2374.771
5697.000,2374.877
5698.000,2374.599
5699.000,2374.515
5700.000,2374.429
5701.000,2374.354
5702.000,2374.265
5703.000,2374.180
5704.000,2374.091
5705.000,2374.112
5706.000,2373.919
5707.000,2373.831
5708.000,2373.746
5709.000,2373.661
5710.000,2373.579
5711.000,2373.494
5712.000,2373.405
5713.000,2373.462
5714.000,2373.233
5715.000,2373.148
5716.000,2373.310
5717.000,2372.980
5718.000,2372.894
5719.000,2373.046
5720.000,2372.725
5721.000,2372.639
5722.000,2372.552
5723.000,2372.476
5724.000,2372.381
5725.000,2372.298
5726.000,2372.211
5727.000,2372.124
5728.000,2372.126
5729.000,2372.040
5730.000,2371.877
5731.000,2371.865
5732.000,2371.703
5733.000,2371.802
5734.000,2371.624
5735.000,2371.448
5736.000,2371.361
5737.000,2371.438
5738.000,2371.276
5739.000,2371.108
5740.000,2371.017
5741.000,2370.931
5742.000,2370.859
5743.000,2370.806
5744.000,2370.675
5745.000,2370.590
5746.000,2370.503
5747.000,2370.505
5748.000,2370.374
5749.000,2370.254
5750.000,2370.166
5751.000,2370.082
5752.000,2369.992
5753.000,2369.906
5754.000,2369.823
5755.000,2369.736
5756.000,2369.862
5757.000,2369.686
5758.000,2369.479
5759.000,2369.395
5760.000,2369.309
5761.000,2369.237
5762.000,2369.142
5763.000,2369.053
5764.000,2368.970
5765.000,2368.886
5766.000,2368.801
5767.000,2368.713
5768.000,2368.825
5769.000,2368.543
5770.000,2368.456
5771.000,2368.372
5772.000,2368.360
5773.000,2368.200
5774.000,2368.114
5775.000,2368.196
5776.000,2367.944
5777.000,2367.942
5778.000,2367.779
5779.000,2367.689
5780.000,2367.607
5781.000,2367.519
5782.000,2367.434
5783.000,2367.368
5784.000,2367.267
5785.000,2367.179
5786.000,2367.093
5787.000,2367.171
5788.000,2367.085
5789.000,2366.837
5790.000,2366.751
5791.000,2366.807
5792.000,2366.757
5793.000,2366.495
5794.000,2366.411
5795.000,2366.326
5796.000,2366.240
5797.000,2366.157
5798.000,2366.166
5799.000,2366.011
5800.000,2366.052
5801.000,2365.823
5802.000,2365.829
5803.000,2365.647
5804.000,2365.649
5805.000,2365.483
5806.000,2365.390
5807.000,2365.387
5808.000,2365.231
5809.000,2365.143
5810.000,2365.049
5811.000,2364.965
5812.000,2364.895
5813.000,2364.800
5814.000,2364.712
5815.000,2364.625
5816.000,2364.539
5817.000,2364.452
5818.000,2364.369
5819.000,2364.282
5820.000,2364.196
5821.000,2364.110
5822.000,2364.029
5823.000,2363.939
5824.000,2363.854
5825.000,2363.983
5826.000,2363.837
5827.000,2363.690
5828.000,2363.522
5829.000,2363.432
5830.000,2363.345
5831.000,2363.475
5832.000,2363.302
5833.000,2363.296
5834.000,2363.025
5835.000,2362.921
5836.000,2363.038
5837.000,2362.747
5838.000,2362.765
5839.000,2362.643
5840.000,2362.511
5841.000,2362.477
5842.000,2362.329
5843.000,2362.446
5844.000,2362.313
5845.000,2362.204
5846.000,2361.985
5847.000,2361.898
5848.000,2361.902
5849.000,2361.733
5850.000,2361.649
5851.000,2361.640
5852.000,2361.473
5853.000,2361.387
5854.000,2361.386
5855.000,2361.297
5856.000,2361.258
5857.000,2361.165
5858.000,2360.964
5859.000,2360.876
5860.000,2360.792
5861.000,2360.707
5862.000,2360.620
5863.000,2360.537
5864.000,2360.454
5865.000,2360.367
5866.000,2360.391
5867.000,2360.208
5868.000,2360.120
5869.000,2360.031
5870.000,2359.945
5871.000,2359.858
5872.000,2359.773
5873.000,2359.691
5874.000,2359.721
5875.000,2359.619
5876.000,2359.431
5877.000,2359.347
5878.000,2359.277
5879.000,2359.177
5880.000,2359.093
5881.000,2359.010
5882.000,2359.093
5883.000,2358.836
5884.000,2358.749
5885.000,2358.898
5886.000,2358.579
5887.000,2358.493
5888.000,2358.488
5889.000,2358.324
5890.000,2358.348
5891.000,2358.164
5892.000,2358.075
5893.000,2357.988
5894.000,2358.045
5895.000,2357.813
5896.000,2357.961
5897.000,2357.643
5898.000,2357.557
5899.000,2357.471
5900.000,2357.387
5901.000,2357.301
5902.000,2357.312
5903.000,2357.135
5904.000,2357.050
5905.000,2356.959
5906.000,2356.926
5907.000,2356.798
5908.000,2356.707
5909.000,2356.625
5910.000,2356.537
5911.000,2356.450
5912.000,2356.367
5913.000,2356.282
5914.000,2356.195
5915.000,2356.271
5916.000,2356.030
5917.000,2355.976
5918.000,2356.030
5919.000,2355.775
5920.000,2355.686
5921.000,2355.599
5922.000,2355.517
5923.000,2355.700
5924.000,2355.346
5925.000,2355.260
5926.000,2355.175
5927.000,2355.092
5928.000,2355.006
5929.000,2354.997
5930.000,2354.842
5931.000,2354.750
5932.000,2354.665
5933.000,2354.579
5934.000,2354.494
5935.000,2354.411
5936.000,2354.461
5937.000,2354.394
5938.000,2354.162
5939.000,2354.070
5940.000,2353.984
5941.000,2354.105
5942.000,2353.815
5943.000,2353.728
5944.000,2353.822
5945.000,2353.559
5946.000,2353.473
5947.000,2353.387
5948.000,2353.303
5949.000,2353.219
5950.000,2353.305
5951.000,2353.049
5952.000,2353.055
5953.000,2352.879
5954.000,2352.792
5955.000,2352.706
5956.000,2352.622
5957.000,2352.642
5958.000,2352.453
5959.000,2352.368
5960.000,2352.282
5961.000,2352.301
5962.000,2352.115
5963.000,2352.028
5964.000,2351.943
5965.000,2351.857
5966.000,2351.927
5967.000,2351.689
5968.000,2351.704
5969.000,2351.521
5970.000,2351.436
5971.000,2351.349
5972.000,2351.436
5973.000,2351.252
5974.000,2351.286
5975.000,2351.010
5976.000,2350.992
5977.000,2350.840
5978.000,2350.758
5979.000,2350.672
5980.000,2350.658
5981.000,2350.501
5982.000,2354.962
5983.000,2350.330
5984.000,2350.243
5985.000,2350.159
5986.000,2350.073
5987.000,2350.053
5988.000,2349.905
5989.000,2349.920
5990.000,2349.736
5991.000,2349.649
5992.000,2349.618
5993.000,2349.479
5994.000,2349.562
5995.000,2349.309
5996.000,2349.223
5997.000,2349.352
5998.000,2349.053
5999.000,2348.967
