0.000,2526.522
1.000,1790.359
2.000,1290.796
3.000,958.840
4.000,743.531
5.000,602.871
6.000,507.727
7.000,436.685
8.000,382.921
9.000,338.963
10.000,302.274
11.000,271.375
12.000,245.954
13.000,221.611
14.000,200.654
15.000,179.574
16.000,163.159
17.000,149.495
18.000,137.475
19.000,126.783
20.000,114.874
21.000,105.938
22.000,98.802
23.000,91.983
24.000,84.324
25.000,78.648
26.000,72.772
27.000,68.026
28.000,64.294
29.000,63.262
30.000,59.974
31.000,57.203
32.000,54.353
33.000,48.827
34.000,44.895
35.000,43.553
36.000,42.171
37.000,39.078
38.000,38.746
39.000,35.106
40.000,33.905
41.000,34.358
42.000,31.589
43.000,31.382
44.000,29.329
45.000,27.865
46.000,29.083
47.000,28.348
48.000,28.236
49.000,25.363
50.000,23.569
51.000,22.488
52.000,22.590
53.000,22.199
54.000,22.684
55.000,24.774
56.000,24.733
57.000,25.112
58.000,27.475
59.000,25.760
60.000,29.156
61.000,24.957
62.000,25.370
63.000,24.431
64.000,22.832
65.000,21.649
66.000,23.080
67.000,21.506
68.000,26.886
69.000,29.601
70.000,21.003
71.000,19.313
72.000,18.519
73.000,20.809
74.000,19.214
75.000,21.815
76.000,27.585
77.000,25.873
78.000,22.149
79.000,20.872
80.000,24.710
81.000,25.823
82.000,24.294
83.000,31.406
84.000,36.441
85.000,26.616
86.000,22.840
87.000,24.804
88.000,24.964
89.000,38.437
90.000,22.268
91.000,18.815
92.000,20.441
93.000,17.362
94.000,15.882
95.000,16.731
96.000,16.139
97.000,16.005
98.000,16.660
99.000,14.118
100.000,14.349
101.000,14.528
102.000,13.330
103.000,14.918
104.000,12.923
105.000,14.280
106.000,12.546
107.000,13.554
108.000,12.838
109.000,12.335
110.000,12.618
111.000,15.859
112.000,13.973
113.000,18.965
114.000,15.673
115.000,13.437
116.000,14.111
117.000,27.805
118.000,13.555
119.000,21.435
120.000,13.704
121.000,27.102
122.000,14.471
123.000,11.915
124.000,12.667
125.000,15.125
126.000,13.009
127.000,12.928
128.000,12.394
129.000,17.483
130.000,17.846
131.000,18.655
132.000,16.007
133.000,13.674
134.000,12.781
135.000,11.721
136.000,11.615
137.000,10.647
138.000,15.100
139.000,17.474
140.000,16.528
141.000,18.526
142.000,12.512
143.000,15.134
144.000,12.169
145.000,11.487
146.000,18.135
147.000,10.572
148.000,10.258
149.000,10.926
150.000,9.296
151.000,10.506
152.000,11.529
153.000,26.586
154.000,23.883
155.000,25.461
156.000,11.498
157.000,25.554
158.000,28.284
159.000,23.973
160.000,26.010
161.000,22.050
162.000,30.980
163.000,21.837
164.000,22.060
165.000,21.137
166.000,19.634
167.000,16.565
168.000,20.302
169.000,15.213
170.000,14.276
171.000,11.803
172.000,13.386
173.000,12.931
174.000,17.254
175.000,16.359
176.000,11.700
177.000,10.268
178.000,8.915
179.000,9.433
180.000,9.098
181.000,14.735
182.000,9.870
183.000,10.769
184.000,16.395
185.000,20.885
186.000,12.477
187.000,11.358
188.000,10.199
189.000,9.906
190.000,9.290
191.000,10.790
192.000,10.213
193.000,10.836
194.000,16.945
195.000,11.389
196.000,21.622
197.000,15.900
198.000,14.789
199.000,16.230
200.000,9.935
201.000,10.192
202.000,23.651
203.000,18.244
204.000,19.587
205.000,17.196
206.000,19.893
207.000,11.477
208.000,9.376
209.000,9.783
210.000,10.621
211.000,9.712
212.000,10.975
213.000,16.042
214.000,11.062
215.000,10.275
216.000,14.651
217.000,8.914
218.000,9.111
219.000,9.552
220.000,11.226
221.000,10.390
222.000,23.145
223.000,12.771
224.000,12.481
225.000,12.403
226.000,15.129
227.000,22.183
228.000,13.490
229.000,19.524
230.000,16.529
231.000,12.035
232.000,10.474
233.000,13.596
234.000,13.497
235.000,10.968
236.000,12.500
237.000,12.200
238.000,13.072
239.000,24.188
240.000,12.969
241.000,34.697
242.000,24.970
243.000,20.562
244.000,22.483
245.000,14.696
246.000,11.151
247.000,13.998
248.000,25.997
249.000,16.062
250.000,13.439
251.000,13.542
252.000,12.235
253.000,11.486
254.000,9.229
255.000,9.475
256.000,13.598
257.000,9.054
258.000,7.832
259.000,17.343
260.000,9.572
261.000,7.902
262.000,7.250
263.000,8.951
264.000,12.198
265.000,22.469
266.000,14.591
267.000,16.125
268.000,15.346
269.000,15.613
270.000,10.038
271.000,15.698
272.000,22.567
273.000,16.840
274.000,16.114
275.000,11.998
276.000,8.722
277.000,14.553
278.000,13.789
279.000,9.586
280.000,10.589
281.000,11.261
282.000,12.022
283.000,11.206
284.000,33.819
285.000,31.189
286.000,16.139
287.000,36.992
288.000,20.754
289.000,18.148
290.000,20.609
291.000,12.381
292.000,15.418
293.000,13.462
294.000,19.639
295.000,14.361
296.000,23.286
297.000,15.564
298.000,17.588
299.000,15.117
300.000,18.328
301.000,15.125
302.000,11.686
303.000,10.116
304.000,10.676
305.000,12.921
306.000,23.353
307.000,12.809
308.000,12.687
309.000,9.209
310.000,25.026
311.000,15.153
312.000,15.607
313.000,10.263
314.000,10.177
315.000,36.219
316.000,16.116
317.000,10.214
318.000,10.912
319.000,9.050
320.000,9.664
321.000,11.991
322.000,11.021
323.000,11.251
324.000,9.874
325.000,12.418
326.000,10.284
327.000,10.581
328.000,16.965
329.000,18.480
330.000,19.506
331.000,15.897
332.000,12.106
333.000,8.897
334.000,15.051
335.000,10.585
336.000,20.936
337.000,11.531
338.000,9.488
339.000,12.230
340.000,14.850
341.000,11.163
342.000,9.875
343.000,14.764
344.000,12.514
345.000,10.498
346.000,10.226
347.000,13.151
348.000,8.572
349.000,14.605
350.000,9.049
351.000,9.188
352.000,6.927
353.000,8.822
354.000,10.573
355.000,10.914
356.000,13.396
357.000,8.902
358.000,12.096
359.000,10.194
360.000,8.450
361.000,8.479
362.000,14.349
363.000,13.466
364.000,9.517
365.000,8.417
366.000,11.749
367.000,14.067
368.000,13.679
369.000,10.584
370.000,12.410
371.000,20.747
372.000,20.699
373.000,10.075
374.000,11.683
375.000,7.984
376.000,11.061
377.000,10.410
378.000,11.713
379.000,12.295
380.000,11.662
381.000,17.441
382.000,14.165
383.000,18.385
384.000,15.072
385.000,9.257
386.000,8.000
387.000,7.287
388.000,9.043
389.000,9.000
390.000,11.175
391.000,9.368
392.000,12.714
393.000,9.908
394.000,20.849
395.000,12.481
396.000,8.727
397.000,9.400
398.000,10.666
399.000,8.487
400.000,9.564
401.000,11.753
402.000,10.913
403.000,12.512
404.000,12.305
405.000,9.810
406.000,8.153
407.000,11.549
408.000,8.995
409.000,16.984
410.000,10.679
411.000,11.720
412.000,11.189
413.000,11.977
414.000,8.838
415.000,9.743
416.000,10.253
417.000,12.020
418.000,12.238
419.000,10.446
420.000,17.345
421.000,10.924
422.000,13.175
423.000,11.005
424.000,12.355
425.000,10.563
426.000,17.491
427.000,14.582
428.000,12.500
429.000,15.237
430.000,12.175
431.000,11.556
432.000,9.194
433.000,9.306
434.000,15.947
435.000,17.061
436.000,14.902
437.000,9.709
438.000,8.184
439.000,9.899
440.000,14.066
441.000,10.993
442.000,10.503
443.000,15.171
444.000,11.098
445.000,10.766
446.000,13.410
447.000,10.114
448.000,14.370
449.000,9.146
450.000,12.963
451.000,12.714
452.000,14.411
453.000,11.344
454.000,10.934
455.000,13.102
456.000,11.491
457.000,13.030
458.000,13.573
459.000,12.845
460.000,12.694
461.000,11.840
462.000,10.192
463.000,16.929
464.000,11.149
465.000,9.199
466.000,11.899
467.000,9.818
468.000,8.804
469.000,14.418
470.000,16.946
471.000,14.279
472.000,11.820
473.000,15.158
474.000,11.731
475.000,9.659
476.000,9.909
477.000,10.969
478.000,13.136
479.000,15.625
480.000,12.685
481.000,10.986
482.000,12.433
483.000,14.195
484.000,15.021
485.000,16.717
486.000,15.200
487.000,10.269
488.000,12.607
489.000,10.374
490.000,12.113
491.000,11.451
492.000,14.114
493.000,14.243
494.000,12.349
495.000,25.494
496.000,17.648
497.000,10.405
498.000,10.705
499.000,10.155
500.000,10.551
501.000,14.618
502.000,11.232
503.000,11.281
504.000,12.743
505.000,14.091
506.000,10.928
507.000,10.298
508.000,19.584
509.000,9.859
510.000,7.878
511.000,8.409
512.000,11.557
513.000,8.453
514.000,7.556
515.000,10.312
516.000,16.111
517.000,11.264
518.000,8.947
519.000,10.666
520.000,9.569
521.000,9.835
522.000,8.152
523.000,10.960
524.000,8.111
525.000,12.048
526.000,11.090
527.000,14.620
528.000,13.004
529.000,9.563
530.000,14.589
531.000,10.610
532.000,9.918
533.000,9.129
534.000,11.146
535.000,25.216
536.000,17.371
537.000,14.349
538.000,11.769
539.000,11.656
540.000,11.182
541.000,8.805
542.000,8.305
543.000,9.117
544.000,14.396
545.000,13.223
546.000,11.107
547.000,14.083
548.000,10.865
549.000,11.550
550.000,11.470
551.000,8.146
552.000,10.522
553.000,11.295
554.000,12.455
555.000,20.305
556.000,14.183
557.000,11.752
558.000,12.219
559.000,11.268
560.000,10.109
561.000,9.331
562.000,15.493
563.000,10.924
564.000,13.385
565.000,15.388
566.000,16.540
567.000,12.546
568.000,9.508
569.000,11.601
570.000,9.373
571.000,7.450
572.000,8.449
573.000,10.287
574.000,11.589
575.000,11.810
576.000,16.285
577.000,13.694
578.000,8.424
579.000,10.431
580.000,12.228
581.000,14.220
582.000,12.183
583.000,7.630
584.000,14.988
585.000,17.633
586.000,9.384
587.000,13.955
588.000,7.012
589.000,10.987
590.000,10.321
591.000,9.287
592.000,8.296
593.000,7.691
594.000,7.843
595.000,13.444
596.000,11.338
597.000,30.954
598.000,10.917
599.000,12.893
600.000,17.720
601.000,15.831
602.000,12.371
603.000,19.021
604.000,14.779
605.000,9.899
606.000,13.949
607.000,13.412
608.000,11.728
609.000,9.284
610.000,7.977
611.000,19.911
612.000,12.883
613.000,12.418
614.000,8.060
615.000,10.272
616.000,11.903
617.000,10.613
618.000,10.651
619.000,13.792
620.000,17.253
621.000,16.958
622.000,9.890
623.000,7.976
624.000,10.449
625.000,9.879
626.000,11.364
627.000,12.620
628.000,9.997
629.000,8.717
630.000,7.722
631.000,8.557
632.000,7.555
633.000,8.966
634.000,8.741
635.000,8.456
636.000,9.378
637.000,20.909
638.000,8.195
639.000,9.235
640.000,9.849
641.000,8.817
642.000,8.657
643.000,10.289
644.000,7.101
645.000,8.075
646.000,11.894
647.000,9.996
648.000,7.489
649.000,7.900
650.000,8.521
651.000,8.243
652.000,15.881
653.000,10.209
654.000,10.645
655.000,12.324
656.000,10.748
657.000,8.072
658.000,9.855
659.000,8.369
660.000,7.463
661.000,15.368
662.000,16.683
663.000,11.997
664.000,9.926
665.000,9.310
666.000,8.604
667.000,13.117
668.000,11.830
669.000,9.157
670.000,9.628
671.000,7.677
672.000,12.779
673.000,9.601
674.000,7.097
675.000,12.080
676.000,8.916
677.000,7.356
678.000,10.846
679.000,14.842
680.000,12.364
681.000,8.289
682.000,9.197
683.000,11.403
684.000,16.583
685.000,10.757
686.000,13.280
687.000,10.064
688.000,10.935
689.000,11.152
690.000,10.361
691.000,9.459
692.000,7.819
693.000,12.053
694.000,13.212
695.000,11.514
696.000,9.838
697.000,11.407
698.000,21.522
699.000,13.189
700.000,11.392
701.000,7.099
702.000,9.156
703.000,7.572
704.000,23.053
705.000,19.150
706.000,11.414
707.000,13.370
708.000,23.407
709.000,14.767
710.000,27.443
711.000,21.201
712.000,19.938
713.000,13.983
714.000,12.623
715.000,17.026
716.000,19.084
717.000,26.743
718.000,28.802
719.000,16.516
720.000,12.639
721.000,20.305
722.000,15.141
723.000,12.192
724.000,9.882
725.000,10.886
726.000,10.166
727.000,13.267
728.000,17.912
729.000,12.991
730.000,11.240
731.000,12.726
732.000,10.321
733.000,16.346
734.000,11.964
735.000,9.859
736.000,8.370
737.000,10.878
738.000,11.810
739.000,10.717
740.000,23.176
741.000,10.325
742.000,8.585
743.000,9.204
744.000,10.053
745.000,9.521
746.000,8.979
747.000,11.113
748.000,9.354
749.000,10.481
750.000,16.971
751.000,24.213
752.000,21.810
753.000,14.840
754.000,19.710
755.000,25.400
756.000,18.803
757.000,30.552
758.000,33.131
759.000,25.570
760.000,20.679
761.000,14.877
762.000,15.884
763.000,15.442
764.000,20.624
765.000,13.122
766.000,24.203
767.000,21.256
768.000,34.678
769.000,36.672
770.000,29.235
771.000,28.604
772.000,18.885
773.000,14.458
774.000,15.578
775.000,18.668
776.000,12.636
777.000,21.450
778.000,21.970
779.000,24.434
780.000,23.324
781.000,24.463
782.000,28.246
783.000,18.419
784.000,14.192
785.000,26.011
786.000,20.853
787.000,22.059
788.000,22.141
789.000,20.157
790.000,25.833
791.000,21.572
792.000,21.997
793.000,17.615
794.000,22.440
795.000,18.823
796.000,15.032
797.000,18.308
798.000,18.453
799.000,16.765
800.000,26.013
801.000,19.369
802.000,18.078
803.000,15.035
804.000,21.986
805.000,17.963
806.000,16.311
807.000,13.112
808.000,16.447
809.000,15.840
810.000,23.215
811.000,16.804
812.000,20.550
813.000,19.719
814.000,20.430
815.000,14.758
816.000,28.260
817.000,19.778
818.000,20.022
819.000,17.540
820.000,25.660
821.000,21.911
822.000,24.977
823.000,15.822
824.000,17.653
825.000,19.857
826.000,12.812
827.000,24.002
828.000,20.677
829.000,11.645
830.000,17.667
831.000,17.043
832.000,14.692
833.000,17.457
834.000,28.859
835.000,24.768
836.000,14.295
837.000,16.260
838.000,13.929
839.000,12.910
840.000,28.253
841.000,22.907
842.000,14.963
843.000,14.938
844.000,14.640
845.000,14.911
846.000,13.064
847.000,11.552
848.000,14.676
849.000,15.901
850.000,19.594
851.000,16.443
852.000,13.079
853.000,27.123
854.000,18.619
855.000,15.113
856.000,13.282
857.000,12.394
858.000,12.393
859.000,10.328
860.000,17.523
861.000,27.224
862.000,31.308
863.000,15.535
864.000,23.221
865.000,13.515
866.000,14.002
867.000,17.419
868.000,18.416
869.000,21.604
870.000,13.824
871.000,16.649
872.000,18.102
873.000,22.618
874.000,23.263
875.000,20.308
876.000,14.616
877.000,12.103
878.000,11.546
879.000,17.123
880.000,22.258
881.000,15.572
882.000,12.609
883.000,13.687
884.000,13.709
885.000,10.804
886.000,14.146
887.000,17.279
888.000,18.155
889.000,24.417
890.000,15.435
891.000,25.561
892.000,29.846
893.000,22.466
894.000,19.090
895.000,21.196
896.000,16.920
897.000,24.881
898.000,20.255
899.000,25.458
900.000,25.368
901.000,28.319
902.000,22.858
903.000,25.116
904.000,20.172
905.000,21.981
906.000,19.595
907.000,18.011
908.000,20.082
909.000,21.469
910.000,20.326
911.000,14.358
912.000,21.276
913.000,15.460
914.000,12.184
915.000,19.453
916.000,22.128
917.000,15.706
918.000,18.152
919.000,30.771
920.000,24.627
921.000,19.010
922.000,21.243
923.000,17.412
924.000,20.796
925.000,20.720
926.000,15.139
927.000,24.489
928.000,26.124
929.000,27.404
930.000,23.839
931.000,19.599
932.000,22.378
933.000,20.902
934.000,19.878
935.000,20.227
936.000,20.509
937.000,18.135
938.000,17.695
939.000,19.305
940.000,18.710
941.000,16.220
942.000,17.577
943.000,20.790
944.000,14.354
945.000,13.999
946.000,25.432
947.000,15.252
948.000,23.144
949.000,15.041
950.000,20.272
951.000,17.725
952.000,13.879
953.000,24.894
954.000,16.325
955.000,18.782
956.000,16.088
957.000,16.440
958.000,24.843
959.000,20.172
960.000,14.138
961.000,15.892
962.000,13.024
963.000,21.062
964.000,18.961
965.000,18.753
966.000,15.395
967.000,12.904
968.000,20.542
969.000,14.985
970.000,14.053
971.000,14.205
972.000,14.242
973.000,11.809
974.000,19.742
975.000,22.949
976.000,22.983
977.000,18.356
978.000,14.938
979.000,13.602
980.000,19.739
981.000,21.596
982.000,27.077
983.000,23.564
984.000,29.785
985.000,23.453
986.000,24.043
987.000,23.900
988.000,20.051
989.000,22.474
990.000,17.273
991.000,18.953
992.000,16.889
993.000,18.631
994.000,14.550
995.000,14.841
996.000,26.348
997.000,15.309
998.000,11.143
999.000,12.869
1000.000,19.474
1001.000,18.825
1002.000,28.998
1003.000,17.206
1004.000,17.151
1005.000,15.139
1006.000,17.977
1007.000,15.166
1008.000,13.647
1009.000,19.825
1010.000,18.930
1011.000,17.046
1012.000,34.099
1013.000,23.608
1014.000,18.866
1015.000,19.211
1016.000,10.839
1017.000,19.420
1018.000,11.939
1019.000,13.839
1020.000,10.584
1021.000,17.257
1022.000,14.727
1023.000,13.395
1024.000,20.093
1025.000,18.622
1026.000,20.330
1027.000,19.678
1028.000,18.470
1029.000,18.879
1030.000,27.362
1031.000,26.517
1032.000,22.254
1033.000,19.351
1034.000,28.427
1035.000,19.539
1036.000,26.331
1037.000,23.659
1038.000,23.794
1039.000,18.680
1040.000,22.586
1041.000,26.502
1042.000,19.790
1043.000,24.621
1044.000,27.055
1045.000,24.629
1046.000,29.818
1047.000,29.455
1048.000,31.361
1049.000,35.135
1050.000,30.915
1051.000,35.318
1052.000,28.946
1053.000,30.718
1054.000,29.446
1055.000,24.170
1056.000,25.289
1057.000,25.101
1058.000,22.217
1059.000,31.177
1060.000,21.960
1061.000,28.755
1062.000,18.290
1063.000,19.096
1064.000,20.734
1065.000,22.228
1066.000,20.191
1067.000,19.896
1068.000,16.311
1069.000,16.607
1070.000,16.472
1071.000,17.808
1072.000,16.302
1073.000,19.634
1074.000,25.554
1075.000,27.793
1076.000,18.101
1077.000,24.634
1078.000,25.126
1079.000,22.395
1080.000,21.679
1081.000,23.311
1082.000,26.567
1083.000,16.128
1084.000,18.523
1085.000,15.421
1086.000,29.154
1087.000,25.430
1088.000,27.578
1089.000,15.488
1090.000,19.218
1091.000,24.874
1092.000,14.767
1093.000,20.119
1094.000,17.467
1095.000,17.964
1096.000,21.569
1097.000,27.725
1098.000,20.510
1099.000,24.154
1100.000,18.524
1101.000,18.993
1102.000,25.005
1103.000,22.870
1104.000,24.402
1105.000,18.143
1106.000,20.204
1107.000,27.148
1108.000,25.364
1109.000,19.536
1110.000,21.241
1111.000,22.944
1112.000,23.288
1113.000,18.137
1114.000,17.833
1115.000,26.919
1116.000,19.123
1117.000,24.705
1118.000,17.357
1119.000,16.056
1120.000,15.178
1121.000,15.564
1122.000,24.148
1123.000,16.564
1124.000,14.567
1125.000,20.066
1126.000,14.405
1127.000,19.932
1128.000,18.646
1129.000,18.802
1130.000,12.746
1131.000,11.532
1132.000,17.499
1133.000,21.663
1134.000,15.831
1135.000,17.991
1136.000,18.147
1137.000,17.034
1138.000,11.582
1139.000,17.950
1140.000,20.045
1141.000,14.475
1142.000,21.114
1143.000,15.911
1144.000,12.838
1145.000,20.190
1146.000,16.849
1147.000,14.402
1148.000,14.382
1149.000,12.559
1150.000,11.569
1151.000,13.583
1152.000,11.701
1153.000,16.742
1154.000,14.457
1155.000,16.086
1156.000,15.832
1157.000,16.936
1158.000,16.277
1159.000,13.791
1160.000,11.373
1161.000,13.717
1162.000,14.200
1163.000,17.544
1164.000,13.793
1165.000,11.941
1166.000,13.836
1167.000,25.152
1168.000,17.705
1169.000,13.833
1170.000,11.958
1171.000,13.509
1172.000,16.758
1173.000,13.167
1174.000,13.895
1175.000,15.318
1176.000,22.485
1177.000,13.788
1178.000,12.982
1179.000,15.073
1180.000,18.496
1181.000,22.009
1182.000,14.835
1183.000,41.776
1184.000,21.216
1185.000,15.648
1186.000,14.681
1187.000,17.130
1188.000,16.820
1189.000,34.523
1190.000,17.231
1191.000,16.187
1192.000,13.379
1193.000,13.578
1194.000,20.260
1195.000,23.228
1196.000,18.450
1197.000,16.756
1198.000,13.631
1199.000,12.119
1200.000,11.490
1201.000,11.848
1202.000,15.551
1203.000,18.605
1204.000,15.108
1205.000,13.715
1206.000,35.191
1207.000,13.724
1208.000,15.237
1209.000,16.250
1210.000,15.446
1211.000,15.360
1212.000,12.762
1213.000,14.349
1214.000,16.755
1215.000,12.071
1216.000,11.077
1217.000,15.004
1218.000,15.496
1219.000,13.666
1220.000,12.407
1221.000,13.591
1222.000,10.217
1223.000,8.765
1224.000,9.163
1225.000,11.281
1226.000,12.756
1227.000,12.683
1228.000,13.207
1229.000,10.471
1230.000,11.620
1231.000,10.547
1232.000,15.707
1233.000,11.600
1234.000,13.218
1235.000,13.643
1236.000,14.300
1237.000,11.254
1238.000,15.012
1239.000,22.315
1240.000,13.751
1241.000,13.147
1242.000,11.784
1243.000,9.192
1244.000,12.437
1245.000,16.648
1246.000,11.137
1247.000,24.036
1248.000,25.415
1249.000,23.572
1250.000,23.208
1251.000,22.879
1252.000,15.471
1253.000,12.694
1254.000,15.943
1255.000,15.060
1256.000,15.186
1257.000,19.770
1258.000,14.737
1259.000,20.613
1260.000,11.817
1261.000,12.401
1262.000,10.322
1263.000,9.749
1264.000,16.167
1265.000,14.209
1266.000,17.042
1267.000,20.273
1268.000,16.523
1269.000,13.773
1270.000,13.067
1271.000,14.058
1272.000,16.814
1273.000,17.021
1274.000,12.781
1275.000,14.559
1276.000,11.386
1277.000,10.236
1278.000,13.424
1279.000,11.824
1280.000,17.871
1281.000,15.385
1282.000,10.214
1283.000,10.875
1284.000,14.977
1285.000,10.096
1286.000,14.450
1287.000,14.740
1288.000,14.611
1289.000,17.888
1290.000,21.657
1291.000,13.294
1292.000,9.846
1293.000,15.116
1294.000,21.850
1295.000,21.632
1296.000,14.658
1297.000,12.473
1298.000,15.119
1299.000,18.941
1300.000,31.418
1301.000,16.284
1302.000,15.980
1303.000,17.743
1304.000,13.846
1305.000,14.670
1306.000,18.806
1307.000,19.887
1308.000,30.168
1309.000,20.832
1310.000,33.746
1311.000,20.636
1312.000,25.772
1313.000,16.725
1314.000,25.498
1315.000,14.871
1316.000,10.622
1317.000,12.321
1318.000,11.856
1319.000,22.499
1320.000,15.301
1321.000,19.607
1322.000,11.462
1323.000,14.016
1324.000,22.760
1325.000,19.827
1326.000,16.122
1327.000,14.992
1328.000,13.215
1329.000,9.899
1330.000,12.457
1331.000,11.304
1332.000,12.909
1333.000,20.367
1334.000,23.962
1335.000,18.340
1336.000,20.829
1337.000,12.217
1338.000,19.877
1339.000,29.263
1340.000,26.260
1341.000,16.391
1342.000,29.587
1343.000,17.192
1344.000,17.973
1345.000,12.931
1346.000,13.986
1347.000,28.423
1348.000,12.573
1349.000,13.214
1350.000,13.664
1351.000,20.185
1352.000,23.086
1353.000,17.727
1354.000,18.447
1355.000,11.182
1356.000,18.555
1357.000,19.734
1358.000,12.613
1359.000,13.723
1360.000,20.620
1361.000,16.519
1362.000,15.357
1363.000,19.036
1364.000,17.989
1365.000,15.327
1366.000,18.274
1367.000,25.846
1368.000,17.715
1369.000,20.123
1370.000,18.499
1371.000,16.574
1372.000,13.529
1373.000,12.233
1374.000,18.584
1375.000,11.734
1376.000,15.343
1377.000,20.052
1378.000,14.997
1379.000,14.125
1380.000,10.342
1381.000,13.322
1382.000,12.160
1383.000,18.415
1384.000,14.611
1385.000,15.860
1386.000,12.809
1387.000,15.348
1388.000,15.551
1389.000,15.237
1390.000,13.531
1391.000,14.423
1392.000,17.759
1393.000,14.542
1394.000,13.066
1395.000,12.772
1396.000,14.708
1397.000,12.518
1398.000,12.070
1399.000,14.362
1400.000,15.810
1401.000,16.842
1402.000,14.515
1403.000,17.923
1404.000,23.010
1405.000,17.986
1406.000,12.918
1407.000,11.659
1408.000,12.934
1409.000,11.563
1410.000,16.430
1411.000,11.038
1412.000,14.333
1413.000,13.520
1414.000,13.783
1415.000,20.105
1416.000,11.714
1417.000,12.152
1418.000,15.847
1419.000,13.354
1420.000,19.950
1421.000,13.098
1422.000,12.587
1423.000,22.995
1424.000,16.949
1425.000,15.329
1426.000,14.892
1427.000,13.080
1428.000,11.596
1429.000,25.346
1430.000,18.694
1431.000,20.104
1432.000,19.801
1433.000,13.818
1434.000,32.581
1435.000,18.671
1436.000,14.803
1437.000,17.962
1438.000,16.383
1439.000,22.683
1440.000,12.457
1441.000,11.392
1442.000,15.280
1443.000,12.995
1444.000,15.796
1445.000,18.401
1446.000,11.685
1447.000,10.701
1448.000,16.358
1449.000,12.580
1450.000,21.202
1451.000,13.697
1452.000,18.199
1453.000,14.386
1454.000,13.761
1455.000,11.690
1456.000,9.642
1457.000,9.445
1458.000,8.211
1459.000,14.679
1460.000,20.070
1461.000,12.559
1462.000,10.865
1463.000,11.644
1464.000,10.097
1465.000,14.058
1466.000,10.560
1467.000,13.580
1468.000,10.136
1469.000,29.453
1470.000,16.161
1471.000,13.371
1472.000,10.590
1473.000,13.993
1474.000,16.034
1475.000,14.284
1476.000,13.753
1477.000,18.855
1478.000,13.318
1479.000,11.953
1480.000,9.042
1481.000,9.350
1482.000,16.810
1483.000,12.500
1484.000,12.292
1485.000,13.204
1486.000,14.037
1487.000,11.691
1488.000,10.367
1489.000,19.157
1490.000,14.667
1491.000,11.108
1492.000,9.816
1493.000,13.839
1494.000,12.130
1495.000,11.667
1496.000,20.348
1497.000,13.005
1498.000,19.858
1499.000,13.015
1500.000,10.963
1501.000,9.135
1502.000,11.731
1503.000,17.064
1504.000,16.479
1505.000,10.689
1506.000,14.655
1507.000,18.047
1508.000,12.645
1509.000,9.799
1510.000,11.534
1511.000,10.260
1512.000,10.864
1513.000,11.950
1514.000,12.710
1515.000,15.218
1516.000,16.381
1517.000,10.370
1518.000,12.662
1519.000,9.809
1520.000,9.727
1521.000,22.507
1522.000,10.967
1523.000,14.990
1524.000,13.217
1525.000,17.128
1526.000,12.829
1527.000,16.288
1528.000,11.766
1529.000,6.956
1530.000,12.336
1531.000,11.276
1532.000,11.041
1533.000,9.860
1534.000,11.836
1535.000,11.446
1536.000,15.565
1537.000,10.680
1538.000,10.867
1539.000,9.092
1540.000,8.690
1541.000,25.979
1542.000,13.605
1543.000,15.755
1544.000,17.096
1545.000,11.187
1546.000,10.610
1547.000,10.148
1548.000,8.683
1549.000,14.263
1550.000,13.869
1551.000,9.304
1552.000,12.363
1553.000,18.196
1554.000,18.035
1555.000,12.720
1556.000,16.745
1557.000,13.748
1558.000,15.462
1559.000,13.935
1560.000,10.841
1561.000,13.185
1562.000,10.805
1563.000,12.796
1564.000,14.068
1565.000,20.156
1566.000,13.712
1567.000,12.257
1568.000,12.482
1569.000,9.161
1570.000,9.560
1571.000,12.413
1572.000,14.527
1573.000,10.799
1574.000,10.573
1575.000,11.196
1576.000,16.349
1577.000,13.286
1578.000,14.904
1579.000,11.229
1580.000,10.057
1581.000,11.851
1582.000,12.976
1583.000,9.739
1584.000,12.178
1585.000,16.782
1586.000,9.050
1587.000,10.375
1588.000,12.306
1589.000,22.373
1590.000,14.465
1591.000,14.946
1592.000,10.516
1593.000,13.906
1594.000,11.793
1595.000,10.725
1596.000,12.559
1597.000,12.977
1598.000,13.967
1599.000,13.797
1600.000,11.662
1601.000,12.944
1602.000,16.983
1603.000,12.685
1604.000,13.334
1605.000,13.203
1606.000,13.334
1607.000,14.652
1608.000,14.026
1609.000,11.748
1610.000,11.845
1611.000,13.257
1612.000,11.340
1613.000,14.250
1614.000,12.504
1615.000,13.253
1616.000,12.216
1617.000,11.983
1618.000,10.853
1619.000,13.569
1620.000,10.840
1621.000,16.200
1622.000,10.417
1623.000,11.483
1624.000,11.479
1625.000,9.781
1626.000,9.842
1627.000,13.980
1628.000,8.427
1629.000,8.341
1630.000,8.713
1631.000,9.471
1632.000,11.636
1633.000,10.387
1634.000,12.198
1635.000,10.066
1636.000,22.078
1637.000,8.964
1638.000,10.838
1639.000,7.836
1640.000,7.316
1641.000,8.408
1642.000,6.854
1643.000,7.797
1644.000,13.409
1645.000,7.781
1646.000,7.948
1647.000,15.233
1648.000,7.375
1649.000,7.673
1650.000,6.755
1651.000,7.930
1652.000,7.311
1653.000,7.533
1654.000,22.230
1655.000,9.894
1656.000,7.953
1657.000,20.833
1658.000,25.934
1659.000,12.315
1660.000,11.865
1661.000,10.607
1662.000,7.775
1663.000,5.986
1664.000,5.463
1665.000,7.608
1666.000,13.865
1667.000,8.600
1668.000,8.222
1669.000,7.654
1670.000,7.696
1671.000,6.967
1672.000,9.210
1673.000,8.323
1674.000,24.520
1675.000,33.472
1676.000,20.237
1677.000,17.164
1678.000,12.481
1679.000,16.293
1680.000,14.522
1681.000,13.106
1682.000,11.467
1683.000,12.321
1684.000,16.312
1685.000,11.495
1686.000,7.564
1687.000,8.182
1688.000,12.494
1689.000,14.350
1690.000,14.274
1691.000,23.189
1692.000,22.524
1693.000,9.593
1694.000,8.056
1695.000,7.963
1696.000,7.601
1697.000,9.957
1698.000,8.354
1699.000,9.062
1700.000,23.793
1701.000,8.695
1702.000,9.775
1703.000,9.403
1704.000,11.931
1705.000,8.444
1706.000,10.691
1707.000,12.482
1708.000,13.331
1709.000,14.309
1710.000,10.285
1711.000,13.847
1712.000,19.234
1713.000,11.656
1714.000,10.090
1715.000,9.113
1716.000,10.177
1717.000,10.114
1718.000,10.107
1719.000,17.187
1720.000,13.951
1721.000,19.283
1722.000,18.179
1723.000,13.646
1724.000,14.466
1725.000,16.504
1726.000,14.057
1727.000,12.585
1728.000,11.211
1729.000,10.510
1730.000,13.282
1731.000,18.967
1732.000,15.411
1733.000,17.355
1734.000,15.945
1735.000,10.869
1736.000,12.173
1737.000,13.219
1738.000,14.363
1739.000,16.039
1740.000,24.250
1741.000,13.987
1742.000,12.700
1743.000,12.025
1744.000,12.588
1745.000,11.870
1746.000,16.102
1747.000,13.176
1748.000,12.402
1749.000,14.148
1750.000,12.280
1751.000,14.178
1752.000,10.054
1753.000,9.945
1754.000,8.587
1755.000,9.301
1756.000,9.724
1757.000,7.797
1758.000,10.823
1759.000,14.765
1760.000,11.627
1761.000,18.198
1762.000,10.636
1763.000,16.481
1764.000,17.155
1765.000,10.004
1766.000,13.810
1767.000,10.084
1768.000,10.751
1769.000,9.797
1770.000,9.770
1771.000,12.198
1772.000,8.609
1773.000,8.067
1774.000,8.583
1775.000,12.297
1776.000,12.024
1777.000,9.330
1778.000,7.344
1779.000,10.414
1780.000,9.011
1781.000,9.088
1782.000,14.105
1783.000,16.788
1784.000,12.158
1785.000,6.379
1786.000,6.613
1787.000,9.976
1788.000,8.040
1789.000,7.870
1790.000,10.498
1791.000,12.265
1792.000,11.975
1793.000,8.913
1794.000,8.973
1795.000,7.778
1796.000,10.166
1797.000,8.378
1798.000,11.840
1799.000,13.073
1800.000,9.153
1801.000,9.085
1802.000,8.742
1803.000,8.670
1804.000,9.546
1805.000,8.989
1806.000,8.493
1807.000,8.969
1808.000,9.643
1809.000,7.289
1810.000,7.496
1811.000,13.416
1812.000,9.548
1813.000,6.983
1814.000,8.840
1815.000,9.487
1816.000,7.367
1817.000,20.528
1818.000,28.683
1819.000,16.318
1820.000,14.079
1821.000,17.067
1822.000,18.177
1823.000,12.580
1824.000,16.747
1825.000,9.462
1826.000,11.536
1827.000,9.531
1828.000,13.476
1829.000,17.770
1830.000,14.425
1831.000,13.552
1832.000,32.498
1833.000,13.452
1834.000,10.167
1835.000,18.851
1836.000,15.079
1837.000,12.264
1838.000,12.370
1839.000,10.588
1840.000,9.669
1841.000,11.315
1842.000,9.149
1843.000,11.016
1844.000,12.480
1845.000,11.519
1846.000,15.102
1847.000,11.752
1848.000,8.069
1849.000,8.225
1850.000,7.986
1851.000,11.014
1852.000,10.397
1853.000,16.220
1854.000,13.896
1855.000,11.660
1856.000,18.424
1857.000,18.808
1858.000,12.838
1859.000,9.212
1860.000,11.509
1861.000,17.561
1862.000,17.020
1863.000,13.230
1864.000,12.255
1865.000,9.124
1866.000,8.002
1867.000,11.481
1868.000,10.110
1869.000,16.271
1870.000,13.101
1871.000,12.378
1872.000,10.128
1873.000,8.597
1874.000,10.651
1875.000,20.146
1876.000,11.845
1877.000,9.574
1878.000,8.051
1879.000,10.057
1880.000,16.015
1881.000,15.047
1882.000,12.430
1883.000,12.446
1884.000,11.064
1885.000,11.937
1886.000,18.937
1887.000,11.289
1888.000,9.751
1889.000,13.385
1890.000,10.473
1891.000,8.851
1892.000,12.279
1893.000,11.040
1894.000,7.570
1895.000,12.273
1896.000,14.319
1897.000,14.460
1898.000,15.235
1899.000,10.703
1900.000,12.687
1901.000,11.654
1902.000,11.008
1903.000,11.480
1904.000,9.121
1905.000,13.455
1906.000,15.081
1907.000,11.101
1908.000,9.857
1909.000,13.596
1910.000,10.884
1911.000,9.610
1912.000,12.680
1913.000,10.921
1914.000,11.579
1915.000,13.208
1916.000,8.839
1917.000,14.586
1918.000,12.062
1919.000,14.180
1920.000,13.562
1921.000,7.986
1922.000,8.564
1923.000,7.021
1924.000,11.252
1925.000,8.731
1926.000,10.382
1927.000,15.260
1928.000,15.022
1929.000,13.894
1930.000,14.828
1931.000,7.617
1932.000,7.248
1933.000,7.769
1934.000,9.392
1935.000,13.456
1936.000,10.894
1937.000,7.401
1938.000,6.598
1939.000,9.113
1940.000,14.240
1941.000,8.971
1942.000,6.961
1943.000,6.894
1944.000,9.654
1945.000,12.875
1946.000,10.900
1947.000,9.292
1948.000,10.647
1949.000,7.631
1950.000,15.474
1951.000,10.365
1952.000,9.330
1953.000,6.861
1954.000,9.112
1955.000,14.455
1956.000,11.616
1957.000,15.384
1958.000,7.981
1959.000,9.167
1960.000,7.303
1961.000,12.740
1962.000,8.169
1963.000,11.382
1964.000,21.741
1965.000,13.664
1966.000,10.283
1967.000,11.075
1968.000,11.882
1969.000,7.012
1970.000,9.181
1971.000,9.430
1972.000,13.264
1973.000,10.478
1974.000,8.227
1975.000,8.839
1976.000,8.676
1977.000,8.116
1978.000,13.499
1979.000,19.018
1980.000,12.499
1981.000,11.863
1982.000,7.755
1983.000,10.670
1984.000,7.662
1985.000,6.458
1986.000,9.947
1987.000,11.294
1988.000,8.943
1989.000,10.866
1990.000,10.338
1991.000,7.265
1992.000,10.979
1993.000,8.663
1994.000,8.276
1995.000,12.351
1996.000,10.431
1997.000,9.453
1998.000,9.613
1999.000,13.299
2000.000,13.780
2001.000,13.692
2002.000,18.240
2003.000,13.249
2004.000,8.858
2005.000,14.053
2006.000,12.249
2007.000,9.157
2008.000,14.807
2009.000,9.517
2010.000,8.677
2011.000,8.237
2012.000,12.767
2013.000,10.226
2014.000,9.767
2015.000,9.950
2016.000,14.057
2017.000,19.442
2018.000,12.759
2019.000,17.021
2020.000,11.073
2021.000,8.982
2022.000,8.446
2023.000,9.012
2024.000,9.697
2025.000,7.723
2026.000,10.681
2027.000,11.547
2028.000,11.577
2029.000,9.546
2030.000,9.122
2031.000,18.705
2032.000,12.790
2033.000,16.845
2034.000,12.171
2035.000,16.134
2036.000,15.471
2037.000,15.173
2038.000,11.278
2039.000,11.367
2040.000,9.080
2041.000,20.830
2042.000,12.556
2043.000,10.918
2044.000,15.207
2045.000,15.389
2046.000,11.113
2047.000,14.032
2048.000,16.252
2049.000,21.663
2050.000,14.583
2051.000,11.913
2052.000,13.575
2053.000,25.713
2054.000,13.517
2055.000,11.653
2056.000,10.063
2057.000,8.688
2058.000,13.576
2059.000,13.435
2060.000,11.298
2061.000,8.980
2062.000,16.517
2063.000,11.173
2064.000,16.021
2065.000,9.327
2066.000,8.538
2067.000,11.300
2068.000,15.066
2069.000,16.923
2070.000,11.933
2071.000,10.136
2072.000,11.509
2073.000,11.924
2074.000,11.406
2075.000,19.027
2076.000,11.767
2077.000,19.697
2078.000,12.603
2079.000,11.370
2080.000,12.510
2081.000,11.782
2082.000,11.350
2083.000,10.356
2084.000,9.244
2085.000,14.893
2086.000,11.329
2087.000,8.032
2088.000,11.431
2089.000,14.617
2090.000,9.230
2091.000,17.242
2092.000,16.999
2093.000,11.982
2094.000,9.515
2095.000,11.774
2096.000,19.900
2097.000,10.379
2098.000,8.101
2099.000,10.824
2100.000,19.845
2101.000,14.050
2102.000,14.263
2103.000,11.522
2104.000,17.377
2105.000,14.313
2106.000,15.459
2107.000,13.897
2108.000,11.177
2109.000,13.842
2110.000,13.004
2111.000,8.610
2112.000,6.782
2113.000,14.091
2114.000,9.886
2115.000,13.014
2116.000,11.019
2117.000,18.499
2118.000,14.225
2119.000,9.515
2120.000,10.573
2121.000,9.422
2122.000,8.201
2123.000,15.127
2124.000,13.163
2125.000,10.826
2126.000,18.239
2127.000,13.517
2128.000,10.164
2129.000,5.621
2130.000,11.912
2131.000,13.085
2132.000,10.083
2133.000,9.447
2134.000,14.169
2135.000,9.897
2136.000,12.859
2137.000,12.912
2138.000,10.152
2139.000,9.064
2140.000,10.206
2141.000,9.659
2142.000,8.960
2143.000,10.010
2144.000,7.878
2145.000,18.744
2146.000,11.498
2147.000,8.699
2148.000,6.292
2149.000,9.043
2150.000,7.698
2151.000,9.847
2152.000,19.235
2153.000,16.687
2154.000,12.868
2155.000,10.294
2156.000,7.491
2157.000,10.966
2158.000,16.115
2159.000,14.553
2160.000,15.745
2161.000,15.627
2162.000,18.530
2163.000,10.899
2164.000,10.592
2165.000,10.301
2166.000,13.643
2167.000,11.899
2168.000,8.609
2169.000,8.961
2170.000,12.853
2171.000,9.436
2172.000,6.719
2173.000,8.867
2174.000,8.825
2175.000,9.385
2176.000,9.713
2177.000,11.847
2178.000,16.258
2179.000,10.102
2180.000,12.911
2181.000,13.158
2182.000,8.567
2183.000,20.980
2184.000,15.387
2185.000,11.380
2186.000,10.156
2187.000,7.037
2188.000,25.748
2189.000,12.574
2190.000,12.183
2191.000,13.610
2192.000,12.436
2193.000,12.928
2194.000,17.943
2195.000,15.414
2196.000,11.893
2197.000,13.550
2198.000,9.002
2199.000,11.636
2200.000,12.747
2201.000,8.953
2202.000,8.271
2203.000,14.135
2204.000,13.868
2205.000,9.199
2206.000,14.019
2207.000,17.277
2208.000,12.106
2209.000,10.823
2210.000,11.718
2211.000,10.315
2212.000,12.623
2213.000,16.545
2214.000,9.865
2215.000,14.788
2216.000,17.032
2217.000,21.096
2218.000,16.195
2219.000,12.224
2220.000,15.828
2221.000,24.728
2222.000,16.830
2223.000,24.299
2224.000,10.036
2225.000,19.143
2226.000,11.560
2227.000,13.426
2228.000,16.907
2229.000,13.206
2230.000,11.118
2231.000,14.085
2232.000,11.043
2233.000,11.489
2234.000,9.679
2235.000,12.034
2236.000,11.246
2237.000,14.006
2238.000,10.427
2239.000,10.360
2240.000,13.040
2241.000,9.037
2242.000,15.677
2243.000,9.787
2244.000,16.012
2245.000,10.999
2246.000,18.159
2247.000,10.329
2248.000,19.751
2249.000,13.636
2250.000,14.911
2251.000,7.276
2252.000,11.893
2253.000,11.172
2254.000,10.355
2255.000,9.542
2256.000,11.470
2257.000,10.800
2258.000,13.633
2259.000,13.232
2260.000,12.130
2261.000,9.521
2262.000,9.121
2263.000,13.525
2264.000,17.245
2265.000,12.914
2266.000,15.840
2267.000,10.188
2268.000,9.911
2269.000,8.826
2270.000,11.422
2271.000,12.579
2272.000,16.174
2273.000,15.515
2274.000,12.523
2275.000,10.086
2276.000,12.838
2277.000,7.270
2278.000,5.866
2279.000,9.635
2280.000,15.220
2281.000,8.517
2282.000,7.977
2283.000,9.506
2284.000,8.324
2285.000,9.478
2286.000,6.893
2287.000,13.176
2288.000,11.215
2289.000,13.996
2290.000,7.124
2291.000,5.521
2292.000,5.043
2293.000,7.777
2294.000,24.740
2295.000,15.694
2296.000,12.651
2297.000,14.526
2298.000,9.523
2299.000,11.191
2300.000,8.956
2301.000,11.736
2302.000,17.491
2303.000,9.974
2304.000,7.539
2305.000,6.926
2306.000,10.083
2307.000,8.058
2308.000,16.435
2309.000,17.109
2310.000,6.699
2311.000,10.197
2312.000,16.033
2313.000,8.974
2314.000,11.105
2315.000,12.546
2316.000,6.714
2317.000,10.397
2318.000,11.446
2319.000,8.159
2320.000,15.403
2321.000,14.227
2322.000,11.214
2323.000,13.861
2324.000,11.315
2325.000,11.818
2326.000,7.288
2327.000,10.433
2328.000,12.849
2329.000,12.779
2330.000,12.270
2331.000,11.976
2332.000,7.157
2333.000,7.403
2334.000,14.856
2335.000,12.949
2336.000,16.404
2337.000,11.693
2338.000,10.584
2339.000,8.982
2340.000,9.628
2341.000,20.829
2342.000,9.478
2343.000,11.001
2344.000,9.573
2345.000,10.544
2346.000,10.432
2347.000,16.153
2348.000,10.546
2349.000,10.572
2350.000,12.047
2351.000,8.198
2352.000,11.574
2353.000,13.417
2354.000,10.836
2355.000,13.317
2356.000,12.353
2357.000,9.127
2358.000,8.845
2359.000,13.268
2360.000,20.511
2361.000,11.279
2362.000,11.258
2363.000,12.495
2364.000,14.929
2365.000,12.169
2366.000,10.560
2367.000,9.408
2368.000,10.857
2369.000,7.740
2370.000,14.250
2371.000,15.434
2372.000,15.888
2373.000,13.765
2374.000,10.396
2375.000,6.816
2376.000,19.832
2377.000,8.078
2378.000,9.342
2379.000,8.718
2380.000,7.099
2381.000,8.145
2382.000,9.235
2383.000,11.644
2384.000,14.247
2385.000,16.927
2386.000,10.668
2387.000,7.760
2388.000,7.601
2389.000,10.426
2390.000,11.523
2391.000,6.633
2392.000,9.755
2393.000,8.725
2394.000,6.862
2395.000,7.260
2396.000,10.166
2397.000,7.577
2398.000,17.182
2399.000,12.543
2400.000,11.148
2401.000,10.756
2402.000,8.452
2403.000,11.464
2404.000,9.322
2405.000,14.587
2406.000,9.752
2407.000,7.133
2408.000,12.175
2409.000,8.941
2410.000,12.402
2411.000,8.703
2412.000,11.272
2413.000,10.275
2414.000,16.616
2415.000,11.733
2416.000,8.087
2417.000,14.261
2418.000,11.750
2419.000,7.996
2420.000,9.845
2421.000,8.018
2422.000,12.704
2423.000,16.295
2424.000,8.051
2425.000,10.924
2426.000,11.420
2427.000,9.003
2428.000,14.482
2429.000,9.549
2430.000,10.114
2431.000,9.600
2432.000,14.852
2433.000,10.622
2434.000,8.294
2435.000,11.820
2436.000,16.965
2437.000,12.889
2438.000,13.702
2439.000,11.127
2440.000,8.428
2441.000,20.556
2442.000,9.238
2443.000,7.534
2444.000,11.207
2445.000,15.759
2446.000,10.754
2447.000,11.721
2448.000,12.454
2449.000,13.795
2450.000,11.639
2451.000,13.189
2452.000,13.476
2453.000,22.367
2454.000,22.387
2455.000,13.905
2456.000,17.796
2457.000,14.317
2458.000,19.730
2459.000,14.112
2460.000,10.704
2461.000,13.050
2462.000,9.697
2463.000,7.732
2464.000,18.779
2465.000,11.671
2466.000,16.236
2467.000,15.539
2468.000,16.017
2469.000,12.974
2470.000,10.817
2471.000,9.028
2472.000,12.219
2473.000,19.723
2474.000,17.157
2475.000,14.848
2476.000,10.519
2477.000,15.041
2478.000,16.415
2479.000,20.784
2480.000,16.430
2481.000,18.465
2482.000,15.819
2483.000,21.849
2484.000,14.546
2485.000,16.433
2486.000,11.233
2487.000,12.051
2488.000,10.096
2489.000,11.040
2490.000,10.575
2491.000,11.073
2492.000,11.880
2493.000,15.146
2494.000,10.836
2495.000,18.550
2496.000,14.199
2497.000,9.098
2498.000,8.732
2499.000,13.760
2500.000,10.418
2501.000,11.909
2502.000,19.639
2503.000,10.383
2504.000,13.242
2505.000,14.704
2506.000,13.001
2507.000,9.294
2508.000,10.151
2509.000,12.156
2510.000,11.007
2511.000,12.378
2512.000,9.097
2513.000,10.515
2514.000,20.362
2515.000,14.609
2516.000,15.456
2517.000,21.158
2518.000,11.319
2519.000,11.278
2520.000,7.716
2521.000,9.080
2522.000,8.795
2523.000,10.544
2524.000,9.137
2525.000,14.371
2526.000,21.341
2527.000,14.685
2528.000,13.640
2529.000,13.858
2530.000,10.084
2531.000,8.777
2532.000,18.263
2533.000,16.532
2534.000,13.737
2535.000,13.654
2536.000,12.635
2537.000,10.829
2538.000,9.050
2539.000,17.857
2540.000,13.619
2541.000,13.646
2542.000,8.530
2543.000,12.038
2544.000,11.021
2545.000,12.888
2546.000,15.774
2547.000,9.951
2548.000,8.514
2549.000,8.231
2550.000,10.780
2551.000,9.396
2552.000,9.387
2553.000,14.210
2554.000,17.503
2555.000,13.254
2556.000,11.460
2557.000,8.984
2558.000,14.863
2559.000,14.621
2560.000,12.326
2561.000,14.186
2562.000,16.721
2563.000,14.969
2564.000,14.776
2565.000,21.619
2566.000,16.517
2567.000,10.038
2568.000,7.128
2569.000,7.350
2570.000,8.746
2571.000,8.277
2572.000,11.442
2573.000,23.241
2574.000,21.464
2575.000,23.295
2576.000,12.131
2577.000,23.446
2578.000,12.372
2579.000,22.723
2580.000,13.605
2581.000,13.633
2582.000,24.445
2583.000,13.849
2584.000,14.077
2585.000,12.464
2586.000,20.210
2587.000,11.841
2588.000,9.665
2589.000,9.167
2590.000,9.938
2591.000,9.340
2592.000,8.259
2593.000,19.233
2594.000,15.923
2595.000,14.165
2596.000,12.789
2597.000,12.829
2598.000,11.467
2599.000,13.048
2600.000,14.073
2601.000,14.332
2602.000,14.420
2603.000,13.038
2604.000,17.827
2605.000,14.289
2606.000,16.684
2607.000,13.813
2608.000,13.033
2609.000,10.621
2610.000,8.241
2611.000,11.623
2612.000,10.068
2613.000,13.617
2614.000,10.540
2615.000,12.723
2616.000,12.378
2617.000,15.502
2618.000,11.383
2619.000,12.159
2620.000,9.374
2621.000,11.049
2622.000,10.444
2623.000,9.908
2624.000,9.390
2625.000,22.575
2626.000,12.516
2627.000,11.790
2628.000,13.780
2629.000,10.533
2630.000,12.742
2631.000,9.521
2632.000,9.496
2633.000,9.776
2634.000,13.569
2635.000,11.512
2636.000,16.913
2637.000,10.338
2638.000,16.623
2639.000,12.987
2640.000,8.598
2641.000,10.740
2642.000,16.593
2643.000,16.137
2644.000,10.779
2645.000,11.424
2646.000,12.956
2647.000,12.792
2648.000,13.320
2649.000,11.261
2650.000,14.937
2651.000,16.702
2652.000,9.978
2653.000,11.644
2654.000,12.330
2655.000,16.888
2656.000,13.674
2657.000,10.709
2658.000,9.830
2659.000,14.987
2660.000,10.607
2661.000,14.457
2662.000,23.410
2663.000,25.615
2664.000,18.008
2665.000,12.983
2666.000,12.101
2667.000,16.085
2668.000,18.387
2669.000,12.774
2670.000,18.557
2671.000,22.401
2672.000,36.155
2673.000,18.598
2674.000,10.644
2675.000,11.249
2676.000,12.818
2677.000,9.547
2678.000,11.659
2679.000,14.248
2680.000,8.816
2681.000,12.489
2682.000,15.219
2683.000,10.021
2684.000,10.674
2685.000,9.633
2686.000,13.099
2687.000,11.967
2688.000,11.495
2689.000,10.385
2690.000,13.538
2691.000,13.999
2692.000,9.039
2693.000,11.765
2694.000,7.809
2695.000,8.886
2696.000,12.896
2697.000,8.252
2698.000,9.821
2699.000,12.838
2700.000,20.471
2701.000,11.619
2702.000,9.961
2703.000,10.977
2704.000,13.245
2705.000,17.686
2706.000,17.788
2707.000,13.122
2708.000,9.523
2709.000,9.885
2710.000,8.239
2711.000,9.211
2712.000,9.912
2713.000,11.051
2714.000,10.014
2715.000,7.410
2716.000,7.953
2717.000,11.940
2718.000,11.224
2719.000,10.322
2720.000,9.464
2721.000,8.174
2722.000,8.574
2723.000,10.886
2724.000,7.622
2725.000,16.793
2726.000,14.778
2727.000,8.205
2728.000,10.563
2729.000,6.969
2730.000,7.917
2731.000,12.835
2732.000,9.617
2733.000,8.891
2734.000,8.695
2735.000,8.786
2736.000,14.653
2737.000,11.180
2738.000,9.773
2739.000,10.220
2740.000,12.945
2741.000,12.429
2742.000,9.065
2743.000,6.698
2744.000,10.811
2745.000,10.404
2746.000,7.492
2747.000,10.433
2748.000,8.317
2749.000,8.379
2750.000,16.054
2751.000,10.769
2752.000,13.137
2753.000,11.979
2754.000,8.668
2755.000,8.673
2756.000,8.632
2757.000,8.721
2758.000,11.723
2759.000,8.452
2760.000,13.459
2761.000,15.033
2762.000,10.300
2763.000,7.777
2764.000,8.528
2765.000,10.033
2766.000,10.691
2767.000,14.194
2768.000,25.659
2769.000,8.822
2770.000,8.332
2771.000,9.244
2772.000,7.326
2773.000,12.384
2774.000,9.995
2775.000,7.820
2776.000,14.602
2777.000,14.927
2778.000,9.778
2779.000,11.334
2780.000,9.080
2781.000,11.840
2782.000,12.772
2783.000,7.226
2784.000,7.615
2785.000,6.807
2786.000,8.659
2787.000,7.253
2788.000,6.928
2789.000,8.676
2790.000,8.818
2791.000,14.943
2792.000,23.357
2793.000,10.116
2794.000,7.892
2795.000,7.529
2796.000,6.683
2797.000,6.372
2798.000,8.750
2799.000,11.807
2800.000,10.307
2801.000,11.751
2802.000,9.589
2803.000,7.808
2804.000,20.996
2805.000,7.661
2806.000,6.351
2807.000,9.061
2808.000,8.524
2809.000,7.973
2810.000,12.578
2811.000,16.048
2812.000,9.814
2813.000,8.300
2814.000,7.532
2815.000,6.922
2816.000,9.855
2817.000,13.403
2818.000,8.762
2819.000,9.389
2820.000,10.271
2821.000,11.726
2822.000,12.160
2823.000,8.274
2824.000,10.251
2825.000,7.083
2826.000,8.349
2827.000,11.624
2828.000,11.059
2829.000,8.303
2830.000,8.393
2831.000,14.187
2832.000,10.308
2833.000,8.370
2834.000,8.055
2835.000,9.719
2836.000,10.561
2837.000,8.808
2838.000,18.473
2839.000,15.112
2840.000,8.020
2841.000,8.852
2842.000,8.523
2843.000,9.192
2844.000,9.504
2845.000,12.207
2846.000,8.343
2847.000,11.691
2848.000,8.594
2849.000,8.794
2850.000,10.291
2851.000,9.646
2852.000,10.152
2853.000,9.541
2854.000,9.464
2855.000,7.314
2856.000,7.469
2857.000,9.778
2858.000,7.992
2859.000,9.643
2860.000,7.927
2861.000,7.102
2862.000,6.237
2863.000,12.109
2864.000,15.988
2865.000,9.485
2866.000,9.098
2867.000,8.710
2868.000,8.921
2869.000,9.119
2870.000,9.401
2871.000,10.856
2872.000,8.242
2873.000,10.305
2874.000,8.306
2875.000,11.301
2876.000,13.537
2877.000,13.255
2878.000,17.340
2879.000,9.265
2880.000,9.525
2881.000,7.139
2882.000,7.210
2883.000,11.574
2884.000,12.661
2885.000,10.575
2886.000,8.766
2887.000,8.343
2888.000,6.861
2889.000,10.256
2890.000,11.897
2891.000,11.271
2892.000,9.098
2893.000,8.259
2894.000,6.975
2895.000,8.344
2896.000,10.457
2897.000,11.392
2898.000,7.781
2899.000,8.647
2900.000,10.077
2901.000,7.521
2902.000,11.693
2903.000,7.897
2904.000,7.001
2905.000,9.927
2906.000,9.806
2907.000,7.721
2908.000,6.861
2909.000,10.033
2910.000,7.768
2911.000,7.604
2912.000,8.755
2913.000,7.949
2914.000,7.757
2915.000,7.878
2916.000,7.108
2917.000,10.227
2918.000,8.153
2919.000,8.496
2920.000,12.346
2921.000,9.530
2922.000,7.773
2923.000,7.764
2924.000,6.609
2925.000,9.385
2926.000,9.930
2927.000,8.195
2928.000,9.467
2929.000,9.027
2930.000,6.079
2931.000,6.586
2932.000,7.421
2933.000,6.933
2934.000,10.953
2935.000,10.639
2936.000,12.925
2937.000,6.686
2938.000,6.259
2939.000,8.051
2940.000,8.103
2941.000,12.303
2942.000,7.250
2943.000,7.909
2944.000,7.760
2945.000,8.303
2946.000,6.116
2947.000,5.339
2948.000,7.534
2949.000,7.712
2950.000,7.595
2951.000,10.092
2952.000,6.810
2953.000,8.932
2954.000,10.021
2955.000,9.582
2956.000,10.914
2957.000,7.984
2958.000,19.287
2959.000,8.539
2960.000,6.933
2961.000,16.866
2962.000,8.878
2963.000,10.333
2964.000,6.367
2965.000,5.251
2966.000,6.389
2967.000,7.204
2968.000,8.425
2969.000,8.830
2970.000,11.664
2971.000,11.441
2972.000,7.736
2973.000,6.433
2974.000,6.071
2975.000,18.989
2976.000,10.977
2977.000,11.712
2978.000,14.878
2979.000,8.862
2980.000,8.404
2981.000,8.194
2982.000,9.552
2983.000,6.349
2984.000,10.023
2985.000,8.495
2986.000,10.549
2987.000,9.711
2988.000,8.172
2989.000,7.330
2990.000,15.555
2991.000,23.672
2992.000,15.724
2993.000,12.592
2994.000,9.276
2995.000,13.553
2996.000,25.128
2997.000,12.140
2998.000,16.761
2999.000,9.773
