0.000,2612.570
1.000,2083.801
2.000,1996.509
3.000,1912.559
4.000,1837.893
5.000,1772.147
6.000,1714.810
7.000,1663.948
8.000,1618.347
9.000,1576.478
10.000,1537.156
11.000,1499.877
12.000,1467.568
13.000,1448.587
14.000,1423.509
15.000,1393.075
16.000,1361.611
17.000,1329.836
18.000,1298.423
19.000,1268.454
20.000,1240.809
21.000,1215.311
22.000,1191.305
23.000,1168.268
24.000,1145.935
25.000,1124.108
26.000,1102.856
27.000,1082.106
28.000,1061.729
29.000,1041.735
30.000,1022.301
31.000,1003.466
32.000,984.470
33.000,964.233
34.000,941.049
35.000,913.614
36.000,883.216
37.000,852.821
38.000,821.271
39.000,785.345
40.000,745.978
41.000,706.072
42.000,671.190
43.000,638.891
44.000,607.538
45.000,574.038
46.000,542.575
47.000,512.993
48.000,486.168
49.000,460.056
50.000,433.283
51.000,404.153
52.000,368.260
53.000,321.351
54.000,271.456
55.000,221.966
56.000,169.819
57.000,123.542
58.000,85.161
59.000,50.669
60.000,18.217
61.000,-10.793
62.000,-36.827
63.000,-63.391
64.000,-90.656
65.000,-118.126
66.000,-145.398
67.000,-167.354
68.000,-162.083
69.000,-177.232
70.000,-199.683
71.000,-215.717
72.000,-230.528
73.000,-245.739
74.000,-262.236
75.000,-279.861
76.000,-296.004
77.000,-310.726
78.000,-323.318
79.000,-333.668
80.000,-342.891
81.000,-352.589
82.000,-362.597
83.000,-373.057
84.000,-383.683
85.000,-395.948
86.000,-411.456
87.000,-431.374
88.000,-453.507
89.000,-473.416
90.000,-478.553
91.000,-467.156
92.000,-448.103
93.000,-426.267
94.000,-402.576
95.000,-378.853
96.000,-352.737
97.000,-322.119
98.000,-288.719
99.000,-252.958
100.000,-218.786
101.000,-186.676
102.000,-157.010
103.000,-129.898
104.000,-105.739
105.000,-83.862
106.000,-65.380
107.000,-52.399
108.000,-45.206
109.000,-46.348
110.000,-58.162
111.000,-81.563
112.000,-114.736
113.000,-154.829
114.000,-201.430
115.000,-251.919
116.000,-301.897
117.000,-350.821
118.000,-399.666
119.000,-454.751
120.000,-516.250
121.000,-576.342
122.000,-628.002
123.000,-672.011
124.000,-714.204
125.000,-750.879
126.000,-781.318
127.000,-803.356
128.000,-826.048
129.000,-853.580
130.000,-877.341
131.000,-888.220
132.000,-884.322
133.000,-855.909
134.000,-824.784
135.000,-793.351
136.000,-758.116
137.000,-717.928
138.000,-677.933
139.000,-635.120
140.000,-588.244
141.000,-540.740
142.000,-491.872
143.000,-437.904
144.000,-383.277
145.000,-330.647
146.000,-282.327
147.000,-239.127
148.000,-201.964
149.000,-171.263
150.000,-146.692
151.000,-127.649
152.000,-113.128
153.000,-102.886
154.000,-96.535
155.000,-93.423
156.000,-93.136
157.000,-95.203
158.000,-98.996
159.000,-103.939
160.000,-109.486
161.000,-115.035
162.000,-119.956
163.000,-123.732
164.000,-126.171
165.000,-127.429
166.000,-127.879
167.000,-128.405
168.000,-129.947
169.000,-133.393
170.000,-139.207
171.000,-147.241
172.000,-157.148
173.000,-168.224
174.000,-179.473
175.000,-190.196
176.000,-199.388
177.000,-206.777
178.000,-212.485
179.000,-216.875
180.000,-220.455
181.000,-223.593
182.000,-226.537
183.000,-229.433
184.000,-232.304
185.000,-234.995
186.000,-236.938
187.000,-238.867
188.000,-240.857
189.000,-242.885
190.000,-244.762
191.000,-246.779
192.000,-249.147
193.000,-251.433
194.000,-253.975
195.000,-256.671
196.000,-259.437
197.000,-261.891
198.000,-260.780
199.000,-255.756
200.000,-248.963
201.000,-241.436
202.000,-231.296
203.000,-209.920
204.000,-179.402
205.000,-146.934
206.000,-113.569
207.000,-78.836
208.000,-46.067
209.000,-14.823
210.000,14.282
211.000,41.862
212.000,69.378
213.000,95.105
214.000,118.384
215.000,139.104
216.000,157.258
217.000,173.144
218.000,186.744
219.000,198.571
220.000,208.672
221.000,216.964
222.000,223.658
223.000,229.351
224.000,234.424
225.000,238.611
226.000,241.739
227.000,243.826
228.000,244.943
229.000,245.440
230.000,245.455
231.000,245.021
232.000,244.154
233.000,243.129
234.000,242.376
235.000,242.207
236.000,242.560
237.000,243.512
238.000,245.029
239.000,246.974
240.000,248.839
241.000,250.205
242.000,250.904
243.000,251.005
244.000,250.063
245.000,247.707
246.000,243.788
247.000,238.133
248.000,230.501
249.000,220.632
250.000,208.215
251.000,193.351
252.000,176.615
253.000,159.266
254.000,142.550
255.000,127.187
256.000,113.992
257.000,103.474
258.000,95.890
259.000,94.079
260.000,95.727
261.000,98.341
262.000,101.605
263.000,108.477
264.000,121.723
265.000,132.597
266.000,143.431
267.000,152.284
268.000,157.611
269.000,163.217
270.000,168.797
271.000,171.483
272.000,172.522
273.000,173.750
274.000,174.665
275.000,173.368
276.000,169.966
277.000,166.089
278.000,162.057
279.000,156.785
280.000,149.593
281.000,142.118
282.000,135.303
283.000,128.590
284.000,121.330
285.000,113.891
286.000,107.296
287.000,101.576
288.000,96.141
289.000,85.334
290.000,78.266
291.000,77.548
292.000,78.257
293.000,80.686
294.000,84.663
295.000,92.135
296.000,101.515
297.000,111.464
298.000,121.506
299.000,130.966
300.000,138.574
301.000,143.951
302.000,147.256
303.000,148.582
304.000,148.308
305.000,146.800
306.000,144.787
307.000,142.294
308.000,138.780
309.000,134.322
310.000,129.079
311.000,122.966
312.000,115.963
313.000,107.971
314.000,98.954
315.000,89.018
316.000,78.311
317.000,66.988
318.000,55.580
319.000,44.667
320.000,34.775
321.000,26.623
322.000,20.195
323.000,15.850
324.000,13.632
325.000,13.231
326.000,14.518
327.000,17.167
328.000,20.871
329.000,25.097
330.000,29.559
331.000,34.102
332.000,38.297
333.000,42.191
334.000,45.478
335.000,48.502
336.000,50.423
337.000,52.244
338.000,52.951
339.000,53.092
340.000,52.838
341.000,51.720
342.000,50.240
343.000,48.269
344.000,45.355
345.000,42.051
346.000,38.251
347.000,33.688
348.000,28.918
349.000,23.845
350.000,18.348
351.000,13.072
352.000,8.027
353.000,3.074
354.000,-1.151
355.000,-4.673
356.000,-7.718
357.000,-9.755
358.000,-10.773
359.000,-11.116
360.000,-10.588
361.000,-9.212
362.000,-7.506
363.000,-5.395
364.000,-2.803
365.000,-0.103
366.000,2.617
367.000,5.191
368.000,7.086
369.000,8.108
370.000,8.125
371.000,6.969
372.000,4.870
373.000,2.076
374.000,-1.209
375.000,-4.535
376.000,-7.641
377.000,-10.214
378.000,-12.007
379.000,-13.129
380.000,-13.508
381.000,-13.523
382.000,-13.207
383.000,-12.811
384.000,-12.319
385.000,-11.752
386.000,-11.086
387.000,-10.258
388.000,-9.504
389.000,-9.141
390.000,-9.632
391.000,-11.219
392.000,-13.941
393.000,-17.522
394.000,-21.870
395.000,-26.506
396.000,-31.457
397.000,-36.035
398.000,-40.581
399.000,-44.024
400.000,-46.452
401.000,-47.633
402.000,-47.188
403.000,-45.853
404.000,-43.946
405.000,-41.185
406.000,-37.625
407.000,-33.115
408.000,-27.838
409.000,-22.961
410.000,-19.367
411.000,-17.100
412.000,-16.037
413.000,-16.040
414.000,-16.780
415.000,-18.078
416.000,-19.818
417.000,-21.833
418.000,-24.000
419.000,-26.271
420.000,-28.447
421.000,-30.409
422.000,-32.129
423.000,-33.358
424.000,-34.090
425.000,-34.469
426.000,-34.403
427.000,-34.081
428.000,-33.444
429.000,-32.661
430.000,-31.746
431.000,-30.892
432.000,-29.966
433.000,-29.877
434.000,-29.727
435.000,-29.922
436.000,-30.616
437.000,-31.342
438.000,-32.409
439.000,-33.976
440.000,-35.751
441.000,-37.200
442.000,-38.300
443.000,-39.069
444.000,-39.624
445.000,-40.045
446.000,-40.671
447.000,-41.625
448.000,-42.701
449.000,-43.798
450.000,-44.952
451.000,-46.163
452.000,-47.371
453.000,-48.670
454.000,-50.088
455.000,-51.519
456.000,-52.778
457.000,-53.961
458.000,-54.998
459.000,-55.805
460.000,-56.397
461.000,-56.909
462.000,-57.448
463.000,-58.002
464.000,-58.565
465.000,-59.162
466.000,-59.799
467.000,-60.492
468.000,-61.362
469.000,-62.475
470.000,-63.756
471.000,-65.155
472.000,-66.644
473.000,-68.147
474.000,-69.567
475.000,-70.913
476.000,-72.189
477.000,-73.311
478.000,-74.302
479.000,-75.223
480.000,-76.035
481.000,-76.787
482.000,-77.550
483.000,-78.339
484.000,-79.119
485.000,-79.914
486.000,-80.718
487.000,-81.509
488.000,-82.304
489.000,-83.060
490.000,-83.761
491.000,-84.447
492.000,-85.177
493.000,-85.971
494.000,-86.891
495.000,-87.925
496.000,-89.042
497.000,-90.248
498.000,-91.480
499.000,-92.732
500.000,-93.980
501.000,-95.185
502.000,-96.341
503.000,-97.446
504.000,-98.458
505.000,-99.344
506.000,-100.053
507.000,-100.653
508.000,-101.164
509.000,-101.650
510.000,-102.111
511.000,-102.597
512.000,-103.145
513.000,-103.759
514.000,-104.453
515.000,-105.217
516.000,-106.065
517.000,-106.910
518.000,-107.840
519.000,-108.556
520.000,-110.072
521.000,-111.031
522.000,-113.167
523.000,-115.840
524.000,-117.627
525.000,-119.066
526.000,-120.637
527.000,-121.573
528.000,-121.523
529.000,-121.502
530.000,-122.162
531.000,-122.770
532.000,-122.918
533.000,-123.012
534.000,-123.341
535.000,-123.756
536.000,-124.139
537.000,-124.900
538.000,-126.114
539.000,-127.382
540.000,-128.618
541.000,-130.054
542.000,-131.710
543.000,-133.067
544.000,-133.805
545.000,-134.243
546.000,-134.658
547.000,-134.885
548.000,-134.844
549.000,-134.934
550.000,-135.239
551.000,-135.474
552.000,-135.679
553.000,-136.103
554.000,-136.719
555.000,-137.328
556.000,-138.250
557.000,-139.613
558.000,-140.961
559.000,-142.083
560.000,-143.237
561.000,-144.331
562.000,-145.083
563.000,-145.642
564.000,-146.307
565.000,-146.888
566.000,-147.335
567.000,-147.922
568.000,-148.488
569.000,-149.009
570.000,-149.784
571.000,-150.615
572.000,-151.420
573.000,-152.571
574.000,-153.766
575.000,-154.907
576.000,-156.233
577.000,-157.395
578.000,-158.140
579.000,-158.702
580.000,-159.000
581.000,-159.190
582.000,-159.502
583.000,-159.855
584.000,-160.463
585.000,-161.283
586.000,-162.166
587.000,-163.185
588.000,-164.245
589.000,-165.201
590.000,-166.173
591.000,-166.954
592.000,-167.642
593.000,-168.240
594.000,-168.708
595.000,-169.227
596.000,-169.679
597.000,-170.242
598.000,-170.888
599.000,-171.522
600.000,-172.374
601.000,-173.101
602.000,-173.987
603.000,-174.841
604.000,-175.697
605.000,-176.540
606.000,-177.356
607.000,-178.139
608.000,-178.726
609.000,-179.500
610.000,-179.812
611.000,-180.640
612.000,-180.741
613.000,-181.792
614.000,-181.777
615.000,-182.935
616.000,-183.352
617.000,-184.119
618.000,-185.042
619.000,-185.583
620.000,-186.498
621.000,-186.880
622.000,-187.605
623.000,-188.218
624.000,-188.552
625.000,-189.645
626.000,-189.733
627.000,-190.988
628.000,-191.162
629.000,-191.995
630.000,-192.606
631.000,-193.187
632.000,-194.208
633.000,-194.645
634.000,-195.820
635.000,-195.899
636.000,-196.832
637.000,-197.192
638.000,-197.850
639.000,-198.570
640.000,-199.291
641.000,-200.148
642.000,-200.710
643.000,-202.184
644.000,-202.499
645.000,-204.022
646.000,-204.339
647.000,-205.248
648.000,-205.394
649.000,-205.769
650.000,-206.459
651.000,-206.539
652.000,-207.597
653.000,-207.977
654.000,-208.196
655.000,-208.804
656.000,-208.893
657.000,-209.675
658.000,-210.573
659.000,-211.592
660.000,-212.895
661.000,-213.170
662.000,-214.003
663.000,-214.323
664.000,-214.212
665.000,-215.036
666.000,-215.501
667.000,-216.424
668.000,-217.294
669.000,-217.547
670.000,-218.399
671.000,-219.021
672.000,-219.820
673.000,-221.019
674.000,-221.505
675.000,-222.281
676.000,-222.733
677.000,-223.098
678.000,-224.020
679.000,-224.226
680.000,-225.153
681.000,-225.023
682.000,-225.052
683.000,-225.081
684.000,-225.046
685.000,-225.855
686.000,-225.652
687.000,-226.774
688.000,-226.218
689.000,-227.278
690.000,-227.298
691.000,-227.630
692.000,-228.493
693.000,-229.013
694.000,-230.655
695.000,-231.228
696.000,-231.765
697.000,-232.476
698.000,-232.506
699.000,-235.229
700.000,-234.892
701.000,-235.046
702.000,-235.508
703.000,-234.430
704.000,-234.796
705.000,-236.013
706.000,-236.791
707.000,-237.777
708.000,-237.764
709.000,-237.119
710.000,-238.220
711.000,-238.166
712.000,-238.629
713.000,-240.079
714.000,-239.272
715.000,-238.847
716.000,-240.172
717.000,-240.362
718.000,-242.212
719.000,-242.339
720.000,-241.357
721.000,-242.411
722.000,-242.602
723.000,-243.597
724.000,-245.353
725.000,-245.312
726.000,-245.644
727.000,-246.608
728.000,-247.121
729.000,-247.799
730.000,-248.142
731.000,-247.462
732.000,-247.292
733.000,-247.089
734.000,-247.234
735.000,-247.668
736.000,-246.971
737.000,-248.289
738.000,-247.720
739.000,-252.637
740.000,-253.856
741.000,-250.529
742.000,-250.399
743.000,-251.591
744.000,-252.260
745.000,-252.759
746.000,-253.908
747.000,-255.275
748.000,-255.654
749.000,-255.772
750.000,-256.129
751.000,-256.608
752.000,-257.130
753.000,-257.758
754.000,-257.966
755.000,-257.612
756.000,-256.984
757.000,-256.629
758.000,-256.412
759.000,-256.109
760.000,-256.063
761.000,-255.758
762.000,-254.892
763.000,-254.705
764.000,-255.004
765.000,-255.528
766.000,-256.200
767.000,-256.820
768.000,-257.621
769.000,-258.471
770.000,-259.380
771.000,-260.275
772.000,-260.775
773.000,-260.863
774.000,-260.758
775.000,-260.579
776.000,-260.378
777.000,-260.014
778.000,-259.756
779.000,-258.913
780.000,-258.366
781.000,-258.322
782.000,-258.423
783.000,-259.652
784.000,-259.809
785.000,-261.475
786.000,-262.127
787.000,-264.788
788.000,-265.332
789.000,-266.376
790.000,-268.090
791.000,-268.709
792.000,-270.552
793.000,-271.936
794.000,-273.111
795.000,-274.431
796.000,-275.399
797.000,-276.225
798.000,-279.826
799.000,-280.862
800.000,-281.575
801.000,-291.620
802.000,-287.456
803.000,-296.386
804.000,-298.489
805.000,-299.929
806.000,-307.020
807.000,-305.525
808.000,-313.227
809.000,-312.410
810.000,-325.368
811.000,-315.416
812.000,-344.834
813.000,-341.377
814.000,-324.405
815.000,-341.132
816.000,-347.828
817.000,-347.093
818.000,-327.038
819.000,-324.053
820.000,-327.711
821.000,-333.618
822.000,-341.591
823.000,-330.430
824.000,-317.778
825.000,-308.806
826.000,-305.924
827.000,-305.200
828.000,-300.607
829.000,-292.059
830.000,-292.461
831.000,-294.560
832.000,-295.004
833.000,-300.236
834.000,-310.548
835.000,-320.868
836.000,-328.361
837.000,-334.824
838.000,-341.157
839.000,-347.231
840.000,-352.957
841.000,-358.102
842.000,-362.053
843.000,-363.739
844.000,-363.134
845.000,-362.712
846.000,-363.607
847.000,-364.965
848.000,-365.155
849.000,-364.665
850.000,-364.224
851.000,-364.620
852.000,-365.808
853.000,-367.510
854.000,-369.481
855.000,-371.363
856.000,-373.368
857.000,-374.592
858.000,-375.240
859.000,-375.443
860.000,-375.428
861.000,-375.457
862.000,-375.787
863.000,-376.639
864.000,-377.897
865.000,-379.444
866.000,-381.127
867.000,-382.923
868.000,-385.076
869.000,-387.499
870.000,-389.386
871.000,-390.733
872.000,-393.376
873.000,-395.194
874.000,-394.655
875.000,-395.091
876.000,-398.156
877.000,-399.725
878.000,-400.644
879.000,-401.029
880.000,-401.146
881.000,-400.493
882.000,-399.565
883.000,-400.441
884.000,-402.082
885.000,-402.891
886.000,-402.816
887.000,-401.563
888.000,-399.831
889.000,-399.080
890.000,-398.565
891.000,-397.745
892.000,-396.427
893.000,-394.603
894.000,-392.648
895.000,-391.451
896.000,-390.753
897.000,-390.281
898.000,-389.634
899.000,-388.721
900.000,-387.958
901.000,-387.630
902.000,-387.486
903.000,-387.615
904.000,-387.853
905.000,-388.141
906.000,-388.714
907.000,-389.590
908.000,-390.709
909.000,-391.826
910.000,-392.721
911.000,-393.489
912.000,-394.258
913.000,-395.053
914.000,-395.829
915.000,-396.474
916.000,-397.044
917.000,-397.668
918.000,-398.428
919.000,-399.180
920.000,-399.767
921.000,-400.182
922.000,-400.557
923.000,-400.954
924.000,-401.337
925.000,-401.764
926.000,-402.288
927.000,-402.973
928.000,-403.789
929.000,-404.547
930.000,-405.357
931.000,-406.236
932.000,-407.157
933.000,-408.121
934.000,-409.245
935.000,-410.618
936.000,-412.057
937.000,-413.350
938.000,-414.596
939.000,-415.853
940.000,-416.942
941.000,-418.021
942.000,-419.067
943.000,-419.895
944.000,-420.728
945.000,-421.378
946.000,-421.971
947.000,-422.571
948.000,-423.154
949.000,-423.903
950.000,-424.543
951.000,-425.390
952.000,-425.712
953.000,-426.543
954.000,-426.655
955.000,-427.148
956.000,-428.032
957.000,-428.433
958.000,-429.232
959.000,-429.609
960.000,-429.404
961.000,-430.662
962.000,-431.176
963.000,-431.159
964.000,-430.712
965.000,-431.308
966.000,-432.560
967.000,-433.758
968.000,-433.248
969.000,-431.629
970.000,-431.277
971.000,-432.685
972.000,-434.462
973.000,-435.409
974.000,-435.394
975.000,-435.610
976.000,-437.076
977.000,-439.035
978.000,-439.367
979.000,-438.971
980.000,-439.859
981.000,-441.337
982.000,-441.425
983.000,-440.716
984.000,-441.668
985.000,-443.710
986.000,-444.155
987.000,-444.598
988.000,-446.298
989.000,-447.540
990.000,-447.139
991.000,-449.019
992.000,-450.002
993.000,-450.242
994.000,-451.395
995.000,-451.493
996.000,-451.952
997.000,-451.228
998.000,-453.039
999.000,-452.073
1000.000,-452.876
1001.000,-449.966
1002.000,-451.939
1003.000,-444.367
1004.000,-449.490
1005.000,-448.055
1006.000,-443.956
1007.000,-444.852
1008.000,-443.467
1009.000,-435.089
1010.000,-437.848
1011.000,-438.691
1012.000,-432.549
1013.000,-429.167
1014.000,-429.727
1015.000,-429.002
1016.000,-424.160
1017.000,-422.072
1018.000,-423.626
1019.000,-422.728
1020.000,-418.839
1021.000,-415.399
1022.000,-418.623
1023.000,-417.008
1024.000,-413.126
1025.000,-413.788
1026.000,-413.639
1027.000,-406.592
1028.000,-406.541
1029.000,-410.887
1030.000,-405.658
1031.000,-402.830
1032.000,-404.107
1033.000,-406.759
1034.000,-403.648
1035.000,-401.140
1036.000,-402.887
1037.000,-406.557
1038.000,-406.180
1039.000,-403.313
1040.000,-403.073
1041.000,-405.692
1042.000,-408.162
1043.000,-408.911
1044.000,-406.849
1045.000,-405.651
1046.000,-408.398
1047.000,-411.189
1048.000,-412.493
1049.000,-411.809
1050.000,-410.151
1051.000,-411.497
1052.000,-414.319
1053.000,-415.457
1054.000,-413.497
1055.000,-411.365
1056.000,-412.803
1057.000,-414.668
1058.000,-414.617
1059.000,-412.426
1060.000,-410.372
1061.000,-411.890
1062.000,-413.311
1063.000,-412.802
1064.000,-411.118
1065.000,-410.384
1066.000,-411.439
1067.000,-411.925
1068.000,-411.788
1069.000,-410.928
1070.000,-411.276
1071.000,-412.667
1072.000,-413.405
1073.000,-413.176
1074.000,-412.617
1075.000,-413.600
1076.000,-414.793
1077.000,-415.045
1078.000,-414.372
1079.000,-414.324
1080.000,-415.118
1081.000,-415.380
1082.000,-414.771
1083.000,-414.155
1084.000,-414.216
1085.000,-414.201
1086.000,-413.733
1087.000,-413.283
1088.000,-413.378
1089.000,-413.432
1090.000,-413.277
1091.000,-412.925
1092.000,-413.079
1093.000,-413.562
1094.000,-413.725
1095.000,-413.507
1096.000,-413.503
1097.000,-413.817
1098.000,-414.185
1099.000,-414.115
1100.000,-414.147
1101.000,-414.266
1102.000,-414.401
1103.000,-414.428
1104.000,-414.443
1105.000,-414.370
1106.000,-414.210
1107.000,-414.147
1108.000,-414.245
1109.000,-414.170
1110.000,-414.047
1111.000,-414.053
1112.000,-414.098
1113.000,-414.158
1114.000,-414.326
1115.000,-414.491
1116.000,-414.440
1117.000,-414.656
1118.000,-415.217
1119.000,-415.395
1120.000,-415.620
1121.000,-416.256
1122.000,-416.783
1123.000,-417.240
1124.000,-418.217
1125.000,-419.007
1126.000,-419.712
1127.000,-421.025
1128.000,-422.039
1129.000,-423.177
1130.000,-424.724
1131.000,-425.915
1132.000,-427.483
1133.000,-429.028
1134.000,-430.433
1135.000,-432.234
1136.000,-433.692
1137.000,-435.586
1138.000,-437.014
1139.000,-438.902
1140.000,-439.719
1141.000,-442.882
1142.000,-443.877
1143.000,-445.146
1144.000,-447.995
1145.000,-449.133
1146.000,-450.618
1147.000,-453.039
1148.000,-454.245
1149.000,-456.730
1150.000,-458.321
1151.000,-460.241
1152.000,-462.046
1153.000,-463.437
1154.000,-465.520
1155.000,-466.219
1156.000,-468.911
1157.000,-469.132
1158.000,-469.201
1159.000,-472.712
1160.000,-473.156
1161.000,-473.696
1162.000,-475.903
1163.000,-475.943
1164.000,-476.431
1165.000,-478.497
1166.000,-479.724
1167.000,-479.210
1168.000,-479.841
1169.000,-481.390
1170.000,-483.069
1171.000,-482.643
1172.000,-483.128
1173.000,-484.658
1174.000,-485.493
1175.000,-485.309
1176.000,-486.183
1177.000,-487.337
1178.000,-488.512
1179.000,-488.075
1180.000,-488.347
1181.000,-488.955
1182.000,-489.986
1183.000,-490.062
1184.000,-490.200
1185.000,-490.686
1186.000,-491.187
1187.000,-490.928
1188.000,-491.105
1189.000,-491.509
1190.000,-492.078
1191.000,-491.827
1192.000,-491.643
1193.000,-491.845
1194.000,-492.167
1195.000,-491.988
1196.000,-491.778
1197.000,-491.786
1198.000,-492.103
1199.000,-491.911
1200.000,-491.524
1201.000,-491.493
1202.000,-491.633
1203.000,-491.515
1204.000,-491.254
1205.000,-491.306
1206.000,-491.364
1207.000,-491.173
1208.000,-491.051
1209.000,-491.252
1210.000,-491.431
1211.000,-491.225
1212.000,-491.125
1213.000,-491.470
1214.000,-491.607
1215.000,-491.484
1216.000,-491.686
1217.000,-492.006
1218.000,-491.992
1219.000,-491.965
1220.000,-492.269
1221.000,-492.401
1222.000,-492.344
1223.000,-492.598
1224.000,-492.777
1225.000,-492.787
1226.000,-492.940
1227.000,-493.297
1228.000,-493.388
1229.000,-493.482
1230.000,-494.037
1231.000,-494.191
1232.000,-494.250
1233.000,-494.720
1234.000,-495.173
1235.000,-495.244
1236.000,-495.434
1237.000,-495.904
1238.000,-496.079
1239.000,-496.100
1240.000,-496.505
1241.000,-496.628
1242.000,-497.033
1243.000,-497.611
1244.000,-497.828
1245.000,-498.103
1246.000,-498.618
1247.000,-499.040
1248.000,-499.315
1249.000,-499.673
1250.000,-500.019
1251.000,-500.349
1252.000,-500.657
1253.000,-500.903
1254.000,-501.088
1255.000,-501.325
1256.000,-501.561
1257.000,-501.615
1258.000,-501.883
1259.000,-502.047
1260.000,-502.145
1261.000,-502.298
1262.000,-502.483
1263.000,-502.624
1264.000,-502.673
1265.000,-502.861
1266.000,-502.921
1267.000,-503.002
1268.000,-503.050
1269.000,-503.065
1270.000,-503.232
1271.000,-503.120
1272.000,-503.491
1273.000,-503.100
1274.000,-504.060
1275.000,-503.735
1276.000,-504.411
1277.000,-504.554
1278.000,-504.610
1279.000,-505.325
1280.000,-505.153
1281.000,-505.704
1282.000,-505.918
1283.000,-506.125
1284.000,-506.835
1285.000,-506.789
1286.000,-507.816
1287.000,-507.912
1288.000,-508.777
1289.000,-509.218
1290.000,-509.754
1291.000,-510.436
1292.000,-510.582
1293.000,-511.551
1294.000,-511.684
1295.000,-512.760
1296.000,-513.171
1297.000,-514.020
1298.000,-514.664
1299.000,-515.210
1300.000,-516.052
1301.000,-516.399
1302.000,-517.495
1303.000,-517.709
1304.000,-519.161
1305.000,-519.491
1306.000,-520.679
1307.000,-521.299
1308.000,-522.274
1309.000,-523.019
1310.000,-523.813
1311.000,-524.594
1312.000,-525.215
1313.000,-526.111
1314.000,-526.016
1315.000,-527.917
1316.000,-528.321
1317.000,-529.487
1318.000,-530.020
1319.000,-530.852
1320.000,-531.497
1321.000,-532.247
1322.000,-532.618
1323.000,-533.405
1324.000,-532.958
1325.000,-534.805
1326.000,-533.593
1327.000,-529.948
1328.000,-536.452
1329.000,-533.352
1330.000,-534.631
1331.000,-535.731
1332.000,-537.767
1333.000,-542.896
1334.000,-536.583
1335.000,-537.135
1336.000,-542.744
1337.000,-543.598
1338.000,-546.453
1339.000,-550.188
1340.000,-549.959
1341.000,-550.237
1342.000,-552.567
1343.000,-552.796
1344.000,-553.462
1345.000,-554.725
1346.000,-556.530
1347.000,-558.063
1348.000,-559.150
1349.000,-559.793
1350.000,-559.540
1351.000,-558.672
1352.000,-558.238
1353.000,-558.321
1354.000,-558.643
1355.000,-559.239
1356.000,-559.902
1357.000,-559.905
1358.000,-559.702
1359.000,-559.257
1360.000,-558.693
1361.000,-558.405
1362.000,-558.263
1363.000,-558.119
1364.000,-557.950
1365.000,-557.731
1366.000,-557.373
1367.000,-556.951
1368.000,-556.381
1369.000,-555.856
1370.000,-555.505
1371.000,-555.155
1372.000,-554.671
1373.000,-554.222
1374.000,-553.839
1375.000,-553.361
1376.000,-552.854
1377.000,-552.390
1378.000,-552.013
1379.000,-551.640
1380.000,-551.383
1381.000,-551.251
1382.000,-551.113
1383.000,-551.011
1384.000,-550.859
1385.000,-550.687
1386.000,-550.539
1387.000,-550.483
1388.000,-550.564
1389.000,-550.676
1390.000,-550.796
1391.000,-550.893
1392.000,-550.937
1393.000,-551.000
1394.000,-551.115
1395.000,-551.252
1396.000,-551.463
1397.000,-551.776
1398.000,-552.036
1399.000,-552.292
1400.000,-552.659
1401.000,-552.986
1402.000,-553.294
1403.000,-553.775
1404.000,-554.273
1405.000,-554.734
1406.000,-555.341
1407.000,-555.926
1408.000,-556.456
1409.000,-557.145
1410.000,-557.779
1411.000,-558.362
1412.000,-559.124
1413.000,-559.771
1414.000,-560.470
1415.000,-561.255
1416.000,-561.881
1417.000,-562.689
1418.000,-563.247
1419.000,-564.157
1420.000,-564.769
1421.000,-565.809
1422.000,-566.251
1423.000,-567.421
1424.000,-567.678
1425.000,-569.368
1426.000,-570.042
1427.000,-571.293
1428.000,-572.173
1429.000,-573.195
1430.000,-574.211
1431.000,-575.301
1432.000,-576.456
1433.000,-577.154
1434.000,-578.226
1435.000,-577.765
1436.000,-581.004
1437.000,-580.629
1438.000,-579.728
1439.000,-582.980
1440.000,-585.110
1441.000,-584.728
1442.000,-585.164
1443.000,-587.387
1444.000,-588.793
1445.000,-588.987
1446.000,-589.479
1447.000,-591.408
1448.000,-593.051
1449.000,-593.341
1450.000,-593.459
1451.000,-595.600
1452.000,-597.309
1453.000,-597.215
1454.000,-597.059
1455.000,-599.455
1456.000,-600.869
1457.000,-600.768
1458.000,-600.392
1459.000,-602.034
1460.000,-603.079
1461.000,-603.527
1462.000,-602.927
1463.000,-603.967
1464.000,-605.390
1465.000,-605.715
1466.000,-605.538
1467.000,-606.952
1468.000,-608.027
1469.000,-608.290
1470.000,-608.839
1471.000,-610.266
1472.000,-610.694
1473.000,-610.820
1474.000,-612.315
1475.000,-612.879
1476.000,-612.864
1477.000,-614.192
1478.000,-614.760
1479.000,-614.932
1480.000,-616.025
1481.000,-616.428
1482.000,-616.309
1483.000,-617.788
1484.000,-618.096
1485.000,-618.224
1486.000,-619.631
1487.000,-619.782
1488.000,-619.981
1489.000,-621.790
1490.000,-621.949
1491.000,-621.925
1492.000,-623.658
1493.000,-623.941
1494.000,-623.823
1495.000,-625.644
1496.000,-626.187
1497.000,-626.477
1498.000,-627.435
1499.000,-628.221
1500.000,-628.582
1501.000,-629.146
1502.000,-630.085
1503.000,-630.323
1504.000,-630.523
1505.000,-631.428
1506.000,-631.481
1507.000,-631.296
1508.000,-632.436
1509.000,-632.326
1510.000,-631.867
1511.000,-633.145
1512.000,-633.251
1513.000,-632.967
1514.000,-633.869
1515.000,-634.036
1516.000,-633.884
1517.000,-634.112
1518.000,-634.394
1519.000,-634.346
1520.000,-634.341
1521.000,-634.802
1522.000,-634.650
1523.000,-634.473
1524.000,-634.730
1525.000,-634.580
1526.000,-634.400
1527.000,-634.615
1528.000,-634.580
1529.000,-634.253
1530.000,-634.337
1531.000,-634.251
1532.000,-634.032
1533.000,-634.015
1534.000,-634.021
1535.000,-633.822
1536.000,-633.840
1537.000,-633.775
1538.000,-633.603
1539.000,-633.563
1540.000,-633.455
1541.000,-633.265
1542.000,-633.314
1543.000,-633.079
1544.000,-632.813
1545.000,-632.958
1546.000,-632.674
1547.000,-632.360
1548.000,-632.611
1549.000,-632.304
1550.000,-632.034
1551.000,-632.187
1552.000,-631.962
1553.000,-631.860
1554.000,-631.712
1555.000,-631.516
1556.000,-631.339
1557.000,-631.056
1558.000,-630.814
1559.000,-630.431
1560.000,-629.994
1561.000,-629.728
1562.000,-629.225
1563.000,-628.684
1564.000,-628.510
1565.000,-628.019
1566.000,-627.556
1567.000,-627.353
1568.000,-626.978
1569.000,-626.610
1570.000,-626.322
1571.000,-625.910
1572.000,-625.529
1573.000,-625.170
1574.000,-624.848
1575.000,-624.476
1576.000,-624.264
1577.000,-624.019
1578.000,-623.731
1579.000,-623.541
1580.000,-623.278
1581.000,-623.177
1582.000,-623.230
1583.000,-623.115
1584.000,-622.935
1585.000,-623.103
1586.000,-622.967
1587.000,-622.828
1588.000,-623.276
1589.000,-623.360
1590.000,-623.331
1591.000,-623.683
1592.000,-623.790
1593.000,-623.746
1594.000,-624.021
1595.000,-624.167
1596.000,-624.219
1597.000,-624.441
1598.000,-624.707
1599.000,-624.732
1600.000,-624.972
1601.000,-625.238
1602.000,-625.410
1603.000,-625.643
1604.000,-625.895
1605.000,-626.082
1606.000,-626.426
1607.000,-626.678
1608.000,-626.906
1609.000,-627.354
1610.000,-627.586
1611.000,-627.900
1612.000,-628.273
1613.000,-628.535
1614.000,-628.848
1615.000,-629.289
1616.000,-629.539
1617.000,-629.795
1618.000,-630.202
1619.000,-630.520
1620.000,-630.801
1621.000,-631.146
1622.000,-631.477
1623.000,-631.825
1624.000,-632.213
1625.000,-632.499
1626.000,-632.896
1627.000,-633.259
1628.000,-633.570
1629.000,-633.949
1630.000,-634.276
1631.000,-634.605
1632.000,-635.014
1633.000,-635.293
1634.000,-635.675
1635.000,-636.047
1636.000,-636.308
1637.000,-636.649
1638.000,-637.071
1639.000,-637.285
1640.000,-637.691
1641.000,-638.094
1642.000,-638.368
1643.000,-638.834
1644.000,-639.217
1645.000,-639.529
1646.000,-640.005
1647.000,-640.370
1648.000,-640.752
1649.000,-641.118
1650.000,-641.489
1651.000,-641.850
1652.000,-642.265
1653.000,-642.574
1654.000,-642.956
1655.000,-643.386
1656.000,-643.692
1657.000,-644.093
1658.000,-644.468
1659.000,-644.802
1660.000,-645.200
1661.000,-645.498
1662.000,-645.791
1663.000,-646.177
1664.000,-646.493
1665.000,-646.796
1666.000,-647.123
1667.000,-647.410
1668.000,-647.699
1669.000,-648.021
1670.000,-648.194
1671.000,-648.613
1672.000,-648.845
1673.000,-648.995
1674.000,-649.523
1675.000,-649.733
1676.000,-649.895
1677.000,-650.415
1678.000,-650.639
1679.000,-651.002
1680.000,-651.331
1681.000,-651.531
1682.000,-651.919
1683.000,-652.124
1684.000,-652.250
1685.000,-652.629
1686.000,-652.797
1687.000,-652.938
1688.000,-653.274
1689.000,-653.413
1690.000,-653.630
1691.000,-653.859
1692.000,-654.005
1693.000,-654.301
1694.000,-654.450
1695.000,-654.641
1696.000,-654.898
1697.000,-655.073
1698.000,-655.400
1699.000,-655.612
1700.000,-655.760
1701.000,-656.150
1702.000,-656.359
1703.000,-656.577
1704.000,-656.962
1705.000,-657.145
1706.000,-657.459
1707.000,-657.757
1708.000,-657.980
1709.000,-658.358
1710.000,-658.598
1711.000,-658.831
1712.000,-659.262
1713.000,-659.491
1714.000,-659.768
1715.000,-660.185
1716.000,-660.420
1717.000,-660.766
1718.000,-661.126
1719.000,-661.349
1720.000,-661.778
1721.000,-662.082
1722.000,-662.341
1723.000,-662.851
1724.000,-663.087
1725.000,-663.324
1726.000,-663.888
1727.000,-664.084
1728.000,-664.231
1729.000,-664.971
1730.000,-665.161
1731.000,-665.226
1732.000,-666.106
1733.000,-666.215
1734.000,-666.229
1735.000,-667.141
1736.000,-667.304
1737.000,-667.360
1738.000,-668.219
1739.000,-668.476
1740.000,-668.592
1741.000,-669.243
1742.000,-669.662
1743.000,-669.797
1744.000,-670.337
1745.000,-670.827
1746.000,-670.992
1747.000,-671.227
1748.000,-671.911
1749.000,-672.031
1750.000,-672.123
1751.000,-672.989
1752.000,-673.111
1753.000,-673.193
1754.000,-673.996
1755.000,-674.260
1756.000,-674.319
1757.000,-675.060
1758.000,-675.393
1759.000,-675.629
1760.000,-676.145
1761.000,-676.554
1762.000,-676.692
1763.000,-677.048
1764.000,-677.568
1765.000,-677.745
1766.000,-677.924
1767.000,-678.567
1768.000,-678.679
1769.000,-678.753
1770.000,-679.535
1771.000,-679.727
1772.000,-679.862
1773.000,-680.600
1774.000,-680.801
1775.000,-680.952
1776.000,-681.510
1777.000,-681.761
1778.000,-681.906
1779.000,-682.405
1780.000,-682.696
1781.000,-682.795
1782.000,-683.259
1783.000,-683.581
1784.000,-683.719
1785.000,-684.130
1786.000,-684.498
1787.000,-684.610
1788.000,-685.008
1789.000,-685.381
1790.000,-685.569
1791.000,-685.933
1792.000,-686.332
1793.000,-686.532
1794.000,-686.851
1795.000,-687.283
1796.000,-687.523
1797.000,-687.870
1798.000,-688.288
1799.000,-688.580
1800.000,-688.960
1801.000,-689.316
1802.000,-689.619
1803.000,-690.013
1804.000,-690.276
1805.000,-690.566
1806.000,-690.955
1807.000,-691.197
1808.000,-691.576
1809.000,-691.911
1810.000,-692.162
1811.000,-692.480
1812.000,-692.799
1813.000,-693.077
1814.000,-693.492
1815.000,-693.707
1816.000,-694.068
1817.000,-694.407
1818.000,-694.651
1819.000,-695.161
1820.000,-695.471
1821.000,-695.739
1822.000,-696.140
1823.000,-696.426
1824.000,-696.869
1825.000,-697.173
1826.000,-697.383
1827.000,-697.872
1828.000,-698.173
1829.000,-698.398
1830.000,-698.830
1831.000,-699.059
1832.000,-699.505
1833.000,-699.785
1834.000,-699.999
1835.000,-700.411
1836.000,-700.697
1837.000,-701.022
1838.000,-701.332
1839.000,-701.525
1840.000,-701.936
1841.000,-702.215
1842.000,-702.537
1843.000,-702.815
1844.000,-702.970
1845.000,-703.344
1846.000,-703.613
1847.000,-703.953
1848.000,-704.200
1849.000,-704.268
1850.000,-704.604
1851.000,-704.760
1852.000,-705.301
1853.000,-705.534
1854.000,-705.837
1855.000,-706.090
1856.000,-706.239
1857.000,-706.576
1858.000,-706.635
1859.000,-707.183
1860.000,-707.423
1861.000,-707.858
1862.000,-708.150
1863.000,-708.432
1864.000,-708.774
1865.000,-708.824
1866.000,-709.273
1867.000,-709.339
1868.000,-710.212
1869.000,-710.512
1870.000,-710.824
1871.000,-710.941
1872.000,-710.884
1873.000,-711.894
1874.000,-712.252
1875.000,-712.353
1876.000,-712.682
1877.000,-713.250
1878.000,-713.951
1879.000,-714.190
1880.000,-714.140
1881.000,-715.004
1882.000,-715.389
1883.000,-715.773
1884.000,-716.227
1885.000,-716.274
1886.000,-717.278
1887.000,-717.597
1888.000,-717.913
1889.000,-718.475
1890.000,-718.566
1891.000,-719.696
1892.000,-720.106
1893.000,-720.348
1894.000,-720.729
1895.000,-721.139
1896.000,-722.160
1897.000,-722.460
1898.000,-722.489
1899.000,-722.927
1900.000,-723.312
1901.000,-724.183
1902.000,-724.455
1903.000,-724.500
1904.000,-725.100
1905.000,-725.379
1906.000,-725.802
1907.000,-726.067
1908.000,-725.911
1909.000,-726.762
1910.000,-726.864
1911.000,-727.580
1912.000,-727.882
1913.000,-728.208
1914.000,-728.812
1915.000,-729.068
1916.000,-729.746
1917.000,-730.019
1918.000,-730.722
1919.000,-731.062
1920.000,-731.449
1921.000,-731.930
1922.000,-731.792
1923.000,-732.391
1924.000,-732.112
1925.000,-733.688
1926.000,-734.027
1927.000,-734.351
1928.000,-734.552
1929.000,-734.541
1930.000,-735.665
1931.000,-735.736
1932.000,-735.739
1933.000,-735.975
1934.000,-735.440
1935.000,-737.000
1936.000,-737.031
1937.000,-737.148
1938.000,-737.579
1939.000,-737.378
1940.000,-738.699
1941.000,-738.787
1942.000,-738.396
1943.000,-739.808
1944.000,-740.094
1945.000,-740.376
1946.000,-740.993
1947.000,-740.730
1948.000,-741.880
1949.000,-742.148
1950.000,-742.087
1951.000,-743.349
1952.000,-743.432
1953.000,-743.713
1954.000,-744.397
1955.000,-744.343
1956.000,-745.296
1957.000,-745.527
1958.000,-745.642
1959.000,-746.384
1960.000,-746.433
1961.000,-747.033
1962.000,-747.402
1963.000,-747.511
1964.000,-748.169
1965.000,-748.375
1966.000,-748.607
1967.000,-748.978
1968.000,-748.521
1969.000,-749.704
1970.000,-749.828
1971.000,-750.116
1972.000,-750.349
1973.000,-750.258
1974.000,-751.152
1975.000,-751.272
1976.000,-751.138
1977.000,-751.744
1978.000,-751.990
1979.000,-752.259
1980.000,-752.470
1981.000,-751.989
1982.000,-752.926
1983.000,-752.891
1984.000,-752.607
1985.000,-753.605
1986.000,-753.459
1987.000,-753.840
1988.000,-754.114
1989.000,-753.851
1990.000,-754.859
1991.000,-754.977
1992.000,-754.926
1993.000,-755.797
1994.000,-755.774
1995.000,-756.019
1996.000,-756.502
1997.000,-756.134
1998.000,-757.219
1999.000,-757.414
2000.000,-757.374
2001.000,-758.238
2002.000,-758.207
2003.000,-758.809
2004.000,-759.167
2005.000,-759.068
2006.000,-759.995
2007.000,-760.130
2008.000,-760.371
2009.000,-760.870
2010.000,-760.819
2011.000,-761.515
2012.000,-761.764
2013.000,-761.933
2014.000,-762.483
2015.000,-762.583
2016.000,-763.120
2017.000,-763.343
2018.000,-763.676
2019.000,-763.900
2020.000,-764.066
2021.000,-764.266
2022.000,-764.286
2023.000,-764.406
2024.000,-763.894
2025.000,-764.558
2026.000,-764.512
2027.000,-765.137
2028.000,-765.203
2029.000,-765.255
2030.000,-765.543
2031.000,-765.671
2032.000,-765.817
2033.000,-765.850
2034.000,-765.659
2035.000,-765.993
2036.000,-765.787
2037.000,-766.489
2038.000,-766.501
2039.000,-766.271
2040.000,-766.554
2041.000,-766.060
2042.000,-767.542
2043.000,-767.609
2044.000,-767.587
2045.000,-768.204
2046.000,-768.493
2047.000,-768.966
2048.000,-769.217
2049.000,-768.865
2050.000,-769.843
2051.000,-770.188
2052.000,-770.916
2053.000,-771.074
2054.000,-770.905
2055.000,-771.822
2056.000,-771.942
2057.000,-772.314
2058.000,-772.633
2059.000,-772.151
2060.000,-773.461
2061.000,-773.605
2062.000,-773.711
2063.000,-774.432
2064.000,-774.476
2065.000,-775.323
2066.000,-775.635
2067.000,-775.635
2068.000,-776.164
2069.000,-776.117
2070.000,-777.224
2071.000,-777.469
2072.000,-777.599
2073.000,-778.064
2074.000,-778.040
2075.000,-778.819
2076.000,-778.959
2077.000,-779.023
2078.000,-779.568
2079.000,-779.350
2080.000,-780.321
2081.000,-780.398
2082.000,-781.070
2083.000,-781.382
2084.000,-781.714
2085.000,-782.040
2086.000,-782.043
2087.000,-782.567
2088.000,-782.456
2089.000,-783.119
2090.000,-782.915
2091.000,-783.683
2092.000,-783.799
2093.000,-784.316
2094.000,-784.566
2095.000,-784.697
2096.000,-785.067
2097.000,-784.859
2098.000,-785.602
2099.000,-785.243
2100.000,-786.232
2101.000,-786.265
2102.000,-787.048
2103.000,-787.283
2104.000,-787.419
2105.000,-787.903
2106.000,-787.562
2107.000,-788.491
2108.000,-788.281
2109.000,-789.281
2110.000,-789.294
2111.000,-790.029
2112.000,-790.280
2113.000,-790.553
2114.000,-791.098
2115.000,-790.889
2116.000,-791.820
2117.000,-791.651
2118.000,-792.675
2119.000,-792.659
2120.000,-793.414
2121.000,-793.541
2122.000,-794.105
2123.000,-794.352
2124.000,-794.457
2125.000,-794.920
2126.000,-794.330
2127.000,-795.471
2128.000,-794.764
2129.000,-796.452
2130.000,-796.712
2131.000,-797.018
2132.000,-797.330
2133.000,-797.253
2134.000,-798.222
2135.000,-798.521
2136.000,-798.501
2137.000,-798.819
2138.000,-798.835
2139.000,-799.505
2140.000,-799.551
2141.000,-798.943
2142.000,-799.266
2143.000,-799.593
2144.000,-800.293
2145.000,-800.363
2146.000,-800.062
2147.000,-800.430
2148.000,-800.617
2149.000,-800.263
2150.000,-800.446
2151.000,-800.287
2152.000,-801.448
2153.000,-801.777
2154.000,-801.326
2155.000,-802.097
2156.000,-802.362
2157.000,-802.018
2158.000,-802.582
2159.000,-803.155
2160.000,-802.189
2161.000,-803.773
2162.000,-803.729
2163.000,-803.643
2164.000,-804.660
2165.000,-804.352
2166.000,-802.359
2167.000,-804.108
2168.000,-804.073
2169.000,-802.897
2170.000,-805.371
2171.000,-805.023
2172.000,-805.500
2173.000,-806.024
2174.000,-806.673
2175.000,-806.843
2176.000,-806.818
2177.000,-806.907
2178.000,-807.367
2179.000,-808.205
2180.000,-808.042
2181.000,-807.868
2182.000,-808.135
2183.000,-808.273
2184.000,-808.586
2185.000,-808.640
2186.000,-808.641
2187.000,-808.627
2188.000,-808.699
2189.000,-808.717
2190.000,-809.059
2191.000,-808.933
2192.000,-808.866
2193.000,-809.356
2194.000,-809.536
2195.000,-809.574
2196.000,-809.801
2197.000,-810.154
2198.000,-810.238
2199.000,-810.386
2200.000,-810.783
2201.000,-810.881
2202.000,-811.260
2203.000,-811.529
2204.000,-811.671
2205.000,-812.042
2206.000,-812.335
2207.000,-812.628
2208.000,-813.133
2209.000,-813.524
2210.000,-813.845
2211.000,-814.361
2212.000,-814.880
2213.000,-815.348
2214.000,-815.835
2215.000,-816.255
2216.000,-816.852
2217.000,-817.331
2218.000,-817.740
2219.000,-818.446
2220.000,-818.927
2221.000,-819.484
2222.000,-820.118
2223.000,-820.598
2224.000,-821.404
2225.000,-822.010
2226.000,-822.607
2227.000,-823.237
2228.000,-823.906
2229.000,-824.361
2230.000,-825.184
2231.000,-825.769
2232.000,-826.442
2233.000,-827.043
2234.000,-827.424
2235.000,-828.171
2236.000,-828.618
2237.000,-829.362
2238.000,-829.931
2239.000,-830.280
2240.000,-830.837
2241.000,-830.980
2242.000,-831.877
2243.000,-832.353
2244.000,-832.978
2245.000,-833.415
2246.000,-833.176
2247.000,-834.020
2248.000,-834.556
2249.000,-833.787
2250.000,-835.551
2251.000,-835.374
2252.000,-836.463
2253.000,-837.012
2254.000,-837.136
2255.000,-837.910
2256.000,-838.212
2257.000,-838.937
2258.000,-839.204
2259.000,-840.220
2260.000,-840.523
2261.000,-839.470
2262.000,-841.179
2263.000,-841.678
2264.000,-841.565
2265.000,-843.104
2266.000,-842.505
2267.000,-839.738
2268.000,-840.654
2269.000,-838.156
2270.000,-842.448
2271.000,-841.338
2272.000,-842.172
2273.000,-840.528
2274.000,-835.045
2275.000,-834.452
2276.000,-837.179
2277.000,-837.432
2278.000,-842.020
2279.000,-843.512
2280.000,-844.064
2281.000,-844.206
2282.000,-845.415
2283.000,-847.711
2284.000,-849.418
2285.000,-849.371
2286.000,-850.898
2287.000,-852.348
2288.000,-852.263
2289.000,-852.264
2290.000,-852.600
2291.000,-852.594
2292.000,-852.821
2293.000,-852.845
2294.000,-852.170
2295.000,-852.703
2296.000,-851.919
2297.000,-852.023
2298.000,-852.872
2299.000,-852.225
2300.000,-850.055
2301.000,-853.542
2302.000,-852.470
2303.000,-852.228
2304.000,-852.875
2305.000,-853.773
2306.000,-854.646
2307.000,-855.914
2308.000,-856.390
2309.000,-855.948
2310.000,-857.624
2311.000,-857.830
2312.000,-859.093
2313.000,-859.719
2314.000,-860.354
2315.000,-859.635
2316.000,-859.244
2317.000,-861.357
2318.000,-860.746
2319.000,-860.878
2320.000,-862.024
2321.000,-862.917
2322.000,-862.330
2323.000,-862.226
2324.000,-864.158
2325.000,-864.166
2326.000,-864.353
2327.000,-864.827
2328.000,-865.088
2329.000,-866.529
2330.000,-866.879
2331.000,-867.528
2332.000,-868.228
2333.000,-868.288
2334.000,-868.247
2335.000,-868.345
2336.000,-868.574
2337.000,-869.211
2338.000,-868.976
2339.000,-866.979
2340.000,-869.418
2341.000,-868.532
2342.000,-867.529
2343.000,-869.136
2344.000,-869.059
2345.000,-864.399
2346.000,-870.048
2347.000,-869.206
2348.000,-869.200
2349.000,-870.191
2350.000,-871.500
2351.000,-870.193
2352.000,-868.618
2353.000,-872.572
2354.000,-872.023
2355.000,-872.605
2356.000,-873.539
2357.000,-874.717
2358.000,-874.573
2359.000,-871.228
2360.000,-875.429
2361.000,-874.863
2362.000,-875.427
2363.000,-875.790
2364.000,-876.996
2365.000,-877.063
2366.000,-871.992
2367.000,-877.599
2368.000,-877.745
2369.000,-877.372
2370.000,-877.579
2371.000,-878.684
2372.000,-879.318
2373.000,-876.552
2374.000,-879.253
2375.000,-880.375
2376.000,-879.905
2377.000,-879.921
2378.000,-881.075
2379.000,-881.867
2380.000,-881.438
2381.000,-881.934
2382.000,-883.326
2383.000,-883.298
2384.000,-883.397
2385.000,-884.320
2386.000,-884.801
2387.000,-885.213
2388.000,-885.872
2389.000,-886.361
2390.000,-886.425
2391.000,-886.898
2392.000,-887.005
2393.000,-886.843
2394.000,-887.197
2395.000,-887.442
2396.000,-886.858
2397.000,-887.536
2398.000,-887.427
2399.000,-887.375
2400.000,-888.057
2401.000,-887.956
2402.000,-888.254
2403.000,-888.981
2404.000,-888.762
2405.000,-889.592
2406.000,-889.888
2407.000,-889.821
2408.000,-890.858
2409.000,-890.934
2410.000,-891.446
2411.000,-892.134
2412.000,-891.890
2413.000,-892.947
2414.000,-893.118
2415.000,-893.010
2416.000,-894.180
2417.000,-893.580
2418.000,-894.616
2419.000,-894.925
2420.000,-894.707
2421.000,-895.798
2422.000,-895.489
2423.000,-896.288
2424.000,-896.914
2425.000,-896.423
2426.000,-897.515
2427.000,-897.644
2428.000,-897.140
2429.000,-898.515
2430.000,-897.933
2431.000,-898.075
2432.000,-899.406
2433.000,-899.003
2434.000,-898.184
2435.000,-900.241
2436.000,-899.729
2437.000,-897.835
2438.000,-900.399
2439.000,-899.984
2440.000,-894.575
2441.000,-900.001
2442.000,-900.420
2443.000,-897.562
2444.000,-900.945
2445.000,-903.266
2446.000,-899.518
2447.000,-897.443
2448.000,-903.458
2449.000,-902.857
2450.000,-902.607
2451.000,-903.206
2452.000,-905.079
2453.000,-903.745
2454.000,-892.739
2455.000,-903.609
2456.000,-899.358
2457.000,-902.259
2458.000,-901.041
2459.000,-900.969
2460.000,-903.706
2461.000,-897.523
2462.000,-898.119
2463.000,-896.071
2464.000,-892.144
2465.000,-901.243
2466.000,-904.985
2467.000,-904.013
2468.000,-903.930
2469.000,-905.048
2470.000,-906.052
2471.000,-907.668
2472.000,-907.125
2473.000,-904.575
2474.000,-909.055
2475.000,-908.113
2476.000,-907.990
2477.000,-908.146
2478.000,-909.257
2479.000,-908.792
2480.000,-905.690
2481.000,-911.134
2482.000,-910.112
2483.000,-895.895
2484.000,-910.165
2485.000,-906.050
2486.000,-909.332
2487.000,-909.047
2488.000,-908.919
2489.000,-911.091
2490.000,-909.164
2491.000,-901.821
2492.000,-906.301
2493.000,-904.299
2494.000,-896.940
2495.000,-907.631
2496.000,-911.368
2497.000,-910.891
2498.000,-911.163
2499.000,-911.735
2500.000,-912.763
2501.000,-913.317
2502.000,-911.307
2503.000,-913.343
2504.000,-915.948
2505.000,-915.563
2506.000,-915.627
2507.000,-916.531
2508.000,-917.890
2509.000,-918.039
2510.000,-915.786
2511.000,-918.998
2512.000,-916.964
2513.000,-916.716
2514.000,-922.233
2515.000,-922.364
2516.000,-922.051
2517.000,-923.313
2518.000,-924.538
2519.000,-924.013
2520.000,-923.576
2521.000,-925.125
2522.000,-923.604
2523.000,-923.399
2524.000,-925.944
2525.000,-926.361
2526.000,-925.578
2527.000,-926.062
2528.000,-927.400
2529.000,-926.279
2530.000,-927.159
2531.000,-928.765
2532.000,-928.536
2533.000,-928.931
2534.000,-929.884
2535.000,-930.156
2536.000,-929.544
2537.000,-930.632
2538.000,-930.827
2539.000,-930.217
2540.000,-931.761
2541.000,-931.915
2542.000,-931.714
2543.000,-932.516
2544.000,-932.429
2545.000,-932.127
2546.000,-932.466
2547.000,-932.190
2548.000,-932.017
2549.000,-932.747
2550.000,-932.703
2551.000,-932.867
2552.000,-933.241
2553.000,-933.009
2554.000,-933.255
2555.000,-933.726
2556.000,-933.255
2557.000,-934.143
2558.000,-934.177
2559.000,-934.145
2560.000,-934.582
2561.000,-934.104
2562.000,-934.726
2563.000,-934.237
2564.000,-934.851
2565.000,-935.199
2566.000,-935.365
2567.000,-935.586
2568.000,-935.972
2569.000,-936.315
2570.000,-935.992
2571.000,-937.037
2572.000,-936.943
2573.000,-937.761
2574.000,-938.313
2575.000,-937.911
2576.000,-939.050
2577.000,-937.882
2578.000,-939.341
2579.000,-938.760
2580.000,-938.755
2581.000,-940.094
2582.000,-939.081
2583.000,-940.779
2584.000,-940.863
2585.000,-940.267
2586.000,-942.017
2587.000,-939.818
2588.000,-942.633
2589.000,-941.622
2590.000,-942.500
2591.000,-942.791
2592.000,-942.024
2593.000,-943.099
2594.000,-942.041
2595.000,-943.114
2596.000,-943.470
2597.000,-943.320
2598.000,-944.387
2599.000,-943.847
2600.000,-945.040
2601.000,-943.962
2602.000,-945.496
2603.000,-944.015
2604.000,-945.691
2605.000,-944.610
2606.000,-945.650
2607.000,-945.572
2608.000,-945.511
2609.000,-945.722
2610.000,-945.997
2611.000,-946.266
2612.000,-946.574
2613.000,-946.761
2614.000,-947.281
2615.000,-947.033
2616.000,-947.785
2617.000,-946.156
2618.000,-948.899
2619.000,-944.246
2620.000,-949.188
2621.000,-944.335
2622.000,-949.906
2623.000,-946.775
2624.000,-949.975
2625.000,-950.187
2626.000,-941.327
2627.000,-950.317
2628.000,-947.145
2629.000,-950.882
2630.000,-950.339
2631.000,-949.186
2632.000,-952.642
2633.000,-950.630
2634.000,-946.673
2635.000,-952.711
2636.000,-950.131
2637.000,-949.888
2638.000,-952.067
2639.000,-952.485
2640.000,-946.064
2641.000,-953.698
2642.000,-946.603
2643.000,-952.513
2644.000,-952.559
2645.000,-950.599
2646.000,-952.366
2647.000,-953.510
2648.000,-951.356
2649.000,-948.863
2650.000,-954.733
2651.000,-952.383
2652.000,-954.101
2653.000,-955.055
2654.000,-951.183
2655.000,-955.074
2656.000,-953.598
2657.000,-943.396
2658.000,-955.004
2659.000,-955.067
2660.000,-952.303
2661.000,-954.844
2662.000,-955.585
2663.000,-951.730
2664.000,-955.536
2665.000,-946.854
2666.000,-953.760
2667.000,-952.201
2668.000,-955.034
2669.000,-944.209
2670.000,-956.405
2671.000,-956.380
2672.000,-934.140
2673.000,-953.618
2674.000,-950.365
2675.000,-953.512
2676.000,-953.782
2677.000,-953.874
2678.000,-955.504
2679.000,-955.927
2680.000,-955.030
2681.000,-952.146
2682.000,-951.586
2683.000,-950.635
2684.000,-950.235
2685.000,-950.768
2686.000,-950.134
2687.000,-949.080
2688.000,-949.238
2689.000,-947.001
2690.000,-943.443
2691.000,-944.861
2692.000,-944.099
2693.000,-936.631
2694.000,-939.605
2695.000,-943.301
2696.000,-932.088
2697.000,-938.232
2698.000,-940.726
2699.000,-935.736
2700.000,-944.672
2701.000,-943.620
2702.000,-944.219
2703.000,-949.548
2704.000,-948.410
2705.000,-949.069
2706.000,-953.614
2707.000,-952.632
2708.000,-956.116
2709.000,-957.686
2710.000,-953.058
2711.000,-962.014
2712.000,-957.568
2713.000,-934.789
2714.000,-960.552
2715.000,-961.252
2716.000,-960.848
2717.000,-962.765
2718.000,-967.127
2719.000,-970.301
2720.000,-971.570
2721.000,-971.323
2722.000,-966.644
2723.000,-965.859
2724.000,-968.370
2725.000,-970.174
2726.000,-971.312
2727.000,-970.658
2728.000,-966.329
2729.000,-964.002
2730.000,-968.571
2731.000,-968.950
2732.000,-967.282
2733.000,-961.467
2734.000,-951.409
2735.000,-967.941
2736.000,-970.007
2737.000,-968.846
2738.000,-967.963
2739.000,-971.562
2740.000,-972.518
2741.000,-972.182
2742.000,-971.314
2743.000,-972.475
2744.000,-976.298
2745.000,-976.362
2746.000,-969.052
2747.000,-979.401
2748.000,-980.334
2749.000,-977.326
2750.000,-981.859
2751.000,-981.817
2752.000,-981.886
2753.000,-983.955
2754.000,-974.170
2755.000,-983.993
2756.000,-985.991
2757.000,-983.431
2758.000,-983.025
2759.000,-987.416
2760.000,-987.314
2761.000,-985.647
2762.000,-986.069
2763.000,-985.401
2764.000,-989.394
2765.000,-987.994
2766.000,-986.542
2767.000,-990.849
2768.000,-989.919
2769.000,-988.626
2770.000,-992.778
2771.000,-988.635
2772.000,-994.475
2773.000,-993.451
2774.000,-994.468
2775.000,-996.747
2776.000,-994.913
2777.000,-998.136
2778.000,-996.960
2779.000,-997.094
2780.000,-1001.028
2781.000,-998.769
2782.000,-1000.964
2783.000,-1002.474
2784.000,-1000.411
2785.000,-1002.945
2786.000,-1001.515
2787.000,-1001.133
2788.000,-1003.731
2789.000,-998.657
2790.000,-1004.040
2791.000,-1003.182
2792.000,-1001.521
2793.000,-1004.587
2794.000,-1000.628
2795.000,-1004.197
2796.000,-998.117
2797.000,-1001.789
2798.000,-1003.561
2799.000,-1003.190
2800.000,-1004.013
2801.000,-1006.126
2802.000,-1005.837
2803.000,-1004.823
2804.000,-1000.728
2805.000,-1003.965
2806.000,-1002.152
2807.000,-996.331
2808.000,-1002.639
2809.000,-1000.360
2810.000,-996.804
2811.000,-1001.735
2812.000,-992.971
2813.000,-999.991
2814.000,-999.552
2815.000,-994.963
2816.000,-999.779
2817.000,-999.911
2818.000,-999.106
2819.000,-1000.614
2820.000,-999.949
2821.000,-998.031
2822.000,-999.652
2823.000,-997.557
2824.000,-998.171
2825.000,-999.918
2826.000,-993.669
2827.000,-999.826
2828.000,-992.729
2829.000,-994.804
2830.000,-998.038
2831.000,-988.369
2832.000,-1000.287
2833.000,-996.128
2834.000,-985.288
2835.000,-999.548
2836.000,-998.971
2837.000,-968.960
2838.000,-985.446
2839.000,-981.497
2840.000,-1000.806
2841.000,-992.811
2842.000,-995.509
2843.000,-1001.832
2844.000,-999.292
2845.000,-999.222
2846.000,-1002.928
2847.000,-1004.061
2848.000,-998.520
2849.000,-992.858
2850.000,-992.878
2851.000,-995.802
2852.000,-999.693
2853.000,-1001.240
2854.000,-992.586
2855.000,-982.741
2856.000,-997.003
2857.000,-1003.663
2858.000,-1005.477
2859.000,-1006.324
2860.000,-1004.106
2861.000,-1001.633
2862.000,-1001.537
2863.000,-1008.175
2864.000,-1013.100
2865.000,-1014.021
2866.000,-1014.252
2867.000,-1014.952
2868.000,-1013.670
2869.000,-1013.630
2870.000,-1012.369
2871.000,-1010.711
2872.000,-1014.843
2873.000,-1012.058
2874.000,-1014.872
2875.000,-1007.698
2876.000,-1014.202
2877.000,-1003.482
2878.000,-1013.712
2879.000,-1009.596
2880.000,-1005.760
2881.000,-1014.377
2882.000,-1009.624
2883.000,-992.241
2884.000,-996.382
2885.000,-1001.021
2886.000,-1009.365
2887.000,-1002.817
2888.000,-1000.473
2889.000,-1006.478
2890.000,-1009.532
2891.000,-1000.601
2892.000,-1014.244
2893.000,-1012.971
2894.000,-1013.449
2895.000,-1018.612
2896.000,-1019.693
2897.000,-1018.645
2898.000,-1019.606
2899.000,-1021.438
2900.000,-1025.069
2901.000,-1028.772
2902.000,-1029.619
2903.000,-1030.466
2904.000,-1032.490
2905.000,-1033.042
2906.000,-1032.957
2907.000,-1034.629
2908.000,-1035.089
2909.000,-1033.982
2910.000,-1033.216
2911.000,-1035.902
2912.000,-1034.820
2913.000,-1032.746
2914.000,-1035.824
2915.000,-1031.634
2916.000,-1027.632
2917.000,-1032.519
2918.000,-1028.332
2919.000,-1022.058
2920.000,-1030.980
2921.000,-1032.245
2922.000,-1026.597
2923.000,-1026.980
2924.000,-1031.531
2925.000,-1030.760
2926.000,-1030.450
2927.000,-1031.073
2928.000,-1034.052
2929.000,-1032.256
2930.000,-1031.427
2931.000,-1034.320
2932.000,-1037.243
2933.000,-1035.920
2934.000,-1036.434
2935.000,-1039.864
2936.000,-1041.104
2937.000,-1038.242
2938.000,-1039.227
2939.000,-1043.472
2940.000,-1041.554
2941.000,-1039.098
2942.000,-1045.734
2943.000,-1046.629
2944.000,-1043.588
2945.000,-1049.486
2946.000,-1051.057
2947.000,-1048.288
2948.000,-1052.145
2949.000,-1053.669
2950.000,-1052.112
2951.000,-1055.606
2952.000,-1057.027
2953.000,-1055.693
2954.000,-1060.126
2955.000,-1059.307
2956.000,-1057.095
2957.000,-1063.879
2958.000,-1060.313
2959.000,-1055.817
2960.000,-1067.038
2961.000,-1060.994
2962.000,-1044.676
2963.000,-1060.559
2964.000,-1063.461
2965.000,-1060.396
2966.000,-1055.665
2967.000,-1056.907
2968.000,-1061.535
2969.000,-1069.481
2970.000,-1077.089
2971.000,-1063.642
2972.000,-1061.531
2973.000,-1062.832
2974.000,-1060.416
2975.000,-1055.257
2976.000,-1058.153
2977.000,-1060.559
2978.000,-1062.321
2979.000,-1062.627
2980.000,-1061.513
2981.000,-1061.082
2982.000,-1060.411
2983.000,-1059.112
2984.000,-1056.845
2985.000,-1056.836
2986.000,-1059.088
2987.000,-1062.038
2988.000,-1062.714
2989.000,-1062.630
2990.000,-1063.955
2991.000,-1065.006
2992.000,-1064.662
2993.000,-1064.818
2994.000,-1066.072
2995.000,-1067.020
2996.000,-1067.747
2997.000,-1069.113
2998.000,-1070.097
2999.000,-1071.239
3000.000,-1072.666
3001.000,-1072.478
3002.000,-1071.444
3003.000,-1072.091
3004.000,-1071.812
3005.000,-1070.575
3006.000,-1072.995
3007.000,-1072.932
3008.000,-1072.909
3009.000,-1075.634
3010.000,-1073.084
3011.000,-1075.545
3012.000,-1074.984
3013.000,-1077.926
3014.000,-1074.676
3015.000,-1083.732
3016.000,-1073.857
3017.000,-1088.867
3018.000,-1080.941
3019.000,-1087.242
3020.000,-1089.392
3021.000,-1085.242
3022.000,-1099.734
3023.000,-1092.147
3024.000,-1096.907
3025.000,-1099.774
3026.000,-1088.024
3027.000,-1102.144
3028.000,-1098.688
3029.000,-1090.163
3030.000,-1098.325
3031.000,-1100.411
3032.000,-1098.462
3033.000,-1098.608
3034.000,-1102.083
3035.000,-1104.487
3036.000,-1101.982
3037.000,-1108.912
3038.000,-1090.983
3039.000,-1088.533
3040.000,-1084.651
3041.000,-1081.508
3042.000,-1085.427
3043.000,-1088.957
3044.000,-1089.989
3045.000,-1088.363
3046.000,-1096.059
3047.000,-1083.533
3048.000,-1080.792
3049.000,-1078.571
3050.000,-1077.970
3051.000,-1079.890
3052.000,-1082.103
3053.000,-1082.080
3054.000,-1081.842
3055.000,-1083.540
3056.000,-1084.218
3057.000,-1083.026
3058.000,-1082.661
3059.000,-1078.455
3060.000,-1078.281
3061.000,-1077.778
3062.000,-1076.417
3063.000,-1077.812
3064.000,-1080.293
3065.000,-1079.628
3066.000,-1079.414
3067.000,-1080.394
3068.000,-1076.282
3069.000,-1072.767
3070.000,-1078.096
3071.000,-1078.150
3072.000,-1075.645
3073.000,-1083.374
3074.000,-1083.865
3075.000,-1079.017
3076.000,-1093.044
3077.000,-1089.715
3078.000,-1084.097
3079.000,-1099.346
3080.000,-1098.876
3081.000,-1091.700
3082.000,-1105.226
3083.000,-1110.585
3084.000,-1107.445
3085.000,-1110.299
3086.000,-1119.589
3087.000,-1120.234
3088.000,-1116.249
3089.000,-1123.059
3090.000,-1122.930
3091.000,-1115.249
3092.000,-1115.726
3093.000,-1122.238
3094.000,-1125.352
3095.000,-1124.495
3096.000,-1127.341
3097.000,-1129.710
3098.000,-1130.506
3099.000,-1129.190
3100.000,-1125.481
3101.000,-1124.014
3102.000,-1123.113
3103.000,-1118.463
3104.000,-1117.459
3105.000,-1122.228
3106.000,-1123.578
3107.000,-1121.171
3108.000,-1119.597
3109.000,-1120.378
3110.000,-1115.661
3111.000,-1109.847
3112.000,-1113.847
3113.000,-1115.721
3114.000,-1112.174
3115.000,-1113.680
3116.000,-1119.691
3117.000,-1117.489
3118.000,-1115.833
3119.000,-1125.203
3120.000,-1121.147
3121.000,-1117.998
3122.000,-1130.173
3123.000,-1126.705
3124.000,-1115.899
3125.000,-1135.844
3126.000,-1133.380
3127.000,-1121.810
3128.000,-1133.468
3129.000,-1136.803
3130.000,-1131.130
3131.000,-1130.120
3132.000,-1134.147
3133.000,-1137.441
3134.000,-1137.290
3135.000,-1140.914
3136.000,-1134.859
3137.000,-1133.580
3138.000,-1130.602
3139.000,-1127.945
3140.000,-1128.872
3141.000,-1130.862
3142.000,-1131.595
3143.000,-1129.781
3144.000,-1127.846
3145.000,-1122.451
3146.000,-1119.451
3147.000,-1112.786
3148.000,-1108.794
3149.000,-1111.403
3150.000,-1113.396
3151.000,-1108.773
3152.000,-1105.000
3153.000,-1109.742
3154.000,-1109.437
3155.000,-1103.749
3156.000,-1104.280
3157.000,-1110.585
3158.000,-1110.183
3159.000,-1107.274
3160.000,-1118.128
3161.000,-1119.403
3162.000,-1115.052
3163.000,-1124.405
3164.000,-1127.118
3165.000,-1123.035
3166.000,-1128.698
3167.000,-1132.958
3168.000,-1128.404
3169.000,-1140.063
3170.000,-1136.423
3171.000,-1133.307
3172.000,-1142.983
3173.000,-1146.813
3174.000,-1143.930
3175.000,-1147.649
3176.000,-1151.124
3177.000,-1148.292
3178.000,-1147.183
3179.000,-1150.427
3180.000,-1148.037
3181.000,-1144.630
3182.000,-1149.976
3183.000,-1152.042
3184.000,-1147.764
3185.000,-1148.968
3186.000,-1152.565
3187.000,-1148.040
3188.000,-1142.507
3189.000,-1147.394
3190.000,-1143.650
3191.000,-1137.708
3192.000,-1146.328
3193.000,-1147.468
3194.000,-1140.971
3195.000,-1146.132
3196.000,-1147.741
3197.000,-1143.573
3198.000,-1144.280
3199.000,-1149.359
3200.000,-1147.893
3201.000,-1146.398
3202.000,-1152.820
3203.000,-1149.851
3204.000,-1146.021
3205.000,-1156.621
3206.000,-1151.251
3207.000,-1143.500
3208.000,-1158.438
3209.000,-1151.914
3210.000,-1139.710
3211.000,-1155.433
3212.000,-1156.165
3213.000,-1148.454
3214.000,-1149.797
3215.000,-1157.687
3216.000,-1160.195
3217.000,-1156.803
3218.000,-1157.556
3219.000,-1155.278
3220.000,-1156.431
3221.000,-1152.837
3222.000,-1151.414
3223.000,-1156.431
3224.000,-1160.784
3225.000,-1161.587
3226.000,-1159.978
3227.000,-1155.923
3228.000,-1152.674
3229.000,-1151.755
3230.000,-1148.929
3231.000,-1148.882
3232.000,-1147.822
3233.000,-1147.024
3234.000,-1140.878
3235.000,-1138.658
3236.000,-1142.660
3237.000,-1145.553
3238.000,-1141.962
3239.000,-1138.514
3240.000,-1142.586
3241.000,-1140.798
3242.000,-1137.634
3243.000,-1143.414
3244.000,-1148.231
3245.000,-1145.992
3246.000,-1145.865
3247.000,-1152.961
3248.000,-1153.139
3249.000,-1148.187
3250.000,-1153.551
3251.000,-1153.352
3252.000,-1151.133
3253.000,-1159.003
3254.000,-1163.873
3255.000,-1158.479
3256.000,-1166.077
3257.000,-1160.827
3258.000,-1156.471
3259.000,-1164.030
3260.000,-1168.413
3261.000,-1166.995
3262.000,-1169.919
3263.000,-1177.156
3264.000,-1177.346
3265.000,-1173.616
3266.000,-1174.162
3267.000,-1166.795
3268.000,-1158.585
3269.000,-1168.611
3270.000,-1174.262
3271.000,-1169.902
3272.000,-1170.577
3273.000,-1176.229
3274.000,-1178.245
3275.000,-1174.751
3276.000,-1172.769
3277.000,-1172.205
3278.000,-1171.768
3279.000,-1170.950
3280.000,-1173.433
3281.000,-1175.372
3282.000,-1171.158
3283.000,-1169.703
3284.000,-1173.552
3285.000,-1171.662
3286.000,-1165.295
3287.000,-1166.693
3288.000,-1168.636
3289.000,-1165.206
3290.000,-1170.090
3291.000,-1170.727
3292.000,-1168.921
3293.000,-1174.872
3294.000,-1175.891
3295.000,-1173.271
3296.000,-1181.118
3297.000,-1179.357
3298.000,-1181.239
3299.000,-1184.347
3300.000,-1178.159
3301.000,-1190.956
3302.000,-1180.828
3303.000,-1187.361
3304.000,-1192.419
3305.000,-1168.907
3306.000,-1187.979
3307.000,-1185.127
3308.000,-1183.408
3309.000,-1166.631
3310.000,-1163.857
3311.000,-1169.198
3312.000,-1171.034
3313.000,-1166.695
3314.000,-1163.554
3315.000,-1158.848
3316.000,-1157.761
3317.000,-1163.027
3318.000,-1170.847
3319.000,-1174.441
3320.000,-1175.303
3321.000,-1174.621
3322.000,-1168.867
3323.000,-1162.114
3324.000,-1160.229
3325.000,-1162.899
3326.000,-1164.971
3327.000,-1167.480
3328.000,-1153.794
3329.000,-1146.990
3330.000,-1135.528
3331.000,-1127.656
3332.000,-1127.675
3333.000,-1131.556
3334.000,-1129.095
3335.000,-1129.322
3336.000,-1135.293
3337.000,-1128.006
3338.000,-1126.187
3339.000,-1134.666
3340.000,-1138.831
3341.000,-1138.758
3342.000,-1142.137
3343.000,-1150.363
3344.000,-1155.311
3345.000,-1159.073
3346.000,-1168.003
3347.000,-1169.800
3348.000,-1171.527
3349.000,-1178.898
3350.000,-1182.369
3351.000,-1183.406
3352.000,-1190.911
3353.000,-1195.744
3354.000,-1196.921
3355.000,-1210.199
3356.000,-1206.786
3357.000,-1212.962
3358.000,-1216.874
3359.000,-1216.515
3360.000,-1220.900
3361.000,-1223.580
3362.000,-1219.489
3363.000,-1233.022
3364.000,-1224.844
3365.000,-1219.875
3366.000,-1233.999
3367.000,-1238.534
3368.000,-1232.545
3369.000,-1231.504
3370.000,-1236.404
3371.000,-1238.193
3372.000,-1231.113
3373.000,-1231.562
3374.000,-1234.499
3375.000,-1238.653
3376.000,-1239.366
3377.000,-1243.547
3378.000,-1239.054
3379.000,-1234.056
3380.000,-1230.639
3381.000,-1226.043
3382.000,-1223.820
3383.000,-1221.176
3384.000,-1217.284
3385.000,-1214.102
3386.000,-1208.474
3387.000,-1201.364
3388.000,-1196.323
3389.000,-1195.400
3390.000,-1194.595
3391.000,-1190.898
3392.000,-1188.985
3393.000,-1193.345
3394.000,-1196.917
3395.000,-1195.615
3396.000,-1193.855
3397.000,-1198.544
3398.000,-1202.307
3399.000,-1200.602
3400.000,-1200.123
3401.000,-1207.821
3402.000,-1207.044
3403.000,-1199.764
3404.000,-1213.002
3405.000,-1212.889
3406.000,-1206.962
3407.000,-1211.262
3408.000,-1220.868
3409.000,-1224.494
3410.000,-1224.580
3411.000,-1221.833
3412.000,-1218.233
3413.000,-1210.089
3414.000,-1213.011
3415.000,-1220.552
3416.000,-1223.091
3417.000,-1223.571
3418.000,-1225.113
3419.000,-1225.600
3420.000,-1221.696
3421.000,-1216.033
3422.000,-1216.329
3423.000,-1221.121
3424.000,-1223.053
3425.000,-1223.611
3426.000,-1221.133
3427.000,-1215.861
3428.000,-1207.533
3429.000,-1201.186
3430.000,-1200.589
3431.000,-1199.517
3432.000,-1195.844
3433.000,-1195.705
3434.000,-1198.085
3435.000,-1195.746
3436.000,-1192.063
3437.000,-1194.245
3438.000,-1196.700
3439.000,-1197.332
3440.000,-1200.387
3441.000,-1206.464
3442.000,-1205.809
3443.000,-1209.776
3444.000,-1208.645
3445.000,-1212.321
3446.000,-1214.879
3447.000,-1218.835
3448.000,-1221.820
3449.000,-1224.195
3450.000,-1227.553
3451.000,-1229.008
3452.000,-1233.350
3453.000,-1231.987
3454.000,-1240.245
3455.000,-1234.160
3456.000,-1244.469
3457.000,-1243.805
3458.000,-1245.190
3459.000,-1250.615
3460.000,-1244.275
3461.000,-1239.178
3462.000,-1245.257
3463.000,-1243.209
3464.000,-1227.904
3465.000,-1230.698
3466.000,-1241.349
3467.000,-1244.093
3468.000,-1234.596
3469.000,-1230.304
3470.000,-1229.796
3471.000,-1236.147
3472.000,-1240.937
3473.000,-1246.799
3474.000,-1221.356
3475.000,-1216.443
3476.000,-1218.649
3477.000,-1220.277
3478.000,-1220.607
3479.000,-1220.797
3480.000,-1219.438
3481.000,-1217.138
3482.000,-1214.672
3483.000,-1213.135
3484.000,-1217.047
3485.000,-1220.004
3486.000,-1220.519
3487.000,-1218.316
3488.000,-1217.400
3489.000,-1219.100
3490.000,-1218.680
3491.000,-1218.580
3492.000,-1221.468
3493.000,-1223.719
3494.000,-1222.438
3495.000,-1221.773
3496.000,-1221.794
3497.000,-1219.364
3498.000,-1218.439
3499.000,-1220.546
3500.000,-1220.434
3501.000,-1220.307
3502.000,-1223.490
3503.000,-1222.871
3504.000,-1221.270
3505.000,-1225.148
3506.000,-1224.103
3507.000,-1226.950
3508.000,-1232.085
3509.000,-1230.773
3510.000,-1243.184
3511.000,-1236.678
3512.000,-1249.789
3513.000,-1250.359
3514.000,-1250.706
3515.000,-1266.130
3516.000,-1262.850
3517.000,-1256.950
3518.000,-1262.594
3519.000,-1259.618
3520.000,-1263.044
3521.000,-1263.388
3522.000,-1251.114
3523.000,-1238.093
3524.000,-1235.492
3525.000,-1230.820
3526.000,-1227.727
3527.000,-1227.410
3528.000,-1228.668
3529.000,-1228.243
3530.000,-1225.217
3531.000,-1220.580
3532.000,-1220.593
3533.000,-1225.848
3534.000,-1229.109
3535.000,-1229.230
3536.000,-1231.322
3537.000,-1236.232
3538.000,-1240.660
3539.000,-1239.552
3540.000,-1228.756
3541.000,-1215.957
3542.000,-1217.266
3543.000,-1206.049
3544.000,-1203.174
3545.000,-1207.762
3546.000,-1199.608
3547.000,-1205.401
3548.000,-1202.856
3549.000,-1198.798
3550.000,-1203.863
3551.000,-1200.961
3552.000,-1202.857
3553.000,-1208.775
3554.000,-1210.617
3555.000,-1218.440
3556.000,-1228.101
3557.000,-1232.104
3558.000,-1240.170
3559.000,-1246.612
3560.000,-1250.516
3561.000,-1258.597
3562.000,-1263.836
3563.000,-1270.958
3564.000,-1280.109
3565.000,-1286.215
3566.000,-1294.882
3567.000,-1300.431
3568.000,-1305.043
3569.000,-1309.251
3570.000,-1310.131
3571.000,-1314.309
3572.000,-1313.701
3573.000,-1318.451
3574.000,-1318.450
3575.000,-1319.741
3576.000,-1322.240
3577.000,-1320.502
3578.000,-1321.587
3579.000,-1318.324
3580.000,-1319.531
3581.000,-1320.429
3582.000,-1318.902
3583.000,-1318.711
3584.000,-1315.601
3585.000,-1314.918
3586.000,-1317.019
3587.000,-1315.706
3588.000,-1314.227
3589.000,-1308.477
3590.000,-1306.156
3591.000,-1313.180
3592.000,-1313.920
3593.000,-1312.621
3594.000,-1314.421
3595.000,-1309.549
3596.000,-1304.631
3597.000,-1315.084
3598.000,-1321.236
3599.000,-1325.475
3600.000,-1331.488
3601.000,-1303.057
3602.000,-1295.625
3603.000,-1291.739
3604.000,-1295.064
3605.000,-1304.926
3606.000,-1313.772
3607.000,-1318.580
3608.000,-1313.259
3609.000,-1296.018
3610.000,-1291.322
3611.000,-1287.682
3612.000,-1294.058
3613.000,-1302.330
3614.000,-1308.986
3615.000,-1313.470
3616.000,-1312.965
3617.000,-1308.558
3618.000,-1303.851
3619.000,-1301.998
3620.000,-1304.973
3621.000,-1311.255
3622.000,-1314.769
3623.000,-1311.467
3624.000,-1302.581
3625.000,-1292.513
3626.000,-1286.256
3627.000,-1285.409
3628.000,-1289.773
3629.000,-1295.414
3630.000,-1298.782
3631.000,-1299.476
3632.000,-1297.482
3633.000,-1297.985
3634.000,-1298.431
3635.000,-1300.326
3636.000,-1296.395
3637.000,-1290.855
3638.000,-1295.035
3639.000,-1294.052
3640.000,-1307.499
3641.000,-1298.182
3642.000,-1295.564
3643.000,-1286.401
3644.000,-1285.893
3645.000,-1293.861
3646.000,-1298.783
3647.000,-1300.023
3648.000,-1298.377
3649.000,-1292.304
3650.000,-1289.055
3651.000,-1284.292
3652.000,-1282.270
3653.000,-1285.798
3654.000,-1284.843
3655.000,-1277.651
3656.000,-1270.181
3657.000,-1260.200
3658.000,-1229.489
3659.000,-1229.654
3660.000,-1230.805
3661.000,-1229.983
3662.000,-1226.653
3663.000,-1225.138
3664.000,-1229.134
3665.000,-1236.353
3666.000,-1241.800
3667.000,-1248.397
3668.000,-1255.594
3669.000,-1263.369
3670.000,-1267.161
3671.000,-1271.053
3672.000,-1277.395
3673.000,-1281.586
3674.000,-1280.537
3675.000,-1282.738
3676.000,-1288.103
3677.000,-1290.972
3678.000,-1295.662
3679.000,-1297.178
3680.000,-1292.290
3681.000,-1276.285
3682.000,-1266.207
3683.000,-1257.992
3684.000,-1252.580
3685.000,-1254.511
3686.000,-1251.036
3687.000,-1253.360
3688.000,-1250.353
3689.000,-1250.307
3690.000,-1249.821
3691.000,-1251.399
3692.000,-1254.599
3693.000,-1257.322
3694.000,-1266.942
3695.000,-1270.088
3696.000,-1279.571
3697.000,-1282.762
3698.000,-1286.113
3699.000,-1291.108
3700.000,-1289.907
3701.000,-1300.395
3702.000,-1300.489
3703.000,-1309.149
3704.000,-1312.748
3705.000,-1312.451
3706.000,-1322.043
3707.000,-1321.182
3708.000,-1327.487
3709.000,-1330.230
3710.000,-1330.740
3711.000,-1334.421
3712.000,-1334.528
3713.000,-1336.654
3714.000,-1339.623
3715.000,-1339.834
3716.000,-1342.714
3717.000,-1340.413
3718.000,-1338.918
3719.000,-1343.283
3720.000,-1341.424
3721.000,-1339.013
3722.000,-1342.149
3723.000,-1343.538
3724.000,-1341.258
3725.000,-1344.771
3726.000,-1348.499
3727.000,-1353.636
3728.000,-1360.888
3729.000,-1334.678
3730.000,-1321.506
3731.000,-1315.691
3732.000,-1319.994
3733.000,-1327.235
3734.000,-1330.439
3735.000,-1332.534
3736.000,-1338.926
3737.000,-1338.793
3738.000,-1334.515
3739.000,-1334.635
3740.000,-1333.588
3741.000,-1332.912
3742.000,-1335.505
3743.000,-1338.739
3744.000,-1340.956
3745.000,-1341.756
3746.000,-1341.276
3747.000,-1337.982
3748.000,-1339.650
3749.000,-1338.928
3750.000,-1338.670
3751.000,-1337.636
3752.000,-1337.564
3753.000,-1339.276
3754.000,-1341.474
3755.000,-1343.453
3756.000,-1340.980
3757.000,-1334.886
3758.000,-1330.716
3759.000,-1337.594
3760.000,-1348.037
3761.000,-1364.518
3762.000,-1328.488
3763.000,-1311.348
3764.000,-1311.662
3765.000,-1315.817
3766.000,-1291.561
3767.000,-1302.688
3768.000,-1279.228
3769.000,-1275.418
3770.000,-1265.495
3771.000,-1276.804
3772.000,-1280.980
3773.000,-1274.972
3774.000,-1273.367
3775.000,-1274.540
3776.000,-1281.729
3777.000,-1274.003
3778.000,-1265.689
3779.000,-1281.235
3780.000,-1288.158
3781.000,-1281.426
3782.000,-1282.310
3783.000,-1292.098
3784.000,-1291.486
3785.000,-1280.096
3786.000,-1276.209
3787.000,-1284.562
3788.000,-1292.078
3789.000,-1294.476
3790.000,-1297.063
3791.000,-1293.448
3792.000,-1288.234
3793.000,-1279.658
3794.000,-1272.188
3795.000,-1285.493
3796.000,-1296.419
3797.000,-1301.798
3798.000,-1301.734
3799.000,-1295.903
3800.000,-1294.320
3801.000,-1296.101
3802.000,-1299.898
3803.000,-1304.287
3804.000,-1305.887
3805.000,-1304.086
3806.000,-1300.695
3807.000,-1297.546
3808.000,-1296.381
3809.000,-1297.080
3810.000,-1297.213
3811.000,-1294.720
3812.000,-1289.641
3813.000,-1285.345
3814.000,-1282.363
3815.000,-1279.525
3816.000,-1275.110
3817.000,-1272.744
3818.000,-1270.299
3819.000,-1267.969
3820.000,-1268.082
3821.000,-1266.018
3822.000,-1265.207
3823.000,-1269.575
3824.000,-1271.165
3825.000,-1270.692
3826.000,-1272.858
3827.000,-1274.681
3828.000,-1275.420
3829.000,-1277.098
3830.000,-1278.231
3831.000,-1278.795
3832.000,-1281.089
3833.000,-1282.213
3834.000,-1280.966
3835.000,-1281.580
3836.000,-1281.544
3837.000,-1282.666
3838.000,-1284.764
3839.000,-1284.847
3840.000,-1285.060
3841.000,-1285.459
3842.000,-1285.558
3843.000,-1286.262
3844.000,-1286.069
3845.000,-1286.415
3846.000,-1286.882
3847.000,-1288.257
3848.000,-1287.942
3849.000,-1285.678
3850.000,-1284.140
3851.000,-1284.698
3852.000,-1284.162
3853.000,-1282.413
3854.000,-1276.126
3855.000,-1284.771
3856.000,-1285.036
3857.000,-1286.401
3858.000,-1281.374
3859.000,-1289.460
3860.000,-1293.753
3861.000,-1291.942
3862.000,-1286.846
3863.000,-1279.823
3864.000,-1280.916
3865.000,-1288.913
3866.000,-1293.206
3867.000,-1298.463
3868.000,-1304.311
3869.000,-1303.334
3870.000,-1303.143
3871.000,-1310.803
3872.000,-1321.284
3873.000,-1343.640
3874.000,-1341.719
3875.000,-1316.745
3876.000,-1304.437
3877.000,-1301.051
3878.000,-1303.972
3879.000,-1304.905
3880.000,-1299.801
3881.000,-1292.697
3882.000,-1294.127
3883.000,-1296.562
3884.000,-1292.731
3885.000,-1290.588
3886.000,-1300.275
3887.000,-1291.364
3888.000,-1286.947
3889.000,-1283.429
3890.000,-1282.857
3891.000,-1279.496
3892.000,-1267.868
3893.000,-1262.326
3894.000,-1267.627
3895.000,-1273.505
3896.000,-1275.967
3897.000,-1279.677
3898.000,-1286.920
3899.000,-1294.778
3900.000,-1299.061
3901.000,-1302.865
3902.000,-1310.332
3903.000,-1319.349
3904.000,-1329.674
3905.000,-1341.325
3906.000,-1354.777
3907.000,-1360.839
3908.000,-1363.731
3909.000,-1367.600
3910.000,-1372.909
3911.000,-1376.898
3912.000,-1379.668
3913.000,-1383.905
3914.000,-1388.728
3915.000,-1391.070
3916.000,-1392.456
3917.000,-1394.245
3918.000,-1394.476
3919.000,-1391.054
3920.000,-1385.265
3921.000,-1380.723
3922.000,-1377.664
3923.000,-1375.065
3924.000,-1373.284
3925.000,-1371.585
3926.000,-1369.223
3927.000,-1367.779
3928.000,-1367.649
3929.000,-1366.704
3930.000,-1364.263
3931.000,-1363.016
3932.000,-1364.247
3933.000,-1365.324
3934.000,-1365.346
3935.000,-1366.101
3936.000,-1367.893
3937.000,-1369.049
3938.000,-1369.748
3939.000,-1371.541
3940.000,-1373.222
3941.000,-1373.614
3942.000,-1374.507
3943.000,-1376.461
3944.000,-1377.526
3945.000,-1377.573
3946.000,-1378.117
3947.000,-1379.429
3948.000,-1379.844
3949.000,-1379.911
3950.000,-1380.611
3951.000,-1380.692
3952.000,-1380.809
3953.000,-1381.617
3954.000,-1381.591
3955.000,-1381.317
3956.000,-1381.984
3957.000,-1381.974
3958.000,-1381.470
3959.000,-1381.514
3960.000,-1380.698
3961.000,-1380.169
3962.000,-1380.182
3963.000,-1379.053
3964.000,-1378.468
3965.000,-1378.041
3966.000,-1376.937
3967.000,-1376.509
3968.000,-1375.818
3969.000,-1374.591
3970.000,-1374.393
3971.000,-1373.772
3972.000,-1373.151
3973.000,-1373.225
3974.000,-1372.489
3975.000,-1372.316
3976.000,-1372.374
3977.000,-1371.721
3978.000,-1371.947
3979.000,-1371.487
3980.000,-1371.250
3981.000,-1371.263
3982.000,-1370.471
3983.000,-1370.554
3984.000,-1370.081
3985.000,-1369.707
3986.000,-1369.817
3987.000,-1369.096
3988.000,-1369.370
3989.000,-1368.859
3990.000,-1368.802
3991.000,-1368.795
3992.000,-1368.226
3993.000,-1368.563
3994.000,-1367.670
3995.000,-1368.296
3996.000,-1366.988
3997.000,-1368.374
3998.000,-1365.778
3999.000,-1369.127
4000.000,-1362.680
4001.000,-1371.687
4002.000,-1356.931
4003.000,-1376.796
4004.000,-1367.885
4005.000,-1356.078
4006.000,-1380.551
4007.000,-1368.039
4008.000,-1337.335
4009.000,-1377.013
4010.000,-1385.975
4011.000,-1364.641
4012.000,-1346.172
4013.000,-1369.334
4014.000,-1380.187
4015.000,-1369.819
4016.000,-1360.509
4017.000,-1367.776
4018.000,-1380.470
4019.000,-1383.189
4020.000,-1374.400
4021.000,-1372.456
4022.000,-1378.448
4023.000,-1382.563
4024.000,-1380.561
4025.000,-1369.340
4026.000,-1360.819
4027.000,-1362.008
4028.000,-1366.080
4029.000,-1366.302
4030.000,-1355.854
4031.000,-1340.786
4032.000,-1359.108
4033.000,-1370.562
4034.000,-1373.945
4035.000,-1372.691
4036.000,-1375.002
4037.000,-1380.900
4038.000,-1382.522
4039.000,-1378.369
4040.000,-1381.932
4041.000,-1390.427
4042.000,-1394.349
4043.000,-1395.641
4044.000,-1398.874
4045.000,-1399.951
4046.000,-1397.862
4047.000,-1391.506
4048.000,-1384.287
4049.000,-1382.619
4050.000,-1384.040
4051.000,-1382.399
4052.000,-1378.554
4053.000,-1379.789
4054.000,-1383.406
4055.000,-1383.345
4056.000,-1381.284
4057.000,-1384.726
4058.000,-1388.494
4059.000,-1385.751
4060.000,-1381.121
4061.000,-1387.140
4062.000,-1387.739
4063.000,-1381.252
4064.000,-1382.352
4065.000,-1386.385
4066.000,-1381.661
4067.000,-1380.960
4068.000,-1387.430
4069.000,-1384.588
4070.000,-1381.266
4071.000,-1388.552
4072.000,-1385.341
4073.000,-1379.932
4074.000,-1390.581
4075.000,-1386.071
4076.000,-1379.439
4077.000,-1393.061
4078.000,-1386.330
4079.000,-1372.969
4080.000,-1396.637
4081.000,-1396.037
4082.000,-1387.475
4083.000,-1393.648
4084.000,-1393.185
4085.000,-1366.838
4086.000,-1396.066
4087.000,-1396.124
4088.000,-1394.665
4089.000,-1396.883
4090.000,-1390.187
4091.000,-1368.795
4092.000,-1394.202
4093.000,-1394.362
4094.000,-1392.880
4095.000,-1399.335
4096.000,-1398.985
4097.000,-1389.059
4098.000,-1387.760
4099.000,-1391.971
4100.000,-1384.026
4101.000,-1385.752
4102.000,-1395.991
4103.000,-1394.893
4104.000,-1391.124
4105.000,-1392.888
4106.000,-1387.716
4107.000,-1379.024
4108.000,-1389.902
4109.000,-1390.398
4110.000,-1387.946
4111.000,-1393.950
4112.000,-1390.341
4113.000,-1385.966
4114.000,-1392.930
4115.000,-1387.122
4116.000,-1386.797
4117.000,-1393.063
4118.000,-1386.241
4119.000,-1393.965
4120.000,-1387.612
4121.000,-1387.710
4122.000,-1392.332
4123.000,-1383.708
4124.000,-1394.890
4125.000,-1388.898
4126.000,-1382.374
4127.000,-1393.859
4128.000,-1386.711
4129.000,-1370.545
4130.000,-1388.280
4131.000,-1387.229
4132.000,-1388.074
4133.000,-1389.488
4134.000,-1387.620
4135.000,-1379.272
4136.000,-1374.545
4137.000,-1374.305
4138.000,-1374.026
4139.000,-1368.140
4140.000,-1365.986
4141.000,-1365.014
4142.000,-1358.099
4143.000,-1349.881
4144.000,-1348.578
4145.000,-1346.975
4146.000,-1338.450
4147.000,-1330.096
4148.000,-1355.539
4149.000,-1363.634
4150.000,-1373.355
4151.000,-1376.687
4152.000,-1379.595
4153.000,-1380.339
4154.000,-1376.914
4155.000,-1374.023
4156.000,-1371.530
4157.000,-1367.538
4158.000,-1363.753
4159.000,-1363.714
4160.000,-1367.821
4161.000,-1370.913
4162.000,-1373.371
4163.000,-1376.067
4164.000,-1376.591
4165.000,-1374.749
4166.000,-1371.378
4167.000,-1371.809
4168.000,-1374.284
4169.000,-1374.661
4170.000,-1376.059
4171.000,-1380.127
4172.000,-1382.106
4173.000,-1380.065
4174.000,-1375.890
4175.000,-1376.671
4176.000,-1375.949
4177.000,-1372.712
4178.000,-1376.998
4179.000,-1382.145
4180.000,-1382.699
4181.000,-1381.459
4182.000,-1384.570
4183.000,-1384.588
4184.000,-1380.523
4185.000,-1382.175
4186.000,-1384.772
4187.000,-1383.114
4188.000,-1383.782
4189.000,-1387.067
4190.000,-1384.957
4191.000,-1383.406
4192.000,-1386.005
4193.000,-1383.958
4194.000,-1382.588
4195.000,-1387.150
4196.000,-1385.750
4197.000,-1384.756
4198.000,-1387.692
4199.000,-1384.277
4200.000,-1382.988
4201.000,-1386.392
4202.000,-1382.408
4203.000,-1384.693
4204.000,-1385.225
4205.000,-1380.915
4206.000,-1385.800
4207.000,-1379.553
4208.000,-1383.662
4209.000,-1380.883
4210.000,-1380.697
4211.000,-1383.217
4212.000,-1378.185
4213.000,-1383.471
4214.000,-1377.698
4215.000,-1379.988
4216.000,-1377.544
4217.000,-1378.423
4218.000,-1379.210
4219.000,-1377.261
4220.000,-1379.598
4221.000,-1371.093
4222.000,-1383.043
4223.000,-1374.772
4224.000,-1379.750
4225.000,-1376.768
4226.000,-1375.818
4227.000,-1380.736
4228.000,-1374.594
4229.000,-1382.280
4230.000,-1371.163
4231.000,-1384.005
4232.000,-1378.697
4233.000,-1377.401
4234.000,-1381.099
4235.000,-1364.689
4236.000,-1389.162
4237.000,-1393.357
4238.000,-1395.747
4239.000,-1396.100
4240.000,-1392.527
4241.000,-1389.814
4242.000,-1389.311
4243.000,-1389.680
4244.000,-1390.229
4245.000,-1390.380
4246.000,-1385.682
4247.000,-1379.904
4248.000,-1372.533
4249.000,-1362.236
4250.000,-1380.583
4251.000,-1387.020
4252.000,-1390.008
4253.000,-1388.736
4254.000,-1387.621
4255.000,-1385.599
4256.000,-1381.441
4257.000,-1377.462
4258.000,-1372.247
4259.000,-1374.601
4260.000,-1379.246
4261.000,-1380.676
4262.000,-1380.774
4263.000,-1379.923
4264.000,-1376.750
4265.000,-1370.611
4266.000,-1370.476
4267.000,-1378.489
4268.000,-1383.859
4269.000,-1386.941
4270.000,-1388.891
4271.000,-1389.131
4272.000,-1385.973
4273.000,-1379.375
4274.000,-1378.541
4275.000,-1384.133
4276.000,-1386.395
4277.000,-1389.541
4278.000,-1395.037
4279.000,-1396.499
4280.000,-1393.116
4281.000,-1393.349
4282.000,-1394.468
4283.000,-1392.622
4284.000,-1394.742
4285.000,-1399.191
4286.000,-1398.530
4287.000,-1396.364
4288.000,-1400.422
4289.000,-1397.480
4290.000,-1393.457
4291.000,-1397.993
4292.000,-1395.298
4293.000,-1396.211
4294.000,-1401.424
4295.000,-1397.953
4296.000,-1398.614
4297.000,-1399.587
4298.000,-1394.514
4299.000,-1399.707
4300.000,-1398.353
4301.000,-1398.029
4302.000,-1401.164
4303.000,-1396.097
4304.000,-1399.837
4305.000,-1396.676
4306.000,-1397.188
4307.000,-1397.912
4308.000,-1398.000
4309.000,-1400.049
4310.000,-1394.940
4311.000,-1400.944
4312.000,-1388.043
4313.000,-1405.341
4314.000,-1403.299
4315.000,-1386.685
4316.000,-1406.550
4317.000,-1401.116
4318.000,-1399.850
4319.000,-1403.140
4320.000,-1396.632
4321.000,-1387.084
4322.000,-1403.044
4323.000,-1402.986
4324.000,-1406.367
4325.000,-1402.817
4326.000,-1400.075
4327.000,-1398.343
4328.000,-1393.404
4329.000,-1390.505
4330.000,-1386.109
4331.000,-1385.736
4332.000,-1387.393
4333.000,-1385.323
4334.000,-1376.895
4335.000,-1371.671
4336.000,-1375.562
4337.000,-1375.634
4338.000,-1375.831
4339.000,-1386.099
4340.000,-1391.801
4341.000,-1390.647
4342.000,-1387.581
4343.000,-1389.947
4344.000,-1388.487
4345.000,-1386.992
4346.000,-1391.210
4347.000,-1394.806
4348.000,-1392.519
4349.000,-1383.786
4350.000,-1389.615
4351.000,-1395.184
4352.000,-1388.064
4353.000,-1395.876
4354.000,-1403.975
4355.000,-1403.612
4356.000,-1397.282
4357.000,-1404.800
4358.000,-1404.297
4359.000,-1396.899
4360.000,-1407.115
4361.000,-1408.566
4362.000,-1399.284
4363.000,-1413.194
4364.000,-1410.442
4365.000,-1399.038
4366.000,-1415.198
4367.000,-1412.356
4368.000,-1397.587
4369.000,-1418.376
4370.000,-1417.114
4371.000,-1399.688
4372.000,-1418.301
4373.000,-1419.763
4374.000,-1410.501
4375.000,-1407.742
4376.000,-1417.659
4377.000,-1415.274
4378.000,-1404.170
4379.000,-1411.678
4380.000,-1416.094
4381.000,-1411.706
4382.000,-1406.404
4383.000,-1413.226
4384.000,-1412.792
4385.000,-1404.900
4386.000,-1405.329
4387.000,-1410.932
4388.000,-1407.950
4389.000,-1399.084
4390.000,-1406.271
4391.000,-1407.589
4392.000,-1399.749
4393.000,-1403.225
4394.000,-1408.611
4395.000,-1403.090
4396.000,-1399.525
4397.000,-1407.235
4398.000,-1404.955
4399.000,-1398.497
4400.000,-1408.076
4401.000,-1407.101
4402.000,-1398.691
4403.000,-1408.129
4404.000,-1406.222
4405.000,-1398.877
4406.000,-1409.754
4407.000,-1408.399
4408.000,-1399.202
4409.000,-1408.229
4410.000,-1406.214
4411.000,-1396.199
4412.000,-1407.690
4413.000,-1406.697
4414.000,-1396.346
4415.000,-1408.281
4416.000,-1405.835
4417.000,-1396.154
4418.000,-1409.397
4419.000,-1408.809
4420.000,-1398.355
4421.000,-1406.689
4422.000,-1405.371
4423.000,-1395.687
4424.000,-1407.342
4425.000,-1409.942
4426.000,-1404.007
4427.000,-1401.457
4428.000,-1406.222
4429.000,-1401.485
4430.000,-1399.108
4431.000,-1407.502
4432.000,-1407.176
4433.000,-1398.685
4434.000,-1406.934
4435.000,-1405.895
4436.000,-1399.180
4437.000,-1407.075
4438.000,-1409.007
4439.000,-1403.379
4440.000,-1405.790
4441.000,-1407.449
4442.000,-1402.353
4443.000,-1403.094
4444.000,-1409.189
4445.000,-1407.331
4446.000,-1404.037
4447.000,-1409.164
4448.000,-1406.112
4449.000,-1401.670
4450.000,-1410.122
4451.000,-1408.921
4452.000,-1402.639
4453.000,-1412.953
4454.000,-1410.934
4455.000,-1400.827
4456.000,-1413.715
4457.000,-1412.938
4458.000,-1402.351
4459.000,-1415.401
4460.000,-1415.950
4461.000,-1407.996
4462.000,-1416.623
4463.000,-1419.102
4464.000,-1413.062
4465.000,-1412.790
4466.000,-1418.103
4467.000,-1415.924
4468.000,-1410.184
4469.000,-1419.136
4470.000,-1419.658
4471.000,-1414.005
4472.000,-1417.441
4473.000,-1418.784
4474.000,-1413.898
4475.000,-1412.088
4476.000,-1416.691
4477.000,-1415.309
4478.000,-1410.116
4479.000,-1416.302
4480.000,-1416.889
4481.000,-1410.944
4482.000,-1413.874
4483.000,-1416.598
4484.000,-1413.242
4485.000,-1414.366
4486.000,-1418.170
4487.000,-1415.520
4488.000,-1413.572
4489.000,-1418.530
4490.000,-1416.599
4491.000,-1413.553
4492.000,-1419.688
4493.000,-1417.521
4494.000,-1413.940
4495.000,-1421.104
4496.000,-1418.433
4497.000,-1413.718
4498.000,-1423.220
4499.000,-1420.377
4500.000,-1413.152
4501.000,-1425.508
4502.000,-1422.804
4503.000,-1410.412
4504.000,-1427.662
4505.000,-1427.085
4506.000,-1419.139
4507.000,-1427.071
4508.000,-1426.477
4509.000,-1416.708
4510.000,-1428.166
4511.000,-1432.245
4512.000,-1429.155
4513.000,-1420.459
4514.000,-1426.008
4515.000,-1425.578
4516.000,-1421.300
4517.000,-1428.918
4518.000,-1433.033
4519.000,-1428.225
4520.000,-1418.902
4521.000,-1422.793
4522.000,-1423.394
4523.000,-1419.354
4524.000,-1425.744
4525.000,-1430.291
4526.000,-1425.271
4527.000,-1416.244
4528.000,-1419.988
4529.000,-1422.589
4530.000,-1418.673
4531.000,-1423.536
4532.000,-1429.943
4533.000,-1426.943
4534.000,-1419.427
4535.000,-1425.514
4536.000,-1426.526
4537.000,-1421.964
4538.000,-1427.309
4539.000,-1431.040
4540.000,-1426.987
4541.000,-1427.396
4542.000,-1430.915
4543.000,-1427.266
4544.000,-1426.469
4545.000,-1432.547
4546.000,-1430.828
4547.000,-1428.247
4548.000,-1434.061
4549.000,-1430.620
4550.000,-1427.340
4551.000,-1434.820
4552.000,-1431.120
4553.000,-1428.467
4554.000,-1436.962
4555.000,-1432.043
4556.000,-1428.619
4557.000,-1437.144
4558.000,-1431.400
4559.000,-1428.805
4560.000,-1437.951
4561.000,-1432.364
4562.000,-1428.625
4563.000,-1438.817
4564.000,-1433.864
4565.000,-1425.718
4566.000,-1440.989
4567.000,-1438.118
4568.000,-1424.305
4569.000,-1441.325
4570.000,-1437.722
4571.000,-1426.634
4572.000,-1442.162
4573.000,-1440.918
4574.000,-1432.999
4575.000,-1437.950
4576.000,-1437.419
4577.000,-1428.209
4578.000,-1435.777
4579.000,-1440.666
4580.000,-1436.713
4581.000,-1426.809
4582.000,-1433.846
4583.000,-1435.445
4584.000,-1431.309
4585.000,-1435.119
4586.000,-1436.956
4587.000,-1430.911
4588.000,-1420.808
4589.000,-1425.184
4590.000,-1431.012
4591.000,-1428.470
4592.000,-1427.665
4593.000,-1432.610
4594.000,-1428.984
4595.000,-1418.705
4596.000,-1429.713
4597.000,-1432.972
4598.000,-1427.373
4599.000,-1421.945
4600.000,-1429.535
4601.000,-1427.496
4602.000,-1420.829
4603.000,-1432.776
4604.000,-1433.948
4605.000,-1424.026
4606.000,-1429.906
4607.000,-1433.367
4608.000,-1428.706
4609.000,-1427.167
4610.000,-1435.136
4611.000,-1433.917
4612.000,-1427.760
4613.000,-1434.795
4614.000,-1433.985
4615.000,-1426.332
4616.000,-1434.854
4617.000,-1435.830
4618.000,-1429.634
4619.000,-1434.372
4620.000,-1436.348
4621.000,-1431.686
4622.000,-1434.185
4623.000,-1436.402
4624.000,-1432.132
4625.000,-1434.401
4626.000,-1436.036
4627.000,-1432.176
4628.000,-1434.281
4629.000,-1436.098
4630.000,-1433.667
4631.000,-1436.016
4632.000,-1435.690
4633.000,-1433.239
4634.000,-1436.607
4635.000,-1434.147
4636.000,-1434.218
4637.000,-1436.475
4638.000,-1433.023
4639.000,-1437.648
4640.000,-1433.999
4641.000,-1436.722
4642.000,-1435.876
4643.000,-1435.978
4644.000,-1437.460
4645.000,-1434.800
4646.000,-1439.169
4647.000,-1432.126
4648.000,-1442.816
4649.000,-1433.397
4650.000,-1440.595
4651.000,-1434.762
4652.000,-1441.219
4653.000,-1435.378
4654.000,-1443.923
4655.000,-1433.034
4656.000,-1446.830
4657.000,-1442.101
4658.000,-1419.901
4659.000,-1448.993
4660.000,-1451.522
4661.000,-1450.405
4662.000,-1448.358
4663.000,-1445.549
4664.000,-1441.028
4665.000,-1440.451
4666.000,-1440.811
4667.000,-1440.254
4668.000,-1437.314
4669.000,-1432.758
4670.000,-1434.467
4671.000,-1443.473
4672.000,-1445.902
4673.000,-1443.706
4674.000,-1436.259
4675.000,-1432.247
4676.000,-1429.506
4677.000,-1435.705
4678.000,-1441.012
4679.000,-1440.269
4680.000,-1438.673
4681.000,-1436.679
4682.000,-1428.075
4683.000,-1427.812
4684.000,-1432.698
4685.000,-1436.425
4686.000,-1443.449
4687.000,-1437.997
4688.000,-1432.595
4689.000,-1442.448
4690.000,-1434.852
4691.000,-1434.896
4692.000,-1442.642
4693.000,-1444.426
4694.000,-1429.976
4695.000,-1439.684
4696.000,-1448.374
4697.000,-1440.777
4698.000,-1430.387
4699.000,-1449.984
4700.000,-1448.608
4701.000,-1435.416
4702.000,-1439.983
4703.000,-1450.531
4704.000,-1441.845
4705.000,-1438.819
4706.000,-1454.979
4707.000,-1455.687
4708.000,-1437.389
4709.000,-1447.861
4710.000,-1456.511
4711.000,-1450.666
4712.000,-1441.559
4713.000,-1454.882
4714.000,-1458.888
4715.000,-1449.473
4716.000,-1450.262
4717.000,-1458.995
4718.000,-1453.484
4719.000,-1445.881
4720.000,-1458.221
4721.000,-1455.156
4722.000,-1443.955
4723.000,-1457.316
4724.000,-1455.779
4725.000,-1442.819
4726.000,-1459.606
4727.000,-1457.739
4728.000,-1442.267
4729.000,-1460.999
4730.000,-1456.005
4731.000,-1444.504
4732.000,-1463.683
4733.000,-1456.770
4734.000,-1446.629
4735.000,-1466.015
4736.000,-1459.226
4737.000,-1446.712
4738.000,-1466.536
4739.000,-1458.983
4740.000,-1445.868
4741.000,-1467.441
4742.000,-1460.594
4743.000,-1449.696
4744.000,-1464.785
4745.000,-1461.712
4746.000,-1452.611
4747.000,-1458.332
4748.000,-1460.120
4749.000,-1453.362
4750.000,-1451.189
4751.000,-1454.851
4752.000,-1449.760
4753.000,-1438.340
4754.000,-1448.975
4755.000,-1451.775
4756.000,-1445.166
4757.000,-1433.793
4758.000,-1444.168
4759.000,-1443.451
4760.000,-1424.829
4761.000,-1439.030
4762.000,-1445.813
4763.000,-1444.580
4764.000,-1428.682
4765.000,-1424.514
4766.000,-1445.545
4767.000,-1449.023
4768.000,-1438.269
4769.000,-1430.423
4770.000,-1448.268
4771.000,-1449.874
4772.000,-1436.368
4773.000,-1427.591
4774.000,-1454.224
4775.000,-1458.420
4776.000,-1449.645
4777.000,-1440.224
4778.000,-1453.885
4779.000,-1455.815
4780.000,-1430.274
4781.000,-1423.047
4782.000,-1458.812
4783.000,-1458.162
4784.000,-1459.974
4785.000,-1456.641
4786.000,-1469.794
4787.000,-1440.955
4788.000,-1428.594
4789.000,-1419.293
4790.000,-1413.962
4791.000,-1407.204
4792.000,-1392.429
4793.000,-1339.919
4794.000,-1385.171
4795.000,-1395.103
4796.000,-1430.439
4797.000,-1470.465
4798.000,-1501.379
4799.000,-1520.814
4800.000,-1543.719
4801.000,-1555.886
4802.000,-1557.278
4803.000,-1568.599
4804.000,-1573.726
4805.000,-1569.934
4806.000,-1573.869
4807.000,-1583.710
4808.000,-1598.387
4809.000,-1606.164
4810.000,-1615.882
4811.000,-1623.889
4812.000,-1628.576
4813.000,-1634.611
4814.000,-1643.125
4815.000,-1659.797
4816.000,-1673.819
4817.000,-1685.756
4818.000,-1691.823
4819.000,-1691.873
4820.000,-1686.262
4821.000,-1680.984
4822.000,-1676.543
4823.000,-1670.724
4824.000,-1666.320
4825.000,-1662.288
4826.000,-1660.823
4827.000,-1661.212
4828.000,-1660.985
4829.000,-1661.345
4830.000,-1660.529
4831.000,-1659.151
4832.000,-1656.747
4833.000,-1655.792
4834.000,-1656.341
4835.000,-1657.753
4836.000,-1660.857
4837.000,-1664.194
4838.000,-1667.343
4839.000,-1669.262
4840.000,-1669.364
4841.000,-1668.788
4842.000,-1667.765
4843.000,-1665.908
4844.000,-1664.142
4845.000,-1662.831
4846.000,-1661.291
4847.000,-1660.190
4848.000,-1659.290
4849.000,-1658.358
4850.000,-1657.025
4851.000,-1655.286
4852.000,-1653.988
4853.000,-1651.868
4854.000,-1649.354
4855.000,-1647.068
4856.000,-1644.838
4857.000,-1643.300
4858.000,-1641.443
4859.000,-1639.199
4860.000,-1636.922
4861.000,-1634.352
4862.000,-1631.602
4863.000,-1628.807
4864.000,-1625.277
4865.000,-1622.078
4866.000,-1619.325
4867.000,-1617.532
4868.000,-1615.961
4869.000,-1614.736
4870.000,-1614.665
4871.000,-1615.648
4872.000,-1616.873
4873.000,-1618.298
4874.000,-1618.188
4875.000,-1617.831
4876.000,-1617.419
4877.000,-1617.075
4878.000,-1616.294
4879.000,-1614.089
4880.000,-1612.009
4881.000,-1611.072
4882.000,-1610.625
4883.000,-1609.814
4884.000,-1607.849
4885.000,-1605.627
4886.000,-1604.255
4887.000,-1603.520
4888.000,-1602.132
4889.000,-1598.965
4890.000,-1596.678
4891.000,-1595.264
4892.000,-1594.546
4893.000,-1591.217
4894.000,-1587.169
4895.000,-1585.031
4896.000,-1584.254
4897.000,-1583.415
4898.000,-1579.665
4899.000,-1576.264
4900.000,-1575.977
4901.000,-1577.786
4902.000,-1577.400
4903.000,-1574.997
4904.000,-1574.463
4905.000,-1575.668
4906.000,-1575.934
4907.000,-1574.357
4908.000,-1572.526
4909.000,-1572.147
4910.000,-1573.026
4911.000,-1572.268
4912.000,-1569.896
4913.000,-1566.864
4914.000,-1567.543
4915.000,-1565.730
4916.000,-1563.849
4917.000,-1564.669
4918.000,-1561.297
4919.000,-1561.061
4920.000,-1559.344
4921.000,-1558.514
4922.000,-1558.195
4923.000,-1557.502
4924.000,-1557.825
4925.000,-1557.145
4926.000,-1557.107
4927.000,-1557.587
4928.000,-1558.005
4929.000,-1558.069
4930.000,-1557.450
4931.000,-1557.811
4932.000,-1557.424
4933.000,-1557.762
4934.000,-1557.198
4935.000,-1557.291
4936.000,-1557.123
4937.000,-1556.761
4938.000,-1557.014
4939.000,-1556.485
4940.000,-1556.492
4941.000,-1556.956
4942.000,-1556.611
4943.000,-1556.843
4944.000,-1557.388
4945.000,-1556.773
4946.000,-1556.907
4947.000,-1557.418
4948.000,-1557.259
4949.000,-1557.632
4950.000,-1558.658
4951.000,-1558.195
4952.000,-1557.451
4953.000,-1558.109
4954.000,-1559.702
4955.000,-1560.462
4956.000,-1559.988
4957.000,-1560.024
4958.000,-1560.668
4959.000,-1561.128
4960.000,-1560.794
4961.000,-1560.954
4962.000,-1561.659
4963.000,-1561.301
4964.000,-1561.305
4965.000,-1561.136
4966.000,-1561.686
4967.000,-1561.641
4968.000,-1561.823
4969.000,-1562.217
4970.000,-1562.032
4971.000,-1562.495
4972.000,-1562.578
4973.000,-1563.083
4974.000,-1562.842
4975.000,-1563.062
4976.000,-1562.874
4977.000,-1563.158
4978.000,-1563.717
4979.000,-1563.039
4980.000,-1562.841
4981.000,-1563.245
4982.000,-1562.989
4983.000,-1563.114
4984.000,-1562.745
4985.000,-1562.986
4986.000,-1563.686
4987.000,-1563.324
4988.000,-1563.335
4989.000,-1563.827
4990.000,-1563.546
4991.000,-1563.649
4992.000,-1563.813
4993.000,-1563.452
4994.000,-1563.653
4995.000,-1564.414
4996.000,-1563.972
4997.000,-1563.773
4998.000,-1564.075
4999.000,-1563.988
