1,3.054226073
2,3.05557709
3,3.055813942
4,3.057548175
5,3.058797893
6,3.059555838
7,3.055462418
8,3.059063352
9,3.060115859
10,3.055389811
11,3.060784683
12,3.056157542
13,3.04785094
14,3.038127183
15,3.040119534
16,3.038290261
17,3.040404529
18,3.035241581
19,3.030951708
20,3.037103622
21,3.042701469
22,3.040317475
23,3.026578197
24,3.027834581
25,3.023968143
26,3.029594794
27,3.028624115
28,3.032808057
29,3.031614457
30,3.039362554
31,3.041199188
32,3.044049531
33,3.044998132
34,3.044543684
35,3.039255434
36,3.04345659
37,3.042551864
38,3.043161784
39,3.04755131
40,3.048562231
41,3.048748591
42,3.050368143
43,3.056409302
44,3.056333035
45,3.057076231
46,3.05903679
47,3.060788462
48,3.06069406
49,3.060890402
50,3.064255756
51,3.066776747
52,3.06663521
53,3.064420557
54,3.066627798
55,3.069730996
56,3.067338708
57,3.066597966
58,3.066918237
59,3.069379447
60,3.069397973
61,3.067974251
62,3.071182147
63,3.074611653
64,3.075342518
65,3.072782768
66,3.074245759
67,3.077138884
68,3.077905436
69,3.078203
70,3.083018615
71,3.083384371
72,3.076323619
73,3.078282783
74,3.08176845
75,3.081325679
76,3.082307759
77,3.085390497
78,3.083520553
79,3.073245302
80,3.076043009
81,3.081628114
82,3.074337261
83,3.079998402
84,3.069520092
85,3.066650125
86,3.052366857
87,3.04566715
88,3.064356884
89,3.062878947
90,3.068805326
91,3.063498465
92,3.055255998
93,3.055737524
94,3.049528141
95,3.047294361
96,3.030028638
97,3.036505112
98,3.030862738
99,3.031016424
100,3.0285509
101,3.042599159
102,3.037191371
103,3.029671843
104,3.040752618
105,3.042508554
106,3.027300672
107,3.021383642
108,3.026124517
109,3.023536383
110,3.0361656
111,3.038063517
112,3.037279054
113,3.047364436
114,3.047122929
115,3.047679776
116,3.048251422
117,3.046573179
118,3.039537076
119,3.038238562
120,3.030878884
121,3.032118918
122,3.03123469
123,3.017550839
124,3.013136473
125,3.011726878
126,3.009697302
127,3.012018487
128,3.025416482
129,3.029485237
130,3.03260263
131,3.032920809
132,3.039548934
133,3.039481556
134,3.040000707
135,3.027300672
136,3.029890835
137,3.034820891
138,3.02921732
139,3.038886317
140,3.042441634
141,3.047278766
142,3.046822797
143,3.043806173
144,3.041996341
145,3.042023918
146,3.051484384
147,3.049396342
148,3.052016387
149,3.051465125
150,3.049853495
151,3.052228254
152,3.04962888
153,3.037215264
154,3.034872998
155,3.033122057
156,3.033174369
157,3.038437362
158,3.039080847
159,3.031662908
160,3.030069154
161,3.028310917
162,3.021962067
163,3.023388266
164,3.020037916
165,3.027182369
166,3.020742385
167,3.020912071
168,3.033540372
169,3.03746633
170,3.043169656
171,3.038158987
172,3.040946315
173,3.043039898
174,3.045146897
175,3.049954157
176,3.049644343
177,3.051179524
178,3.051021262
179,3.051380213
180,3.057936013
181,3.056821043
182,3.054720286
183,3.051086874
184,3.060195295
185,3.057726959
186,3.059828363
187,3.058703057
188,3.057361744
189,3.059275556
190,3.055771935
191,3.064738692
192,3.064446746
193,3.063731083
194,3.066381848
195,3.06644518
196,3.068100487
197,3.071182147
198,3.069597827
199,3.070477461
200,3.07361204
201,3.066661311
202,3.071207976
203,3.071977692
204,3.073014097
205,3.073945515
206,3.073952848
207,3.072782768
208,3.073271009
209,3.073080187
210,3.073491067
211,3.076847875
212,3.078442303
213,3.086737026
214,3.088437323
215,3.087515224
216,3.084003999
217,3.085900361
218,3.08405411
219,3.078895227
220,3.07836618
221,3.071270608
222,3.071362739
223,3.077981641
224,3.079083512
225,3.078398799
226,3.072150591
227,3.078583672
228,3.075327943
229,3.074728699
230,3.072084404
231,3.081372495
232,3.086904148
233,3.08803325
234,3.087469066
235,3.087692705
236,3.089297391
237,3.090963077
238,3.093561766
239,3.093582751
240,3.093978194
241,3.091747824
242,3.094425704
243,3.094788971
244,3.095894299
245,3.098505275
246,3.099970523
247,3.099255812
248,3.099521822
249,3.099856674
250,3.100294719
251,3.099639214
252,3.099556347
253,3.104442722
254,3.103872092
255,3.106041252
256,3.105118283
257,3.104316365
258,3.103718222
259,3.105333018
260,3.109227447
261,3.108483843
262,3.111679126
263,3.112276482
264,3.107860938
265,3.10729818
266,3.108345107
267,3.110872403
268,3.110986808
269,3.112816067
270,3.113789665
271,3.105966369
272,3.10928149
273,3.116471579
274,3.115287592
275,3.116308807
276,3.117559623
277,3.120261274
278,3.122074897
279,3.120863366
280,3.121188745
281,3.123574003
282,3.12460853
283,3.123201349
284,3.125910451
285,3.127244157
286,3.12807925
287,3.119071024
288,3.116408489
289,3.115976421
290,3.12053445
291,3.122942908
292,3.116052886
293,3.116753793
294,3.124168257
295,3.120952137
296,3.117314393
297,3.121172301
298,3.120580518
299,3.112306652
300,3.115370844
301,3.112735677
302,3.107843982
303,3.099293817
304,3.105073958
305,3.106941833
306,3.113401819
307,3.111857083
308,3.113120768
309,3.117158575
310,3.118529274
311,3.117334261
312,3.120389627
313,3.123283098
314,3.122487827
315,3.124637895
316,3.124787791
317,3.124709587
318,3.125656913
319,3.12499628
320,3.123253681
321,3.122038834
322,3.118648255
323,3.118730866
324,3.118767205
325,3.120468653
326,3.115657105
327,3.118139016
328,3.123969174
329,3.126254826
330,3.125562587
331,3.129444965
332,3.132150793
333,3.133692155
334,3.134690173
335,3.133928312
336,3.132458214
337,3.129470739
338,3.125513788
339,3.127169598
340,3.129138633
341,3.132631062
342,3.12777839
343,3.129899264
344,3.126381459
345,3.123678532
346,3.123518439
347,3.127325148
348,3.128269987
349,3.124918114
350,3.119707768
351,3.119348292
352,3.120728529
353,3.122441961
354,3.124210676
355,3.128786843
356,3.118777126
357,3.11824486
358,3.113996812
359,3.10929839
360,3.108882829
361,3.107060675
362,3.110252917
363,3.10413871
364,3.10442905
365,3.109872025
366,3.102234709
367,3.10299594
368,3.104316365
369,3.106653168
370,3.112444129
371,3.109625792
372,3.108395873
373,3.103273336
374,3.107243889
375,3.112829478
376,3.116411814
377,3.120784452
378,3.126997846
379,3.126417163
380,3.126851917
381,3.131368399
382,3.128334653
383,3.1204061
384,3.118476369
385,3.119823128
386,3.116896512
387,3.119302093
388,3.115756896
389,3.122782543
390,3.122491106
391,3.128334653
392,3.128728749
393,3.126271078
394,3.124484642
395,3.115573908
396,3.114167138
397,3.111356633
398,3.10955828
399,3.098314869
400,3.100487708
401,3.07920656
402,3.078956804
403,3.049008565
404,3.069123974
405,3.049512626
406,3.06916471
407,3.071443833
408,3.080803195
409,3.07655307
410,3.07696432
411,3.057152414
412,3.050584684
413,3.050696736
414,3.065336911
415,3.070997788
416,3.064184605
417,3.070702678
418,3.082814067
419,3.083832173
420,3.085964519
421,3.080777974
422,3.069656988
423,3.066415381
424,3.078681518
425,3.074048078
426,3.06229235
427,3.065307036
428,3.069249876
429,3.075064975
430,3.082465808
431,3.08493715
432,3.080658937
433,3.079936972
434,3.066981536
435,3.052909327
436,3.055542711
437,3.065561025
438,3.070178298
439,3.061097984
440,3.064607729
441,3.053623868
442,3.041088565
443,3.050746973
444,3.058437424
445,3.066314731
446,3.062754901
447,3.077327932
448,3.077564125
449,3.081797214
450,3.080503841
451,3.087987147
452,3.079492374
453,3.08827079
454,3.082742299
455,3.084715664
456,3.092808337
457,3.098363313
458,3.089569568
459,3.094121596
460,3.108764525
461,3.108933533
462,3.098055057
463,3.085747125
464,3.092685571
465,3.100766752
466,3.098030776
467,3.100756411
468,3.10582346
469,3.08958721
470,3.093316584
471,3.101695525
472,3.097528019
473,3.099615064
474,3.092338113
475,3.084980004
476,3.084808563
477,3.076633156
478,3.074831077
479,3.065127649
480,3.063959779
481,3.076476615
482,3.077436929
483,3.095852509
484,3.095022802
485,3.094918131
486,3.099362902
487,3.099842857
488,3.100718534
489,3.091438313
490,3.09870945
491,3.092183574
492,3.088394809
493,3.083438097
494,3.084844278
495,3.086238793
496,3.081113164
497,3.093876773
498,3.094722608
499,3.098297536
500,3.10220379
501,3.102238145
502,3.096784923
503,3.101410235
504,3.09954252
505,3.106211322
506,3.106292929
507,3.107569491
508,3.106466303
509,3.107447393
510,3.111289389
511,3.111423825
512,3.112437417
513,3.110283228
514,3.111823522
515,3.116621038
516,3.11876059
517,3.119051236
518,3.119255889
519,3.118810154
520,3.122563194
521,3.120057094
522,3.119364765
523,3.118268037
524,3.118069542
525,3.121917494
526,3.12239285
527,3.128690001
528,3.128505876
529,3.129383732
530,3.130320888
531,3.130960614
532,3.127959586
533,3.13090281
534,3.130494589
535,3.128150376
536,3.132912574
537,3.133931506
538,3.134244052
539,3.132791034
540,3.134642389
541,3.135368026
542,3.135955906
543,3.137411102
544,3.135348967
545,3.138015168
546,3.136603262
547,3.134919415
548,3.128192408
549,3.131179017
550,3.135422095
551,3.136996271
552,3.137065953
553,3.144869848
554,3.144350007
555,3.146933827
556,3.147419704
557,3.149142103
558,3.147837036
559,3.147023624
560,3.143882531
561,3.145230597
562,3.151219648
563,3.149994612
564,3.147843222
565,3.147144345
566,3.148747592
567,3.151994649
568,3.150258943
569,3.145805285
570,3.145532009
571,3.140570873
572,3.133088403
573,3.136311428
574,3.142254885
575,3.136802983
576,3.136584217
577,3.143258446
578,3.141493676
579,3.138908722
580,3.139416231
581,3.135749433
582,3.137344606
583,3.143230313
584,3.146121825
585,3.147169089
586,3.145479222
587,3.147929701
588,3.146844049
589,3.143505041
590,3.136435163
591,3.136587391
592,3.134725201
593,3.131804645
594,3.132896569
595,3.131422968
596,3.126569695
597,3.124067113
598,3.122150336
599,3.115563913
600,3.112343532
601,3.119252586
602,3.119463748
603,3.120198692
604,3.120797619
605,3.119856077
606,3.124641157
607,3.11837054
608,3.11738067
609,3.10654446
610,3.106592036
611,3.109072081
612,3.118968686
613,3.118922447
614,3.122432163
615,3.11691644
616,3.121947042
617,3.118886121
618,3.12355765
619,3.128024258
620,3.128651251
621,3.132893367
622,3.132160374
623,3.122383012
624,3.125487778
625,3.118502802
626,3.120570638
627,3.124455307
628,3.123538065
629,3.134228134
630,3.135294888
631,3.137993061
632,3.135952727
633,3.131836736
634,3.131124417
635,3.127580955
636,3.127574474
637,3.125403187
638,3.132509442
639,3.131503184
640,3.1347093
641,3.137600952
642,3.138779374
643,3.134387519
644,3.130501027
645,3.126556742
646,3.126420413
647,3.133545301
648,3.141753821
649,3.14154385
650,3.139665016
651,3.138403742
652,3.135132651
653,3.143324005
654,3.144334417
655,3.14654661
656,3.146816148
657,3.146995772
658,3.147945162
659,3.147401128
660,3.147345471
661,3.147840129
662,3.150912945
663,3.151725242
664,3.151716046
665,3.150194423
666,3.150292737
667,3.146772781
668,3.149567026
669,3.149354598
670,3.149003467
671,3.149370008
672,3.14596669
673,3.148164424
674,3.147657759
675,3.147193832
676,3.155979408
677,3.157734738
678,3.155056528
679,3.156415892
680,3.157323787
681,3.164349878
682,3.166065835
683,3.164706674
684,3.164150518
685,3.164665093
686,3.164430192
687,3.16439748
688,3.163426767
689,3.158841751
690,3.156343145
691,3.160513556
692,3.158564526
693,3.159714537
694,3.160093201
695,3.161664416
696,3.16476911
697,3.164629423
698,3.163125581
699,3.158808615
700,3.156112838
701,3.156197687
702,3.154907595
703,3.158401699
704,3.162839127
705,3.164623472
706,3.163560875
707,3.156303751
708,3.156494618
709,3.150175965
710,3.148833929
711,3.150132932
712,3.149816224
713,3.149883916
714,3.154603487
715,3.150510818
716,3.151449533
717,3.154846806
718,3.144427871
719,3.139094763
720,3.13983187
721,3.139888537
722,3.138154232
723,3.132096315
724,3.131403695
725,3.133500588
726,3.142042021
727,3.142330031
728,3.143336505
729,3.148957232
730,3.148074901
731,3.14579907
732,3.149197568
733,3.151047903
734,3.151118473
735,3.149052743
736,3.148309546
737,3.148997298
738,3.150430963
739,3.151697653
740,3.151844663
741,3.154679534
742,3.154874158
743,3.152120084
744,3.150320378
745,3.155445352
746,3.16040551
747,3.157096992
748,3.159473931
749,3.155381598
750,3.154320495
751,3.152236335
752,3.15170685
753,3.14688121
754,3.154177369
755,3.165072131
756,3.164165413
757,3.166273174
758,3.1649147
759,3.163504268
760,3.164656167
761,3.167943212
762,3.167922576
763,3.167518202
764,3.168008101
765,3.168093645
766,3.170537446
767,3.172012958
768,3.173931816
769,3.174586012
770,3.174588884
771,3.176947411
772,3.176143387
773,3.17835525
774,3.176658355
775,3.175543699
776,3.179887735
777,3.174847386
778,3.17934782
779,3.179586256
780,3.178801473
781,3.18125176
782,3.180988446
783,3.181680712
784,3.181937853
785,3.182237704
786,3.181783594
787,3.184958154
788,3.179537415
789,3.176791369
790,3.18058459
791,3.172559142
792,3.175204376
793,3.180696334
794,3.180320906
795,3.181328973
796,3.183326783
797,3.187461506
798,3.187932249
799,3.188720425
800,3.190662212
801,3.192070984
802,3.191026008
803,3.19159632
804,3.194022875
805,3.193319417
806,3.190919692
807,3.189866324
808,3.192765311
809,3.189153317
810,3.192257933
811,3.190804945
812,3.194172883
813,3.19391729
814,3.195675516
815,3.193728306
816,3.195968802
817,3.191364354
818,3.193119025
819,3.191249758
820,3.193978413
821,3.195514975
822,3.200776645
823,3.202316635
824,3.201082892
825,3.190992439
826,3.197161958
827,3.190894518
828,3.187974515
829,3.19180021
830,3.193820026
831,3.198321624
832,3.198324378
833,3.200073114
834,3.199272357
835,3.202382042
836,3.203459882
837,3.199398589
838,3.203465324
839,3.208016541
840,3.208844289
841,3.211109847
842,3.212903717
843,3.211299469
844,3.213172296
845,3.213190922
846,3.217573417
847,3.219788798
848,3.217607627
849,3.222058022
850,3.221750598
851,3.222497978
852,3.218889827
853,3.217618163
854,3.217378642
855,3.220123801
856,3.217052063
857,3.218643155
858,3.212384721
859,3.214955067
860,3.212555135
861,3.206529058
862,3.210200781
863,3.215737999
864,3.215587353
865,3.211155263
866,3.207505115
867,3.213878851
868,3.211315471
869,3.214589563
870,3.217960107
871,3.211902436
872,3.200902441
873,3.202060365
874,3.196753561
875,3.200858711
876,3.20500396
877,3.2076882
878,3.20582126
879,3.20816176
880,3.207925044
881,3.208282776
882,3.212690885
883,3.214965635
884,3.218094145
885,3.218173003
886,3.224020002
887,3.22535838
888,3.225955073
889,3.224341384
890,3.22554447
891,3.227724776
892,3.22842345
893,3.229305486
894,3.228500454
895,3.226842099
896,3.227950945
897,3.228310519
898,3.22668494
899,3.226847257
900,3.226788011
901,3.232200444
902,3.232912302
903,3.232269142
904,3.229776521
905,3.228120501
906,3.229804661
907,3.228251473
908,3.227750477
909,3.228954432
910,3.226700417
911,3.220453279
912,3.219015735
913,3.216445677
914,3.218102038
915,3.215584707
916,3.219312014
917,3.221022805
918,3.219264851
919,3.212315471
920,3.213507122
921,3.21435898
922,3.212978198
923,3.214782942
924,3.21829386
925,3.218818979
926,3.218842618
927,3.22316093
928,3.226339506
929,3.227663077
930,3.226192494
931,3.227369867
932,3.22983536
933,3.231663249
934,3.236920002
935,3.236118879
936,3.232973261
937,3.230918718
938,3.229789326
939,3.228597959
940,3.230109028
941,3.228336185
942,3.225709798
943,3.229169703
944,3.228880075
945,3.224962751
946,3.228015175
947,3.224305107
948,3.218916055
949,3.219165228
950,3.228544088
951,3.231265636
952,3.233031669
953,3.229953047
954,3.235917128
955,3.238836158
956,3.241670974
957,3.241710813
958,3.244195462
959,3.24213875
960,3.24355144
961,3.245455915
962,3.246033012
963,3.248451451
964,3.246328685
965,3.244658054
966,3.245917167
967,3.247465079
968,3.246244915
969,3.248093476
970,3.242330199
971,3.248122909
972,3.248436761
973,3.247406091
974,3.2509077
975,3.25300343
976,3.254833176
977,3.253224092
978,3.252335936
979,3.250754133
980,3.254270053
981,3.256419459
982,3.25587045
983,3.255935504
984,3.257013422
985,3.256672068
986,3.255489604
987,3.254100749
988,3.25353428
989,3.251645527
990,3.256498852
991,3.257287292
992,3.255904184
993,3.250961306
994,3.249320677
995,3.249276632
996,3.252012754
997,3.250663919
998,3.257834515
999,3.257582582
1000,3.259670303
1001,3.261973813
1002,3.263238263
1003,3.265294346
1004,3.265148144
1005,3.265070289
1006,3.266786558
1007,3.262920723
1008,3.262776094
1009,3.261683876
1010,3.264317153
1011,3.264224982
1012,3.264376224
1013,3.265376852
1014,3.259880436
1015,3.264553391
1016,3.266791262
1017,3.266205821
1018,3.264510864
1019,3.265713822
1020,3.265963411
1021,3.262085455
1022,3.252923395
1023,3.250800468
1024,3.253459164
1025,3.249002563
1026,3.253868418
1027,3.251051458
1028,3.24102073
1029,3.244326598
1030,3.243444858
1031,3.248814064
1032,3.254552915
1033,3.255233891
1034,3.260011728
1035,3.259894773
1036,3.262410733
1037,3.264494343
1038,3.264997171
1039,3.262154339
1040,3.2647659
1041,3.263931809
1042,3.266610301
1043,3.266024615
1044,3.266034039
1045,3.268177665
1046,3.269384493
1047,3.266168166
1048,3.272748737
1049,3.272725566
1050,3.273471221
1051,3.273704847
1052,3.273503615
1053,3.271290843
1054,3.271423356
1055,3.266311671
1056,3.265084456
1057,3.269239663
1058,3.272363839
1059,3.2696927
1060,3.272308167
1061,3.271032652
1062,3.26891478
1063,3.270823188
1064,3.267772296
1065,3.266946315
1066,3.268956877
1067,3.272384708
1068,3.275431148
1069,3.276668567
1070,3.276179081
1071,3.270699786
1072,3.266005795
1073,3.267631593
1074,3.272347614
1075,3.263181409
1076,3.259041688
1077,3.262595827
1078,3.265520618
1079,3.270051989
1080,3.270643899
1081,3.272280328
1082,3.274053895
1083,3.273091599
1084,3.273836626
1085,3.270306097
1086,3.27170922
1087,3.273771885
1088,3.275069361
1089,3.275007139
1090,3.274421122
1091,3.275233021
1092,3.271311763
1093,3.273744139
1094,3.273147172
1095,3.273806571
1096,3.277987201
1097,3.278170329
1098,3.276123895
1099,3.272038963
1100,3.273663208
1101,3.275329776
1102,3.272498347
1103,3.276008897
1104,3.277033591
1105,3.278874736
1106,3.281467452
1107,3.280983348
1108,3.283308021
1109,3.284107983
1110,3.284423959
1111,3.284259236
1112,3.285079999
1113,3.287904686
1114,3.28990986
1115,3.290317372
1116,3.290210529
1117,3.288671689
1118,3.285582057
1119,3.286941251
1120,3.287304476
1121,3.288246987
1122,3.291586383
1123,3.292140831
1124,3.292891536
1125,3.292834004
1126,3.290030153
1127,3.292151923
1128,3.291639639
1129,3.292468726
1130,3.292307027
1131,3.295197506
1132,3.29548353
1133,3.297856754
1134,3.296149439
1135,3.293077343
1136,3.295089654
1137,3.293291836
1138,3.29393018
1139,3.296028631
1140,3.295188721
1141,3.297009407
1142,3.291839302
1143,3.296274582
1144,3.295265739
1145,3.29743878
1146,3.298200055
1147,3.298412007
1148,3.296300925
1149,3.296426051
1150,3.294455193
1151,3.294481646
1152,3.285708058
1153,3.284464579
1154,3.287575567
1155,3.283348718
1156,3.28335551
1157,3.280935571
1158,3.285914941
1159,3.287111693
1160,3.286400327
1161,3.289303484
1162,3.291186758
1163,3.291160103
1164,3.294849645
1165,3.297015988
1166,3.298090758
1167,3.299369993
1168,3.29850376
1169,3.300578104
1170,3.301034343
1171,3.301056051
1172,3.300321516
1173,3.301761165
1174,3.301524816
1175,3.301186307
1176,3.300519405
1177,3.302700974
1178,3.301364282
1179,3.298512478
1180,3.300093068
1181,3.300475906
1182,3.297878649
1183,3.297570125
1184,3.300808445
1185,3.301370771
1186,3.303489806
1187,3.303282481
1188,3.29978832
1189,3.297272344
1190,3.300660699
1191,3.293581302
1192,3.297289856
1193,3.296182383
1194,3.294970781
1195,3.28917855
1196,3.289180783
1197,3.294003031
1198,3.293322758
1199,3.286703408
1200,3.294221457
1201,3.285154322
1202,3.280152518
1203,3.272941043
1204,3.273626195
1205,3.270093947
1206,3.270156906
1207,3.275716663
1208,3.279669227
1209,3.288088187
1210,3.284906502
1211,3.290217187
1212,3.293269709
1213,3.292617096
1214,3.297771461
1215,3.297169392
1216,3.299866707
1217,3.304931933
1218,3.304880283
1219,3.303649556
1220,3.306118221
1221,3.307754818
1222,3.307906614
1223,3.309259584
1224,3.309562049
1225,3.309257451
1226,3.309487499
1227,3.309591834
1228,3.309911079
1229,3.312135036
1230,3.311482601
1231,3.312336061
1232,3.314604473
1233,3.315846525
1234,3.315346786
1235,3.316563702
1236,3.315458134
1237,3.312482005
1238,3.315245928
1239,3.316877865
1240,3.316372966
1241,3.317095559
1242,3.313932583
1243,3.313829285
1244,3.306669454
1245,3.308634825
1246,3.301535645
1247,3.298772322
1248,3.295069848
1249,3.303820046
1250,3.314126451
1251,3.316106676
1252,3.317758395
1253,3.318516169
1254,3.318455669
1255,3.319890625
1256,3.320264728
1257,3.318136428
1258,3.313635233
1259,3.313487564
1260,3.305476041
1261,3.301596377
1262,3.30661801
1263,3.314318124
1264,3.310652973
1265,3.307123628
1266,3.306002329
1267,3.30347038
1268,3.299435392
1269,3.305226663
1270,3.305899277
1271,3.307949349
1272,3.314530784
1273,3.312139273
1274,3.313253312
1275,3.307399766
1276,3.301498788
1277,3.305620033
1278,3.299940721
1279,3.305534074
1280,3.311760223
1281,3.309951514
1282,3.314398173
1283,3.312911136
1284,3.311062675
1285,3.315674439
1286,3.31566183
1287,3.319830317
1288,3.321596357
1289,3.322289622
1290,3.322153097
1291,3.321691607
1292,3.324344209
1293,3.32421245
1294,3.32540892
1295,3.325076243
1296,3.324434738
1297,3.32314893
1298,3.325800836
1299,3.323825285
1300,3.321915188
1301,3.322434329
1302,3.31623462
1303,3.317944291
1304,3.310514893
1305,3.309681256
1306,3.315119796
1307,3.312473537
1308,3.318311718
1309,3.316867386
1310,3.322115879
1311,3.319994572
1312,3.323891228
1313,3.323132404
1314,3.320457869
1315,3.314088538
1316,3.313054773
1317,3.31408221
1318,3.319364266
1319,3.315527411
1320,3.313801848
1321,3.315332064
1322,3.318192793
1323,3.317296395
1324,3.318459845
1325,3.320391403
1326,3.32264512
1327,3.320650924
1328,3.321358143
1329,3.32358824
1330,3.323250035
1331,3.31830963
1332,3.322301989
1333,3.321658494
1334,3.323862358
1335,3.324885095
1336,3.325862374
1337,3.324060089
1338,3.325261089
1339,3.323633637
1340,3.319212279
1341,3.323930357
1342,3.325205634
1343,3.320034053
1344,3.318094633
1345,3.319730494
1346,3.325536207
1347,3.323320195
1348,3.322037291
1349,3.32190483
1350,3.326561164
1351,3.326894754
1352,3.328216448
1353,3.327936944
1354,3.327532637
1355,3.328546778
1356,3.327575529
1357,3.323087006
1358,3.327048171
1359,3.326497675
1360,3.323744893
1361,3.324638386
1362,3.324200137
1363,3.325119377
1364,3.321358143
1365,3.320733968
1366,3.317912982
1367,3.318094633
1368,3.323293351
1369,3.324047771
1370,3.320999513
1371,3.318987301
1372,3.321451371
1373,3.322310268
1374,3.326589806
1375,3.324280395
1376,3.326919328
1377,3.327195394
1378,3.323990099
1379,3.322696768
1380,3.322527326
1381,3.313369371
1382,3.314522407
1383,3.317524292
1384,3.317390499
1385,3.315710113
1386,3.318343049
1387,3.311049957
1388,3.31203131
1389,3.317357057
1390,3.322136584
1391,3.324066273
1392,3.323746956
1393,3.327213813
1394,3.327693956
1395,3.32802877
1396,3.326173987
1397,3.325135777
1398,3.322663682
1399,3.31799023
1400,3.315474903
1401,3.3208211
1402,3.323988037
1403,3.324000357
1404,3.323012726
1405,3.321813772
1406,3.320835637
1407,3.322186223
1408,3.318806024
1409,3.31755568
1410,3.323082874
1411,3.318912316
1412,3.319324724
1413,3.318770553
1414,3.320466183
1415,3.322723598
1416,3.321581846
1417,3.317981919
1418,3.308720172
1419,3.294662389
1420,3.277198781
1421,3.271286187
1422,3.287915887
1423,3.298342105
1424,3.298606396
1425,3.294946562
1426,3.281907891
1427,3.289780639
1428,3.290286208
1429,3.283577092
1430,3.294336146
1431,3.28825818
1432,3.290544338
1433,3.292488678
1434,3.290708921
1435,3.29624604
1436,3.300010392
1437,3.298896711
1438,3.291819348
1439,3.29379773
1440,3.28841468
1441,3.287524053
1442,3.286061066
1443,3.285858728
1444,3.274566545
1445,3.275101637
1446,3.283308021
1447,3.284164423
1448,3.290337395
1449,3.298208806
1450,3.296647652
1451,3.300123537
1452,3.303936547
1453,3.304251345
1454,3.304804924
1455,3.301830518
1456,3.299777421
1457,3.306180464
1458,3.308160873
1459,3.308278354
1460,3.307660743
1461,3.3051234
1462,3.312285284
1463,3.317049474
1464,3.316217829
1465,3.315107171
1466,3.320219029
1467,3.320023651
1468,3.317929708
1469,3.323056066
1470,3.324239238
1471,3.322696768
1472,3.322204804
1473,3.322053808
1474,3.317766761
1475,3.318422309
1476,3.317018101
1477,3.310899255
1478,3.306004478
1479,3.312429128
1480,3.311847053
1481,3.318810196
1482,3.318322162
1483,3.319973765
1484,3.31943714
1485,3.319967522
1486,3.319911437
1487,3.320169165
1488,3.318148914
1489,3.322762832
1490,3.317961015
1491,3.311673375
1492,3.320497308
1493,3.317451147
1494,3.314623433
1495,3.311249362
1496,3.312226028
1497,3.303707833
1498,3.305768251
1499,3.310355522
1500,3.316613981
1501,3.310032345
1502,3.302233504
1503,3.305598551
1504,3.30941083
1505,3.314770717
1506,3.314075882
1507,3.313128714
1508,3.317720798
1509,3.31457503
1510,3.31046813
1511,3.303770423
1512,3.304643443
1513,3.298909817
1514,3.288492909
1515,3.283760169
1516,3.284130582
1517,3.287506142
1518,3.276526146
1519,3.283717221
1520,3.274234065
1521,3.274464971
1522,3.269356466
1523,3.271606975
1524,3.280327924
1525,3.273482772
1526,3.279582542
1527,3.274838777
1528,3.277233194
1529,3.287855452
1530,3.287662914
1531,3.279445641
1532,3.281608263
1533,3.282270809
1534,3.274169411
1535,3.267978518
1536,3.267690215
1537,3.267608148
1538,3.262232691
1539,3.270627609
1540,3.277742108
1541,3.284841133
1542,3.282810098
1543,3.282798792
1544,3.289031235
1545,3.283588406
1546,3.285512313
1547,3.290413051
1548,3.289600111
1549,3.286058816
1550,3.296303122
1551,3.298077627
1552,3.299594459
1553,3.301027822
1554,3.301412009
1555,3.29650285
1556,3.298691552
1557,3.298759212
1558,3.305821946
1559,3.305273967
1560,3.304475459
1561,3.306900876
1562,3.309755747
1563,3.311664891
1564,3.312092711
1565,3.311711499
1566,3.308929187
1567,3.308764962
1568,3.309001699
1569,3.312813942
1570,3.314699162
1571,3.313812401
1572,3.316553216
1573,3.315157619
1574,3.310729423
1575,3.315269015
1576,3.310036603
1577,3.311245116
1578,3.310053609
1579,3.314229678
1580,3.31856831
1581,3.318643405
1582,3.318215725
1583,3.321047206
1584,3.322384719
1585,3.322715328
1586,3.320453712
1587,3.320474497
1588,3.319686821
1589,3.320499386
1590,3.321215101
1591,3.317187612
1592,3.314983155
1593,3.318361796
1594,3.314577137
1595,3.311991094
1596,3.311887282
1597,3.313263826
1598,3.313590943
1599,3.318978959
1600,3.314806464
1601,3.31473286
1602,3.311035089
1603,3.315269015
1604,3.311162386
1605,3.311251485
1606,3.309638691
1607,3.312245092
1608,3.311338443
1609,3.317239913
1610,3.32025849
1611,3.320167086
1612,3.322024865
1613,3.321588065
1614,3.322080728
1615,3.323305741
1616,3.322039311
1617,3.324160982
1618,3.324720621
1619,3.326155574
1620,3.32540892
1621,3.321405796
1622,3.317867035
1623,3.317085086
1624,3.316284938
1625,3.317643451
1626,3.316226225
1627,3.31874139
1628,3.31991763
1629,3.319199772
1630,3.324965277
1631,3.309078441
1632,3.301147248
1633,3.308796964
1634,3.316131869
1635,3.321983493
1636,3.322828937
1637,3.319844887
1638,3.322163449
1639,3.321784763
1640,3.328359194
1641,3.329837019
1642,3.332870498
1643,3.332929023
1644,3.335207081
1645,3.334803457
1646,3.335836844
1647,3.335213108
1648,3.337063727
1649,3.335491985
1650,3.337465257
1651,3.336155417
1652,3.336295578
1653,3.335774745
1654,3.336471754
1655,3.337179645
1656,3.336627833
1657,3.333856191
1658,3.335215117
1659,3.335307426
1660,3.339027896
1661,3.33863374
1662,3.338802992
1663,3.337557089
1664,3.339608442
1665,3.339262586
1666,3.340473841
1667,3.338087765
1668,3.338898526
1669,3.339852759
1670,3.339226806
1671,3.338982089
1672,3.339828905
1673,3.337547098
1674,3.336953782
1675,3.336267569
1676,3.338532166
1677,3.337682864
1678,3.336649811
1679,3.336631838
1680,3.338452505
1681,3.339745505
1682,3.339681926
1683,3.338715409
1684,3.327932858
1685,3.334260696
1686,3.327771578
1687,3.327516278
1688,3.331884636
1689,3.330243251
1690,3.330235172
1691,3.330365067
1692,3.335080636
1693,3.337894323
1694,3.335395699
1695,3.331649974
1696,3.334439663
1697,3.336733857
1698,3.332666633
1699,3.336113365
1700,3.334694949
1701,3.332537425
1702,3.334399457
1703,3.334608546
1704,3.333193272
1705,3.335188999
1706,3.329749644
1707,3.330247316
1708,3.328899232
1709,3.328986779
1710,3.327665387
1711,3.330332609
1712,3.331283528
1713,3.330685647
1714,3.330649104
1715,3.332707049
1716,3.331054577
1717,3.330298068
1718,3.328999008
1719,3.327646988
1720,3.327593881
1721,3.324636327
1722,3.321793051
1723,3.319867731
1724,3.319143537
1725,3.328689416
1726,3.330324482
1727,3.335108722
1728,3.335955095
1729,3.335347548
1730,3.335297383
1731,3.33853416
1732,3.337846448
1733,3.339872635
1734,3.338834823
1735,3.342063239
1736,3.343002657
1737,3.343353436
1738,3.345050114
1739,3.342762082
1740,3.343341605
1741,3.342187715
1742,3.34065825
1743,3.340830634
1744,3.343351464
1745,3.344830274
1746,3.350509698
1747,3.351446478
1748,3.354018117
1749,3.353523855
1750,3.356354796
1751,3.352815168
1752,3.354498366
1753,3.353737414
1754,3.354594352
1755,3.356171237
1756,3.355102705
1757,3.354292872
1758,3.354836145
1759,3.355811504
1760,3.352167061
1761,3.352039662
1762,3.350021133
1763,3.353691254
1764,3.356169323
1765,3.355834496
1766,3.357359212
1767,3.355815336
1768,3.355815336
1769,3.357042497
1770,3.356110018
1771,3.356912652
1772,3.355621966
1773,3.356387279
1774,3.354816941
1775,3.356276424
1776,3.355106544
1777,3.357948193
1778,3.361419966
1779,3.361100476
1780,3.360724012
1781,3.358106227
1782,3.357719574
1783,3.357849132
1784,3.358096744
1785,3.361240383
1786,3.360320722
1787,3.360419221
1788,3.360720223
1789,3.363211364
1790,3.364757325
1791,3.367029612
1792,3.368766497
1793,3.370929236
1794,3.370553792
1795,3.371282168
1796,3.373900899
1797,3.373430651
1798,3.373612576
1799,3.374260652
1800,3.374702532
1801,3.373581311
1802,3.379479556
1803,3.376927157
1804,3.377145933
1805,3.375720308
1806,3.374453199
1807,3.373460042
1808,3.373807293
1809,3.375224544
1810,3.375383741
1811,3.373913764
1812,3.377535727
1813,3.376828681
1814,3.376257505
1815,3.375383741
1816,3.369961317
1817,3.370781309
1818,3.370320596
1819,3.369953898
1820,3.369510871
1821,3.372648783
1822,3.373119878
1823,3.374392713
1824,3.373412252
1825,3.3726985
1826,3.372941429
1827,3.37161269
1828,3.372449857
1829,3.372090491
1830,3.372389046
1831,3.371765874
1832,3.37012987
1833,3.367160156
1834,3.370884867
1835,3.369622111
1836,3.368876069
1837,3.372145808
1838,3.370825688
1839,3.375508137
1840,3.378145266
1841,3.377934276
1842,3.37817434
1843,3.377342675
1844,3.378094348
1845,3.378610439
1846,3.378057943
1847,3.378310674
1848,3.380082751
1849,3.380099013
1850,3.379653525
1851,3.380144262
1852,3.379203948
1853,3.378561394
1854,3.380630869
1855,3.380332451
1856,3.372365116
1857,3.373963336
1858,3.376892523
1859,3.379127778
1860,3.379925223
1861,3.381004894
1862,3.382929735
1863,3.383064585
1864,3.382541107
1865,3.3823413
1866,3.385617007
1867,3.387224277
1868,3.386695129
1869,3.385486527
1870,3.386167079
1871,3.386283109
1872,3.3859225
1873,3.38549722
1874,3.387452136
1875,3.387019436
1876,3.3860457
1877,3.386168866
1878,3.389778975
1879,3.386860881
1880,3.386607768
1881,3.386409779
1882,3.387087147
1883,3.387224277
1884,3.383704065
1885,3.387512611
1886,3.383761516
1887,3.38442688
1888,3.385429305
1889,3.386059997
1890,3.381971989
1891,3.384743966
1892,3.385146703
1893,3.384806656
1894,3.387967907
1895,3.388781267
1896,3.390806216
1897,3.390783235
1898,3.391042804
1899,3.393369866
1900,3.393303127
1901,3.393143333
1902,3.392681113
1903,3.393948778
1904,3.39407152
1905,3.393648882
1906,3.393066052
1907,3.392749707
1908,3.393812044
1909,3.394025946
1910,3.39307656
1911,3.393896213
1912,3.394610994
1913,3.393561152
1914,3.39340321
1915,3.387071101
1916,3.387624721
1917,3.391964909
1918,3.391748225
1919,3.39236453
1920,3.385608063
1921,3.38481024
1922,3.38531488
1923,3.389610789
1924,3.388108316
1925,3.387206453
1926,3.387932364
1927,3.388143845
1928,3.388509724
1929,3.390509447
1930,3.392986955
1931,3.393847109
1932,3.390555392
1933,3.39191206
1934,3.391834559
1935,3.391187477
1936,3.395869595
1937,3.397328088
1938,3.397656777
1939,3.397178478
1940,3.397979958
1941,3.398611797
1942,3.399093681
1943,3.399369088
1944,3.398044244
1945,3.398325486
1946,3.397359388
1947,3.397390729
1948,3.39916127
1949,3.399684113
1950,3.401290248
1951,3.402969456
1952,3.403906017
1953,3.404447123
1954,3.406892594
1955,3.40642607
1956,3.405641706
1957,3.406649148
1958,3.407431696
1959,3.40669853
1960,3.40707972
1961,3.407839397
1962,3.408131396
1963,3.408453669
1964,3.408596093
1965,3.410812644
1966,3.40908398
1967,3.409786061
1968,3.407756187
1969,3.408307802
1970,3.411799794
1971,3.410411104
1972,3.410821084
1973,3.411511979
1974,3.411594472
1975,3.412937436
1976,3.413489183
1977,3.413407049
1978,3.414033568
1979,3.41239672
1980,3.412006703
1981,3.41243368
1982,3.41142947
1983,3.409023045
1984,3.41256804
1985,3.411426098
1986,3.411979767
1987,3.414811297
1988,3.414485341
1989,3.415377375
1990,3.415210462
1991,3.419466692
1992,3.41930631
1993,3.422849105
1994,3.421968971
1995,3.421511784
1996,3.419884748
1997,3.419835189
1998,3.421106833
1999,3.423491631
2000,3.424880002
2001,3.42555217
2002,3.425346719
2003,3.423575159
2004,3.427455282
2005,3.429778097
2006,3.428372938
2007,3.428013239
2008,3.428874744
2009,3.428675719
2010,3.428215812
2011,3.428559177
2012,3.429354943
2013,3.427098074
2014,3.430689289
2015,3.433459408
2016,3.435205507
2017,3.438249541
2018,3.438970888
2019,3.439536376
2020,3.439053073
2021,3.442097054
2022,3.445018521
2023,3.443485152
2024,3.447554928
2025,3.446852371
2026,3.448752691
2027,3.452241971
2028,3.453185261
2029,3.452941998
2030,3.453203634
2031,3.458315992
2032,3.455382447
2033,3.450623169
2034,3.450835481
2035,3.450553928
2036,3.441244096
2037,3.423072112
2038,3.430581312
2039,3.4284037
2040,3.411788005
2041,3.4182267
2042,3.424228071
2043,3.425361372
2044,3.431143325
2045,3.436353496
2046,3.436515661
2047,3.43397134
2048,3.431577654
2049,3.432000256
2050,3.438906094
2051,3.443982318
2052,3.438428425
2053,3.433582652
2054,3.42775704
2055,3.429954043
2056,3.434718956
2057,3.435863488
2058,3.435653293
2059,3.437587271
2060,3.445069968
2061,3.44451633
2062,3.441743833
2063,3.439250562
2064,3.438910841
2065,3.439650009
2066,3.433436975
2067,3.434080038
2068,3.433278464
2069,3.422210519
2070,3.413007902
2071,3.424644841
2072,3.417076267
2073,3.415807728
2074,3.421747042
2075,3.411936034
2076,3.417380332
2077,3.422374763
2078,3.425345086
2079,3.415719354
2080,3.417165987
2081,3.424370324
2082,3.421964035
2083,3.425532589
2084,3.42427713
2085,3.427784639
2086,3.432390363
2087,3.43275127
2088,3.430257299
2089,3.426534015
2090,3.426558436
2091,3.420708103
2092,3.421505196
2093,3.426013236
2094,3.426496608
2095,3.422926189
2096,3.424031817
2097,3.42089102
2098,3.419911158
2099,3.425439644
2100,3.42693882
2101,3.426823438
2102,3.431008147
2103,3.435058816
2104,3.435799783
2105,3.436183309
2106,3.433201592
2107,3.434961501
2108,3.434589642
2109,3.433444987
2110,3.436641222
2111,3.435277239
2112,3.436685719
2113,3.435806158
2114,3.434781222
2115,3.429729694
2116,3.435208699
2117,3.43221062
2118,3.436897004
2119,3.438838125
2120,3.43914315
2121,3.442848073
2122,3.442537794
2123,3.44389324
2124,3.444357126
2125,3.445113609
2126,3.443361555
2127,3.444433611
2128,3.443991664
2129,3.443067315
2130,3.441316449
2131,3.442059393
2132,3.439294792
2133,3.440102668
2134,3.434100838
2135,3.43505722
2136,3.431304227
2137,3.433979342
2138,3.434308587
2139,3.435638945
2140,3.433485005
2141,3.437212927
2142,3.440880768
2143,3.444695737
2144,3.446201545
2145,3.443109591
2146,3.446892727
2147,3.447361181
2148,3.446914437
2149,3.448636773
2150,3.449574059
2151,3.447853894
2152,3.447441793
2153,3.448239315
2154,3.450310691
2155,3.454245588
2156,3.452926678
2157,3.450067355
2158,3.447561133
2159,3.449677379
2160,3.449225325
2161,3.4513596
2162,3.453371874
2163,3.454905794
2164,3.456130592
2165,3.456016627
2166,3.455390064
2167,3.4522895
2168,3.450546226
2169,3.453312217
2170,3.449998025
2171,3.453423833
2172,3.454864652
2173,3.455917848
2174,3.456815274
2175,3.456642325
2176,3.455907197
2177,3.458591009
2178,3.461909515
2179,3.462026445
2180,3.464495515
2181,3.462567173
2182,3.462625571
2183,3.461906514
2184,3.460687422
2185,3.459098342
2186,3.458136033
2187,3.458959468
2188,3.460580631
2189,3.460735504
2190,3.46302352
2191,3.463143144
2192,3.460717483
2193,3.463042979
2194,3.463586928
2195,3.466978774
2196,3.466818692
2197,3.465289158
2198,3.464721992
2199,3.463291122
2200,3.464489547
2201,3.464486564
2202,3.466065004
2203,3.465892689
2204,3.466201588
2205,3.462639055
2206,3.460231624
2207,3.460059994
2208,3.459443769
2209,3.444931216
2210,3.435903284
2211,3.442029544
2212,3.439457443
2213,3.448693943
2214,3.4485842
2215,3.442288454
2216,3.442131571
2217,3.440260285
2218,3.437859906
2219,3.424244438
2220,3.432258786
2221,3.424667692
2222,3.42180951
2223,3.428560758
2224,3.433248046
2225,3.437809223
2226,3.43505722
2227,3.437482622
2228,3.440192527
2229,3.4493071
2230,3.448216122
2231,3.444202552
2232,3.435560895
2233,3.434916828
2234,3.431617845
2235,3.436194455
2236,3.437158952
2237,3.429870118
2238,3.421914713
2239,3.423234391
2240,3.420378288
2241,3.427072058
2242,3.428486288
2243,3.438350875
2244,3.437401727
2245,3.440935819
2246,3.445661812
2247,3.431373425
2248,3.430711825
2249,3.420464067
2250,3.421228688
2251,3.421073901
2252,3.423421206
2253,3.423334369
2254,3.414964988
2255,3.405848154
2256,3.405885676
2257,3.399147398
2258,3.392243067
2259,3.383208386
2260,3.37127112
2261,3.392292352
2262,3.395995247
2263,3.395455699
2264,3.399128365
2265,3.399678917
2266,3.388791879
2267,3.4034534
2268,3.406487371
2269,3.410677699
2270,3.412453821
2271,3.414411725
2272,3.414348184
2273,3.412058846
2274,3.416690432
2275,3.417654357
2276,3.420938809
2277,3.426626726
2278,3.420434348
2279,3.421390009
2280,3.421987068
2281,3.425658102
2282,3.422236828
2283,3.421603927
2284,3.428304921
2285,3.432022764
2286,3.43241285
2287,3.435345806
2288,3.437385848
2289,3.436418711
2290,3.432335825
2291,3.432629396
2292,3.432937246
2293,3.438499626
2294,3.439810949
2295,3.438657826
2296,3.443356894
2297,3.444007303
2298,3.444778407
2299,3.443244188
2300,3.446019608
2301,3.446554269
2302,3.446210842
2303,3.445974501
2304,3.444745661
2305,3.447729983
2306,3.4460414
2307,3.445549703
2308,3.44270704
2309,3.43916367
2310,3.438236901
2311,3.444560027
2312,3.445840747
2313,3.448848474
2314,3.448471332
2315,3.45063087
2316,3.452237367
2317,3.452180662
2318,3.450900059
2319,3.45558784
2320,3.447268136
2321,3.446903601
2322,3.45001187
2323,3.447990167
2324,3.449546267
2325,3.452461124
2326,3.457456464
2327,3.457464045
2328,3.458396073
2329,3.459300476
2330,3.461309399
2331,3.461764068
2332,3.459120961
2333,3.460628761
2334,3.460645318
2335,3.463506267
2336,3.463232849
2337,3.463454004
2338,3.462465376
2339,3.463150626
2340,3.463589917
2341,3.46741273
2342,3.466459815
2343,3.466299542
2344,3.468329586
2345,3.468794693
2346,3.469207692
2347,3.465937261
2348,3.465013845
2349,3.469179653
2350,3.467233574
2351,3.460002793
2352,3.459305005
2353,3.457990831
2354,3.459603537
2355,3.448995256
2356,3.452462658
2357,3.454991118
2358,3.458837211
2359,3.456294662
2360,3.453353507
2361,3.457027617
2362,3.455799261
2363,3.450593941
2364,3.451181387
2365,3.447528558
2366,3.44451633
2367,3.44542673
2368,3.439657907
2369,3.438455315
2370,3.447664932
2371,3.451195194
2372,3.453851704
2373,3.458387032
2374,3.460406163
2375,3.460254185
2376,3.459368373
2377,3.461144208
2378,3.460443772
2379,3.460848237
2380,3.465048078
2381,3.466342587
2382,3.470436944
2383,3.469889725
2384,3.469136924
2385,3.464992984
2386,3.464456762
2387,3.466113981
2388,3.46860724
2389,3.471926561
2390,3.473196371
2391,3.476515726
2392,3.475730724
2393,3.473625623
2394,3.474162321
2395,3.476116884
2396,3.477108213
2397,3.479110108
2398,3.479186481
2399,3.477705717
2400,3.47485993
2401,3.476412793
2402,3.473721952
2403,3.474948704
2404,3.477912393
2405,3.479943672
2406,3.477652206
2407,3.480848846
2408,3.480146408
2409,3.479025066
2410,3.474271623
2411,3.470345806
2412,3.467171379
2413,3.454042578
2414,3.459659319
2415,3.459992241
2416,3.468065108
2417,3.465182004
2418,3.459799441
2419,3.466321826
2420,3.453410098
2421,3.454478999
2422,3.460699424
2423,3.465925366
2424,3.462474369
2425,3.46604122
2426,3.465821379
2427,3.454404263
2428,3.459148111
2429,3.457754754
2430,3.460588157
2431,3.466063517
2432,3.466342587
2433,3.463335962
2434,3.468019274
2435,3.473632927
2436,3.474028218
2437,3.473987388
2438,3.47412734
2439,3.477255855
2440,3.478504459
2441,3.478189736
2442,3.476825828
2443,3.477945624
2444,3.478094428
2445,3.478103103
2446,3.47597176
2447,3.475929659
2448,3.472259007
2449,3.474925438
2450,3.47386929
2451,3.471554268
2452,3.473740902
2453,3.468384259
2454,3.460538553
2455,3.463986984
2456,3.470117826
2457,3.468168559
2458,3.46135745
2459,3.465293589
2460,3.46807099
2461,3.472795932
2462,3.472193095
2463,3.47649541
2464,3.47562615
2465,3.476824378
2466,3.475118884
2467,3.478092982
2468,3.476540358
2469,3.477775102
2470,3.478608342
2471,3.480373501
2472,3.482790706
2473,3.482429046
2474,3.483839674
2475,3.482524874
2476,3.486701019
2477,3.488306713
2478,3.487791464
2479,3.488096448
2480,3.489280498
2481,3.490391164
2482,3.489538038
2483,3.490217024
2484,3.490525929
2485,3.4908893
2486,3.494218614
2487,3.494437076
2488,3.494179639
2489,3.492545278
2490,3.491857353
2491,3.492800889
2492,3.496049087
2493,3.497001566
2494,3.498810722
2495,3.497065168
2496,3.493300494
2497,3.490407995
2498,3.493145638
2499,3.493796701
2500,3.497746282
2501,3.496370509
2502,3.495893855
2503,3.497155019
2504,3.500863315
2505,3.500894836
2506,3.503988038
2507,3.504133629
2508,3.503945843
2509,3.505878184
2510,3.508020383
2511,3.508396382
2512,3.508311491
2513,3.510532935
2514,3.510547694
2515,3.50802983
2516,3.50930739
2517,3.512931097
2518,3.50985416
2519,3.51138598
2520,3.510166839
2521,3.512290745
2522,3.515171513
2523,3.513929751
2524,3.516948964
2525,3.516290712
2526,3.51710217
2527,3.520720602
2528,3.522394687
2529,3.521241418
2530,3.521366944
2531,3.521862181
2532,3.517917359
2533,3.511031293
2534,3.515375707
2535,3.514999065
2536,3.516358171
2537,3.508599742
2538,3.511739007
2539,3.518196669
2540,3.523055459
2541,3.524497385
2542,3.522145467
2543,3.525315682
2544,3.526048358
2545,3.528846019
2546,3.528137348
2547,3.528937247
2548,3.527667277
2549,3.52970618
2550,3.528045952
2551,3.523453805
2552,3.50864954
2553,3.495295895
2554,3.493651787
2555,3.474035515
2556,3.47044283
2557,3.489990802
2558,3.477608855
2559,3.495561004
2560,3.480573161
2561,3.473102886
2562,3.4387891
2563,3.459728631
2564,3.437969221
2565,3.394563724
2566,3.433132725
2567,3.37769408
2568,3.402981446
2569,3.379867307
2570,3.381907084
2571,3.362655842
2572,3.349743615
2573,3.388692548
2574,3.393673467
2575,3.419967319
2576,3.405084983
2577,3.419402191
2578,3.412391674
2579,3.392784858
2580,3.402588039
2581,3.395963805
2582,3.425482039
2583,3.424785283
2584,3.439329532
2585,3.445576194
2586,3.441165473
2587,3.454244061
2588,3.444569398
2589,3.447088236
2590,3.458571387
2591,3.450735479
2592,3.437204984
2593,3.447051005
2594,3.446816673
2595,3.452819531
2596,3.459163213