0.000,49.339
1.000,857.977
2.000,76.590
3.000,65.434
4.000,215.606
5.000,184.566
6.000,86.139
7.000,19.757
8.000,1.246
9.000,12.685
10.000,29.176
11.000,34.157
12.000,26.803
13.000,14.879
14.000,5.693
15.000,1.714
16.000,1.543
17.000,3.261
18.000,5.341
19.000,7.169
20.000,8.468
21.000,9.140
22.000,9.187
23.000,8.773
24.000,7.982
25.000,6.947
26.000,5.773
27.000,4.561
28.000,3.406
29.000,2.400
30.000,1.625
31.000,1.142
32.000,0.975
33.000,1.094
34.000,1.415
35.000,1.809
36.000,2.140
37.000,2.300
38.000,2.251
39.000,2.020
40.000,1.690
41.000,1.353
42.000,1.084
43.000,0.923
44.000,0.872
45.000,0.910
46.000,1.001
47.000,1.108
48.000,1.201
49.000,1.258
50.000,1.270
51.000,1.238
52.000,1.170
53.000,1.080
54.000,0.987
55.000,0.906
56.000,0.851
57.000,0.828
58.000,0.835
59.000,0.864
60.000,0.901
61.000,0.932
62.000,0.946
63.000,0.940
64.000,0.917
65.000,0.885
66.000,0.852
67.000,0.826
68.000,0.811
69.000,0.809
70.000,0.815
71.000,0.826
72.000,0.836
73.000,0.842
74.000,0.842
75.000,0.836
76.000,0.826
77.000,0.814
78.000,0.804
79.000,0.796
80.000,0.793
81.000,0.793
82.000,0.795
83.000,0.798
84.000,0.799
85.000,0.799
86.000,0.796
87.000,0.792
88.000,0.787
89.000,0.783
90.000,0.780
91.000,0.778
92.000,0.777
93.000,0.778
94.000,0.778
95.000,0.777
96.000,0.776
97.000,0.774
98.000,0.771
99.000,0.769
100.000,0.767
101.000,0.766
102.000,0.765
103.000,0.764
104.000,0.763
105.000,0.762
106.000,0.761
107.000,0.760
108.000,0.758
109.000,0.756
110.000,0.753
111.000,0.750
112.000,0.748
113.000,0.746
114.000,0.744
115.000,0.742
116.000,0.741
117.000,0.739
118.000,0.737
119.000,0.736
120.000,0.734
121.000,0.733
122.000,0.732
123.000,0.730
124.000,0.729
125.000,0.728
126.000,0.727
127.000,0.725
128.000,0.724
129.000,0.723
130.000,0.721
131.000,0.719
132.000,0.718
133.000,0.716
134.000,0.714
135.000,0.713
136.000,0.711
137.000,0.710
138.000,0.708
139.000,0.707
140.000,0.706
141.000,0.705
142.000,0.704
143.000,0.702
144.000,0.701
145.000,0.700
146.000,0.699
147.000,0.698
148.000,0.696
149.000,0.695
150.000,0.694
151.000,0.693
152.000,0.692
153.000,0.690
154.000,0.689
155.000,0.688
156.000,0.687
157.000,0.685
158.000,0.684
159.000,0.683
160.000,0.682
161.000,0.680
162.000,0.679
163.000,0.678
164.000,0.677
165.000,0.676
166.000,0.674
167.000,0.673
168.000,0.672
169.000,0.671
170.000,0.670
171.000,0.669
172.000,0.667
173.000,0.666
174.000,0.665
175.000,0.664
176.000,0.663
177.000,0.662
178.000,0.661
179.000,0.660
180.000,0.658
181.000,0.657
182.000,0.656
183.000,0.655
184.000,0.654
185.000,0.653
186.000,0.652
187.000,0.651
188.000,0.650
189.000,0.649
190.000,0.648
191.000,0.647
192.000,0.645
193.000,0.644
194.000,0.643
195.000,0.642
196.000,0.641
197.000,0.640
198.000,0.639
199.000,0.638
200.000,0.637
201.000,0.636
202.000,0.635
203.000,0.634
204.000,0.633
205.000,0.631
206.000,0.630
207.000,0.629
208.000,0.628
209.000,0.627
210.000,0.626
211.000,0.625
212.000,0.624
213.000,0.623
214.000,0.622
215.000,0.620
216.000,0.619
217.000,0.618
218.000,0.617
219.000,0.616
220.000,0.615
221.000,0.614
222.000,0.613
223.000,0.611
224.000,0.610
225.000,0.609
226.000,0.608
227.000,0.607
228.000,0.606
229.000,0.604
230.000,0.603
231.000,0.602
232.000,0.601
233.000,0.600
234.000,0.599
235.000,0.597
236.000,0.596
237.000,0.595
238.000,0.594
239.000,0.592
240.000,0.591
241.000,0.590
242.000,0.589
243.000,0.587
244.000,0.586
245.000,0.585
246.000,0.583
247.000,0.582
248.000,0.581
249.000,0.580
250.000,0.578
251.000,0.577
252.000,0.576
253.000,0.574
254.000,0.573
255.000,0.571
256.000,0.570
257.000,0.569
258.000,0.567
259.000,0.566
260.000,0.565
261.000,0.563
262.000,0.562
263.000,0.560
264.000,0.559
265.000,0.557
266.000,0.556
267.000,0.554
268.000,0.553
269.000,0.551
270.000,0.550
271.000,0.548
272.000,0.547
273.000,0.545
274.000,0.544
275.000,0.542
276.000,0.541
277.000,0.539
278.000,0.538
279.000,0.536
280.000,0.535
281.000,0.533
282.000,0.531
283.000,0.530
284.000,0.528
285.000,0.526
286.000,0.525
287.000,0.523
288.000,0.521
289.000,0.520
290.000,0.518
291.000,0.516
292.000,0.515
293.000,0.513
294.000,0.511
295.000,0.510
296.000,0.508
297.000,0.506
298.000,0.504
299.000,0.502
300.000,0.501
301.000,0.499
302.000,0.497
303.000,0.495
304.000,0.493
305.000,0.492
306.000,0.490
307.000,0.488
308.000,0.486
309.000,0.484
310.000,0.482
311.000,0.480
312.000,0.478
313.000,0.476
314.000,0.475
315.000,0.473
316.000,0.471
317.000,0.469
318.000,0.467
319.000,0.465
320.000,0.463
321.000,0.461
322.000,0.459
323.000,0.457
324.000,0.455
325.000,0.453
326.000,0.451
327.000,0.449
328.000,0.447
329.000,0.445
330.000,0.443
331.000,0.440
332.000,0.438
333.000,0.436
334.000,0.434
335.000,0.432
336.000,0.430
337.000,0.428
338.000,0.426
339.000,0.424
340.000,0.421
341.000,0.419
342.000,0.417
343.000,0.415
344.000,0.413
345.000,0.411
346.000,0.408
347.000,0.406
348.000,0.404
349.000,0.402
350.000,0.400
351.000,0.398
352.000,0.395
353.000,0.393
354.000,0.391
355.000,0.389
356.000,0.386
357.000,0.384
358.000,0.382
359.000,0.380
360.000,0.378
361.000,0.375
362.000,0.373
363.000,0.371
364.000,0.369
365.000,0.366
366.000,0.364
367.000,0.362
368.000,0.360
369.000,0.357
370.000,0.355
371.000,0.353
372.000,0.351
373.000,0.348
374.000,0.346
375.000,0.344
376.000,0.342
377.000,0.340
378.000,0.337
379.000,0.335
380.000,0.333
381.000,0.331
382.000,0.328
383.000,0.326
384.000,0.324
385.000,0.322
386.000,0.320
387.000,0.317
388.000,0.315
389.000,0.313
390.000,0.312
391.000,0.314
392.000,0.337
393.000,0.500
394.000,0.979
395.000,3.639
396.000,0.665
397.000,4.832
398.000,0.635
399.000,2.109
400.000,1.809
401.000,0.582
402.000,1.811
403.000,1.501
404.000,0.698
405.000,1.188
406.000,1.263
407.000,0.771
408.000,0.869
409.000,1.161
410.000,0.864
411.000,0.663
412.000,0.934
413.000,0.955
414.000,0.668
415.000,0.686
416.000,0.873
417.000,0.779
418.000,0.620
419.000,0.704
420.000,0.785
421.000,0.681
422.000,0.624
423.000,0.698
424.000,0.708
425.000,0.624
426.000,0.654
427.000,0.693
428.000,0.542
429.000,0.608
430.000,0.657
431.000,0.548
432.000,0.571
433.000,0.627
434.000,0.574
435.000,0.544
436.000,0.589
437.000,0.576
438.000,0.533
439.000,0.553
440.000,0.558
441.000,0.519
442.000,0.536
443.000,0.542
444.000,0.509
445.000,0.535
446.000,0.523
447.000,0.504
448.000,0.525
449.000,0.503
450.000,0.503
451.000,0.511
452.000,0.495
453.000,0.496
454.000,0.499
455.000,0.486
456.000,0.489
457.000,0.486
458.000,0.477
459.000,0.482
460.000,0.472
461.000,0.472
462.000,0.469
463.000,0.461
464.000,0.463
465.000,0.455
466.000,0.453
467.000,0.450
468.000,0.444
469.000,0.443
470.000,0.436
471.000,0.435
472.000,0.432
473.000,0.430
474.000,0.428
475.000,0.424
476.000,0.422
477.000,0.419
478.000,0.417
479.000,0.414
480.000,0.411
481.000,0.408
482.000,0.405
483.000,0.403
484.000,0.400
485.000,0.397
486.000,0.394
487.000,0.392
488.000,0.389
489.000,0.386
490.000,0.383
491.000,0.381
492.000,0.378
493.000,0.376
494.000,0.373
495.000,0.371
496.000,0.368
497.000,0.365
498.000,0.363
499.000,0.360
500.000,0.358
501.000,0.355
502.000,0.352
503.000,0.350
504.000,0.348
505.000,0.345
506.000,0.343
507.000,0.340
508.000,0.338
509.000,0.335
510.000,0.333
511.000,0.330
512.000,0.328
513.000,0.325
514.000,0.323
515.000,0.321
516.000,0.318
517.000,0.316
518.000,0.313
519.000,0.311
520.000,0.308
521.000,0.306
522.000,0.304
523.000,0.301
524.000,0.299
525.000,0.297
526.000,0.295
527.000,0.293
528.000,0.294
529.000,0.300
530.000,0.339
531.000,0.453
532.000,1.151
533.000,0.625
534.000,0.461
535.000,0.340
536.000,0.546
537.000,0.459
538.000,0.417
539.000,0.513
540.000,0.351
541.000,0.452
542.000,0.355
543.000,0.392
544.000,0.411
545.000,0.320
546.000,0.449
547.000,0.508
548.000,0.292
549.000,0.536
550.000,1.057
551.000,0.290
552.000,1.178
553.000,1.988
554.000,0.809
555.000,1.612
556.000,0.602
557.000,0.987
558.000,0.926
559.000,0.575
560.000,1.060
561.000,0.511
562.000,0.796
563.000,0.729
564.000,0.503
565.000,0.786
566.000,0.533
567.000,0.582
568.000,0.674
569.000,0.476
570.000,0.610
571.000,0.568
572.000,0.473
573.000,0.585
574.000,0.491
575.000,0.476
576.000,0.536
577.000,0.441
578.000,0.476
579.000,0.474
580.000,0.402
581.000,0.448
582.000,0.391
583.000,0.428
584.000,0.407
585.000,0.412
586.000,0.405
587.000,0.395
588.000,0.407
589.000,0.388
590.000,0.404
591.000,0.389
592.000,0.391
593.000,0.389
594.000,0.377
595.000,0.384
596.000,0.370
597.000,0.377
598.000,0.367
599.000,0.373
600.000,0.362
601.000,0.364
602.000,0.356
603.000,0.357
604.000,0.350
605.000,0.350
606.000,0.345
607.000,0.343
608.000,0.339
609.000,0.335
610.000,0.332
611.000,0.328
612.000,0.325
613.000,0.322
614.000,0.317
615.000,0.315
616.000,0.309
617.000,0.306
618.000,0.302
619.000,0.298
620.000,0.294
621.000,0.289
622.000,0.286
623.000,0.280
624.000,0.275
625.000,0.271
626.000,0.266
627.000,0.263
628.000,0.262
629.000,0.261
630.000,0.258
631.000,0.253
632.000,0.249
633.000,0.246
634.000,0.244
635.000,0.242
636.000,0.239
637.000,0.236
638.000,0.233
639.000,0.230
640.000,0.227
641.000,0.225
642.000,0.222
643.000,0.219
644.000,0.216
645.000,0.214
646.000,0.212
647.000,0.210
648.000,0.212
649.000,0.230
650.000,0.348
651.000,0.781
652.000,3.888
653.000,0.887
654.000,0.485
655.000,1.067
656.000,0.388
657.000,1.024
658.000,0.400
659.000,0.863
660.000,0.416
661.000,0.758
662.000,0.439
663.000,0.643
664.000,0.477
665.000,0.541
666.000,0.509
667.000,0.456
668.000,0.520
669.000,0.400
670.000,0.514
671.000,0.377
672.000,0.482
673.000,0.366
674.000,0.443
675.000,0.368
676.000,0.398
677.000,0.373
678.000,0.378
679.000,0.377
680.000,0.362
681.000,0.369
682.000,0.343
683.000,0.366
684.000,0.331
685.000,0.357
686.000,0.323
687.000,0.345
688.000,0.317
689.000,0.330
690.000,0.309
691.000,0.318
692.000,0.299
693.000,0.306
694.000,0.288
695.000,0.295
696.000,0.277
697.000,0.284
698.000,0.271
699.000,0.276
700.000,0.275
701.000,0.263
702.000,0.269
703.000,0.259
704.000,0.254
705.000,0.258
706.000,0.248
707.000,0.248
708.000,0.245
709.000,0.237
710.000,0.236
711.000,0.231
712.000,0.226
713.000,0.226
714.000,0.223
715.000,0.218
716.000,0.216
717.000,0.214
718.000,0.211
719.000,0.207
720.000,0.204
721.000,0.203
722.000,0.200
723.000,0.197
724.000,0.193
725.000,0.191
726.000,0.189
727.000,0.188
728.000,0.187
729.000,0.187
730.000,0.192
731.000,0.205
732.000,0.254
733.000,0.336
734.000,0.688
735.000,0.708
736.000,1.034
737.000,0.344
738.000,0.291
739.000,0.683
740.000,0.336
741.000,0.253
742.000,0.448
743.000,0.275
744.000,0.258
745.000,0.383
746.000,0.253
747.000,0.223
748.000,0.314
749.000,0.326
750.000,0.451
751.000,0.270
752.000,0.257
753.000,0.367
754.000,0.245
755.000,0.248
756.000,0.341
757.000,0.239
758.000,0.232
759.000,0.295
760.000,0.220
761.000,0.224
762.000,0.271
763.000,0.211
764.000,0.199
765.000,0.243
766.000,0.226
767.000,0.195
768.000,0.179
769.000,0.194
770.000,0.237
771.000,0.279
772.000,0.422
773.000,0.484
774.000,0.968
775.000,0.649
776.000,0.556
777.000,0.199
778.000,0.407
779.000,0.575
780.000,0.211
781.000,0.477
782.000,0.486
783.000,0.240
784.000,0.548
785.000,0.335
786.000,0.322
787.000,0.454
788.000,0.225
789.000,0.358
790.000,0.291
791.000,0.221
792.000,0.324
793.000,0.214
794.000,0.229
795.000,0.312
796.000,0.220
797.000,0.191
798.000,0.257
799.000,0.276
800.000,0.267
801.000,0.195
802.000,0.189
803.000,0.230
804.000,0.214
805.000,0.183
806.000,0.189
807.000,0.205
808.000,0.194
809.000,0.174
810.000,0.184
811.000,0.202
812.000,0.194
813.000,0.182
814.000,0.169
815.000,0.162
816.000,0.161
817.000,0.165
818.000,0.175
819.000,0.196
820.000,0.261
821.000,0.350
822.000,0.667
823.000,0.597
824.000,0.531
825.000,0.206
826.000,0.380
827.000,0.509
828.000,0.224
829.000,0.385
830.000,0.448
831.000,0.215
832.000,0.391
833.000,0.405
834.000,0.205
835.000,0.379
836.000,0.409
837.000,0.196
838.000,0.347
839.000,0.451
840.000,0.201
841.000,0.294
842.000,0.485
843.000,0.232
844.000,0.219
845.000,0.398
846.000,0.264
847.000,0.174
848.000,0.243
849.000,0.268
850.000,0.227
851.000,0.171
852.000,0.210
853.000,0.272
854.000,0.227
855.000,0.179
856.000,0.171
857.000,0.202
858.000,0.235
859.000,0.211
860.000,0.184
861.000,0.164
862.000,0.169
863.000,0.189
864.000,0.200
865.000,0.210
866.000,0.200
867.000,0.209
868.000,0.210
869.000,0.256
870.000,0.272
871.000,0.353
872.000,0.298
873.000,0.252
874.000,0.171
875.000,0.173
876.000,0.232
877.000,0.236
878.000,0.207
879.000,0.160
880.000,0.150
881.000,0.175
882.000,0.228
883.000,0.385
884.000,0.657
885.000,1.969
886.000,1.508
887.000,0.420
888.000,0.616
889.000,0.801
890.000,0.256
891.000,0.693
892.000,0.315
893.000,0.466
894.000,0.598
895.000,0.290
896.000,0.666
897.000,0.413
898.000,0.426
899.000,0.476
900.000,0.328
901.000,0.484
902.000,0.284
903.000,0.470
904.000,0.270
905.000,0.424
906.000,0.276
907.000,0.386
908.000,0.297
909.000,0.335
910.000,0.311
911.000,0.294
912.000,0.316
913.000,0.270
914.000,0.312
915.000,0.253
916.000,0.299
917.000,0.244
918.000,0.283
919.000,0.246
920.000,0.251
921.000,0.264
922.000,0.229
923.000,0.247
924.000,0.246
925.000,0.223
926.000,0.225
927.000,0.228
928.000,0.213
929.000,0.215
930.000,0.215
931.000,0.205
932.000,0.206
933.000,0.204
934.000,0.196
935.000,0.195
936.000,0.195
937.000,0.189
938.000,0.185
939.000,0.186
940.000,0.185
941.000,0.181
942.000,0.176
943.000,0.173
944.000,0.171
945.000,0.172
946.000,0.174
947.000,0.181
948.000,0.192
949.000,0.229
950.000,0.250
951.000,0.298
952.000,0.254
953.000,0.220
954.000,0.172
955.000,0.167
956.000,0.197
957.000,0.216
958.000,0.228
959.000,0.210
960.000,0.217
961.000,0.235
962.000,0.418
963.000,0.710
964.000,2.473
965.000,1.848
966.000,0.722
967.000,0.370
968.000,1.177
969.000,0.528
970.000,0.461
971.000,0.968
972.000,0.360
973.000,0.499
974.000,0.610
975.000,0.246
976.000,0.576
977.000,0.292
978.000,0.417
979.000,0.414
980.000,0.273
981.000,0.465
982.000,0.264
983.000,0.340
984.000,0.360
985.000,0.233
986.000,0.326
987.000,0.283
988.000,0.240
989.000,0.299
990.000,0.242
991.000,0.260
992.000,0.275
993.000,0.231
994.000,0.271
995.000,0.245
996.000,0.235
997.000,0.260
998.000,0.227
999.000,0.229
1000.000,0.244
1001.000,0.219
1002.000,0.218
1003.000,0.233
1004.000,0.220
1005.000,0.204
1006.000,0.216
1007.000,0.216
1008.000,0.200
1009.000,0.197
1010.000,0.205
1011.000,0.199
1012.000,0.186
1013.000,0.185
1014.000,0.189
1015.000,0.188
1016.000,0.180
1017.000,0.173
1018.000,0.170
1019.000,0.171
1020.000,0.173
1021.000,0.176
1022.000,0.179
1023.000,0.177
1024.000,0.186
1025.000,0.201
1026.000,0.252
1027.000,0.307
1028.000,0.467
1029.000,0.424
1030.000,0.382
1031.000,0.208
1032.000,0.193
1033.000,0.313
1034.000,0.304
1035.000,0.212
1036.000,0.159
1037.000,0.214
1038.000,0.306
1039.000,0.332
1040.000,0.425
1041.000,0.424
1042.000,0.574
1043.000,0.444
1044.000,0.688
1045.000,0.846
1046.000,1.080
1047.000,0.508
1048.000,0.178
1049.000,0.433
1050.000,0.556
1051.000,0.367
1052.000,0.177
1053.000,0.396
1054.000,0.642
1055.000,0.308
1056.000,0.174
1057.000,0.339
1058.000,0.342
1059.000,0.237
1060.000,0.170
1061.000,0.264
1062.000,0.312
1063.000,0.185
1064.000,0.181
1065.000,0.273
1066.000,0.241
1067.000,0.181
1068.000,0.155
1069.000,0.195
1070.000,0.219
1071.000,0.176
1072.000,0.148
1073.000,0.167
1074.000,0.197
1075.000,0.221
1076.000,0.195
1077.000,0.164
1078.000,0.142
1079.000,0.148
1080.000,0.166
1081.000,0.170
1082.000,0.163
1083.000,0.147
1084.000,0.136
1085.000,0.132
1086.000,0.134
1087.000,0.143
1088.000,0.164
1089.000,0.250
1090.000,0.384
1091.000,0.892
1092.000,0.849
1093.000,0.602
1094.000,0.170
1095.000,0.362
1096.000,0.709
1097.000,0.391
1098.000,0.157
1099.000,0.303
1100.000,0.452
1101.000,0.461
1102.000,0.201
1103.000,0.200
1104.000,0.400
1105.000,0.335
1106.000,0.204
1107.000,0.166
1108.000,0.268
1109.000,0.339
1110.000,0.211
1111.000,0.153
1112.000,0.205
1113.000,0.253
1114.000,0.248
1115.000,0.172
1116.000,0.144
1117.000,0.174
1118.000,0.213
1119.000,0.231
1120.000,0.190
1121.000,0.149
1122.000,0.134
1123.000,0.150
1124.000,0.181
1125.000,0.204
1126.000,0.236
1127.000,0.236
1128.000,0.271
1129.000,0.256
1130.000,0.253
1131.000,0.189
1132.000,0.143
1133.000,0.130
1134.000,0.153
1135.000,0.185
1136.000,0.191
1137.000,0.196
1138.000,0.183
1139.000,0.193
1140.000,0.204
1141.000,0.284
1142.000,0.399
1143.000,0.829
1144.000,0.983
1145.000,1.317
1146.000,0.552
1147.000,0.205
1148.000,0.703
1149.000,0.571
1150.000,0.188
1151.000,0.451
1152.000,0.464
1153.000,0.186
1154.000,0.345
1155.000,0.373
1156.000,0.185
1157.000,0.275
1158.000,0.312
1159.000,0.184
1160.000,0.218
1161.000,0.263
1162.000,0.177
1163.000,0.183
1164.000,0.234
1165.000,0.189
1166.000,0.149
1167.000,0.202
1168.000,0.281
1169.000,0.238
1170.000,0.200
1171.000,0.151
1172.000,0.171
1173.000,0.197
1174.000,0.159
1175.000,0.155
1176.000,0.180
1177.000,0.160
1178.000,0.141
1179.000,0.153
1180.000,0.166
1181.000,0.167
1182.000,0.151
1183.000,0.142
1184.000,0.132
1185.000,0.128
1186.000,0.128
1187.000,0.130
1188.000,0.132
1189.000,0.131
1190.000,0.129
1191.000,0.127
1192.000,0.129
1193.000,0.135
1194.000,0.171
1195.000,0.247
1196.000,0.583
1197.000,0.746
1198.000,0.889
1199.000,0.365
1200.000,0.167
1201.000,0.496
1202.000,0.528
1203.000,0.244
1204.000,0.163
1205.000,0.382
1206.000,0.488
1207.000,0.238
1208.000,0.131
1209.000,0.251
1210.000,0.355
1211.000,0.393
1212.000,0.221
1213.000,0.129
1214.000,0.171
1215.000,0.243
1216.000,0.271
1217.000,0.181
1218.000,0.128
1219.000,0.158
1220.000,0.207
1221.000,0.237
1222.000,0.185
1223.000,0.139
1224.000,0.123
1225.000,0.141
1226.000,0.172
1227.000,0.177
1228.000,0.174
1229.000,0.148
1230.000,0.128
1231.000,0.116
1232.000,0.115
1233.000,0.123
1234.000,0.141
1235.000,0.185
1236.000,0.264
1237.000,0.578
1238.000,0.920
1239.000,2.110
1240.000,1.512
1241.000,0.364
1242.000,0.407
1243.000,1.014
1244.000,0.445
1245.000,0.288
1246.000,0.753
1247.000,0.347
1248.000,0.281
1249.000,0.584
1250.000,0.247
1251.000,0.287
1252.000,0.465
1253.000,0.219
1254.000,0.229
1255.000,0.423
1256.000,0.408
1257.000,0.162
1258.000,0.363
1259.000,0.348
1260.000,0.176
1261.000,0.369
1262.000,0.272
1263.000,0.196
1264.000,0.342
1265.000,0.221
1266.000,0.205
1267.000,0.294
1268.000,0.183
1269.000,0.208
1270.000,0.252
1271.000,0.170
1272.000,0.183
1273.000,0.231
1274.000,0.191
1275.000,0.149
1276.000,0.196
1277.000,0.229
1278.000,0.163
1279.000,0.150
1280.000,0.194
1281.000,0.179
1282.000,0.141
1283.000,0.149
1284.000,0.170
1285.000,0.160
1286.000,0.133
1287.000,0.133
1288.000,0.155
1289.000,0.168
1290.000,0.185
1291.000,0.167
1292.000,0.146
1293.000,0.124
1294.000,0.121
1295.000,0.133
1296.000,0.144
1297.000,0.153
1298.000,0.154
1299.000,0.178
1300.000,0.209
1301.000,0.355
1302.000,0.417
1303.000,0.535
1304.000,0.277
1305.000,0.152
1306.000,0.322
1307.000,0.325
1308.000,0.170
1309.000,0.202
1310.000,0.290
1311.000,0.211
1312.000,0.148
1313.000,0.222
1314.000,0.231
1315.000,0.145
1316.000,0.143
1317.000,0.198
1318.000,0.205
1319.000,0.202
1320.000,0.180
1321.000,0.205
1322.000,0.265
1323.000,0.617
1324.000,0.751
1325.000,0.819
1326.000,0.248
1327.000,0.276
1328.000,0.638
1329.000,0.322
1330.000,0.165
1331.000,0.443
1332.000,0.350
1333.000,0.137
1334.000,0.231
1335.000,0.354
1336.000,0.301
1337.000,0.136
1338.000,0.182
1339.000,0.335
1340.000,0.285
1341.000,0.173
1342.000,0.130
1343.000,0.208
1344.000,0.270
1345.000,0.183
1346.000,0.126
1347.000,0.168
1348.000,0.203
1349.000,0.176
1350.000,0.127
1351.000,0.139
1352.000,0.179
1353.000,0.173
1354.000,0.145
1355.000,0.119
1356.000,0.122
1357.000,0.147
1358.000,0.164
1359.000,0.180
1360.000,0.165
1361.000,0.149
1362.000,0.125
1363.000,0.111
1364.000,0.109
1365.000,0.114
1366.000,0.128
1367.000,0.148
1368.000,0.202
1369.000,0.289
1370.000,0.589
1371.000,0.844
1372.000,1.686
1373.000,1.105
1374.000,0.257
1375.000,0.374
1376.000,0.813
1377.000,0.400
1378.000,0.222
1379.000,0.595
1380.000,0.376
1381.000,0.196
1382.000,0.470
1383.000,0.311
1384.000,0.192
1385.000,0.389
1386.000,0.245
1387.000,0.190
1388.000,0.324
1389.000,0.194
1390.000,0.183
1391.000,0.275
1392.000,0.179
1393.000,0.152
1394.000,0.255
1395.000,0.288
1396.000,0.163
1397.000,0.150
1398.000,0.225
1399.000,0.195
1400.000,0.135
1401.000,0.159
1402.000,0.183
1403.000,0.148
1404.000,0.132
1405.000,0.161
1406.000,0.161
1407.000,0.127
1408.000,0.127
1409.000,0.152
1410.000,0.155
1411.000,0.141
1412.000,0.120
1413.000,0.111
1414.000,0.115
1415.000,0.125
1416.000,0.140
1417.000,0.147
1418.000,0.162
1419.000,0.160
1420.000,0.162
1421.000,0.142
1422.000,0.125
1423.000,0.108
1424.000,0.099
1425.000,0.097
1426.000,0.100
1427.000,0.116
1428.000,0.175
1429.000,0.539
1430.000,1.289
1431.000,4.176
1432.000,2.857
1433.000,0.232
1434.000,1.426
1435.000,1.893
1436.000,0.378
1437.000,0.712
1438.000,1.197
1439.000,0.222
1440.000,0.689
1441.000,0.661
1442.000,0.195
1443.000,0.634
1444.000,0.276
1445.000,0.371
1446.000,0.471
1447.000,0.214
1448.000,0.485
1449.000,0.255
1450.000,0.341
1451.000,0.341
1452.000,0.231
1453.000,0.362
1454.000,0.214
1455.000,0.323
1456.000,0.260
1457.000,0.249
1458.000,0.295
1459.000,0.208
1460.000,0.279
1461.000,0.218
1462.000,0.236
1463.000,0.245
1464.000,0.201
1465.000,0.248
1466.000,0.207
1467.000,0.209
1468.000,0.227
1469.000,0.188
1470.000,0.205
1471.000,0.204
1472.000,0.179
1473.000,0.195
1474.000,0.187
1475.000,0.172
1476.000,0.183
1477.000,0.175
1478.000,0.165
1479.000,0.171
1480.000,0.166
1481.000,0.157
1482.000,0.159
1483.000,0.160
1484.000,0.152
1485.000,0.145
1486.000,0.146
1487.000,0.146
1488.000,0.141
1489.000,0.135
1490.000,0.133
1491.000,0.133
1492.000,0.133
1493.000,0.130
1494.000,0.126
1495.000,0.122
1496.000,0.121
1497.000,0.120
1498.000,0.120
1499.000,0.121
1500.000,0.124
1501.000,0.130
1502.000,0.142
1503.000,0.175
1504.000,0.224
1505.000,0.371
1506.000,0.478
1507.000,0.788
1508.000,0.547
1509.000,0.259
1510.000,0.168
1511.000,0.367
1512.000,0.366
1513.000,0.171
1514.000,0.245
1515.000,0.344
1516.000,0.197
1517.000,0.162
1518.000,0.265
1519.000,0.226
1520.000,0.134
1521.000,0.138
1522.000,0.208
1523.000,0.272
1524.000,0.236
1525.000,0.209
1526.000,0.156
1527.000,0.123
1528.000,0.111
1529.000,0.121
1530.000,0.146
1531.000,0.170
1532.000,0.203
1533.000,0.207
1534.000,0.222
1535.000,0.182
1536.000,0.146
1537.000,0.112
1538.000,0.111
1539.000,0.135
1540.000,0.149
1541.000,0.148
1542.000,0.126
1543.000,0.108
1544.000,0.098
1545.000,0.099
1546.000,0.111
1547.000,0.142
1548.000,0.255
1549.000,0.530
1550.000,1.577
1551.000,2.193
1552.000,2.275
1553.000,0.248
1554.000,1.480
1555.000,1.447
1556.000,0.246
1557.000,1.428
1558.000,0.574
1559.000,0.579
1560.000,0.967
1561.000,0.216
1562.000,0.854
1563.000,0.291
1564.000,0.575
1565.000,0.457
1566.000,0.335
1567.000,0.550
1568.000,0.203
1569.000,0.481
1570.000,0.223
1571.000,0.381
1572.000,0.332
1573.000,0.267
1574.000,0.377
1575.000,0.209
1576.000,0.341
1577.000,0.212
1578.000,0.301
1579.000,0.234
1580.000,0.254
1581.000,0.249
1582.000,0.216
1583.000,0.255
1584.000,0.197
1585.000,0.250
1586.000,0.195
1587.000,0.219
1588.000,0.208
1589.000,0.186
1590.000,0.213
1591.000,0.184
1592.000,0.193
1593.000,0.194
1594.000,0.170
1595.000,0.190
1596.000,0.176
1597.000,0.167
1598.000,0.180
1599.000,0.165
1600.000,0.161
1601.000,0.169
1602.000,0.157
1603.000,0.152
1604.000,0.159
1605.000,0.153
1606.000,0.143
1607.000,0.149
1608.000,0.149
1609.000,0.139
1610.000,0.137
1611.000,0.141
1612.000,0.138
1613.000,0.131
1614.000,0.128
1615.000,0.130
1616.000,0.130
1617.000,0.127
1618.000,0.122
1619.000,0.120
1620.000,0.120
1621.000,0.120
1622.000,0.119
1623.000,0.118
1624.000,0.116
1625.000,0.114
1626.000,0.111
1627.000,0.109
1628.000,0.107
1629.000,0.106
1630.000,0.104
1631.000,0.103
1632.000,0.103
1633.000,0.102
1634.000,0.104
1635.000,0.114
1636.000,0.145
1637.000,0.301
1638.000,0.602
1639.000,1.882
1640.000,1.341
1641.000,0.394
1642.000,0.366
1643.000,0.901
1644.000,0.394
1645.000,0.304
1646.000,0.690
1647.000,0.310
1648.000,0.269
1649.000,0.495
1650.000,0.447
1651.000,0.162
1652.000,0.237
1653.000,0.477
1654.000,0.358
1655.000,0.244
1656.000,0.129
1657.000,0.198
1658.000,0.299
1659.000,0.211
1660.000,0.136
1661.000,0.183
1662.000,0.227
1663.000,0.177
1664.000,0.131
1665.000,0.163
1666.000,0.208
1667.000,0.172
1668.000,0.130
1669.000,0.137
1670.000,0.165
1671.000,0.168
1672.000,0.134
1673.000,0.122
1674.000,0.137
1675.000,0.148
1676.000,0.138
1677.000,0.120
1678.000,0.114
1679.000,0.124
1680.000,0.134
1681.000,0.137
1682.000,0.129
1683.000,0.120
1684.000,0.111
1685.000,0.104
1686.000,0.101
1687.000,0.101
1688.000,0.103
1689.000,0.108
1690.000,0.121
1691.000,0.151
1692.000,0.239
1693.000,0.424
1694.000,1.087
1695.000,1.504
1696.000,2.265
1697.000,1.008
1698.000,0.180
1699.000,1.034
1700.000,1.051
1701.000,0.217
1702.000,0.563
1703.000,0.781
1704.000,0.214
1705.000,0.420
1706.000,0.554
1707.000,0.172
1708.000,0.371
1709.000,0.382
1710.000,0.146
1711.000,0.311
1712.000,0.296
1713.000,0.143
1714.000,0.218
1715.000,0.303
1716.000,0.279
1717.000,0.145
1718.000,0.224
1719.000,0.256
1720.000,0.148
1721.000,0.222
1722.000,0.220
1723.000,0.148
1724.000,0.221
1725.000,0.190
1726.000,0.148
1727.000,0.209
1728.000,0.175
1729.000,0.140
1730.000,0.190
1731.000,0.178
1732.000,0.129
1733.000,0.161
1734.000,0.193
1735.000,0.147
1736.000,0.122
1737.000,0.148
1738.000,0.161
1739.000,0.145
1740.000,0.117
1741.000,0.122
1742.000,0.140
1743.000,0.133
1744.000,0.114
1745.000,0.109
1746.000,0.119
1747.000,0.133
1748.000,0.130
1749.000,0.123
1750.000,0.110
1751.000,0.101
1752.000,0.099
1753.000,0.102
1754.000,0.108
1755.000,0.115
1756.000,0.133
1757.000,0.157
1758.000,0.238
1759.000,0.318
1760.000,0.550
1761.000,0.461
1762.000,0.276
1763.000,0.128
1764.000,0.255
1765.000,0.345
1766.000,0.189
1767.000,0.146
1768.000,0.258
1769.000,0.236
1770.000,0.134
1771.000,0.132
1772.000,0.212
1773.000,0.269
1774.000,0.206
1775.000,0.147
1776.000,0.102
1777.000,0.102
1778.000,0.140
1779.000,0.196
1780.000,0.352
1781.000,0.511
1782.000,1.068
1783.000,0.771
1784.000,0.216
1785.000,0.240
1786.000,0.559
1787.000,0.339
1788.000,0.142
1789.000,0.399
1790.000,0.369
1791.000,0.128
1792.000,0.278
1793.000,0.384
1794.000,0.161
1795.000,0.160
1796.000,0.326
1797.000,0.253
1798.000,0.128
1799.000,0.136
1800.000,0.227
1801.000,0.255
1802.000,0.155
1803.000,0.113
1804.000,0.165
1805.000,0.194
1806.000,0.160
1807.000,0.111
1808.000,0.124
1809.000,0.166
1810.000,0.159
1811.000,0.124
1812.000,0.104
1813.000,0.121
1814.000,0.147
1815.000,0.141
1816.000,0.121
1817.000,0.101
1818.000,0.098
1819.000,0.111
1820.000,0.128
1821.000,0.152
1822.000,0.170
1823.000,0.229
1824.000,0.276
1825.000,0.408
1826.000,0.389
1827.000,0.359
1828.000,0.180
1829.000,0.111
1830.000,0.202
1831.000,0.250
1832.000,0.192
1833.000,0.112
1834.000,0.133
1835.000,0.200
1836.000,0.206
1837.000,0.187
1838.000,0.138
1839.000,0.107
1840.000,0.092
1841.000,0.090
1842.000,0.100
1843.000,0.123
1844.000,0.187
1845.000,0.311
1846.000,0.784
1847.000,1.008
1848.000,1.198
1849.000,0.419
1850.000,0.205
1851.000,0.716
1852.000,0.536
1853.000,0.149
1854.000,0.413
1855.000,0.472
1856.000,0.172
1857.000,0.273
1858.000,0.391
1859.000,0.194
1860.000,0.174
1861.000,0.342
1862.000,0.285
1863.000,0.132
1864.000,0.223
1865.000,0.300
1866.000,0.155
1867.000,0.179
1868.000,0.255
1869.000,0.149
1870.000,0.161
1871.000,0.225
1872.000,0.150
1873.000,0.133
1874.000,0.192
1875.000,0.167
1876.000,0.121
1877.000,0.141
1878.000,0.161
1879.000,0.134
1880.000,0.116
1881.000,0.138
1882.000,0.152
1883.000,0.125
1884.000,0.111
1885.000,0.127
1886.000,0.133
1887.000,0.119
1888.000,0.104
1889.000,0.108
1890.000,0.123
1891.000,0.130
1892.000,0.130
1893.000,0.119
1894.000,0.110
1895.000,0.101
1896.000,0.095
1897.000,0.091
1898.000,0.089
1899.000,0.087
1900.000,0.086
1901.000,0.085
1902.000,0.088
1903.000,0.101
1904.000,0.146
1905.000,0.346
1906.000,0.855
1907.000,3.265
1908.000,3.147
1909.000,1.278
1910.000,0.272
1911.000,1.849
1912.000,1.347
1913.000,0.199
1914.000,1.464
1915.000,0.920
1916.000,0.288
1917.000,1.270
1918.000,0.455
1919.000,0.502
1920.000,0.840
1921.000,0.174
1922.000,0.670
1923.000,0.284
1924.000,0.408
1925.000,0.447
1926.000,0.239
1927.000,0.502
1928.000,0.193
1929.000,0.410
1930.000,0.232
1931.000,0.315
1932.000,0.293
1933.000,0.240
1934.000,0.318
1935.000,0.196
1936.000,0.303
1937.000,0.193
1938.000,0.275
1939.000,0.210
1940.000,0.233
1941.000,0.227
1942.000,0.195
1943.000,0.233
1944.000,0.179
1945.000,0.224
1946.000,0.185
1947.000,0.194
1948.000,0.197
1949.000,0.169
1950.000,0.194
1951.000,0.166
1952.000,0.174
1953.000,0.175
1954.000,0.156
1955.000,0.172
1956.000,0.159
1957.000,0.151
1958.000,0.162
1959.000,0.147
1960.000,0.145
1961.000,0.151
1962.000,0.139
1963.000,0.137
1964.000,0.142
1965.000,0.133
1966.000,0.128
1967.000,0.133
1968.000,0.130
1969.000,0.121
1970.000,0.123
1971.000,0.125
1972.000,0.118
1973.000,0.114
1974.000,0.115
1975.000,0.116
1976.000,0.112
1977.000,0.107
1978.000,0.105
1979.000,0.106
1980.000,0.106
1981.000,0.105
1982.000,0.102
1983.000,0.099
1984.000,0.096
1985.000,0.095
1986.000,0.093
1987.000,0.093
1988.000,0.093
1989.000,0.093
1990.000,0.097
1991.000,0.106
1992.000,0.133
1993.000,0.181
1994.000,0.333
1995.000,0.484
1996.000,0.929
1997.000,0.680
1998.000,0.332
1999.000,0.148
2000.000,0.405
2001.000,0.431
2002.000,0.165
2003.000,0.273
2004.000,0.388
2005.000,0.180
2006.000,0.189
2007.000,0.319
2008.000,0.193
2009.000,0.126
2010.000,0.226
2011.000,0.220
2012.000,0.129
2013.000,0.108
2014.000,0.173
2015.000,0.230
2016.000,0.192
2017.000,0.140
2018.000,0.104
2019.000,0.111
2020.000,0.145
2021.000,0.166
2022.000,0.168
2023.000,0.131
2024.000,0.102
2025.000,0.097
2026.000,0.113
2027.000,0.126
2028.000,0.118
2029.000,0.101
2030.000,0.092
2031.000,0.095
2032.000,0.106
2033.000,0.118
2034.000,0.130
2035.000,0.137
2036.000,0.157
2037.000,0.176
2038.000,0.230
2039.000,0.263
2040.000,0.352
2041.000,0.325
2042.000,0.294
2043.000,0.171
2044.000,0.101
2045.000,0.117
2046.000,0.177
2047.000,0.226
2048.000,0.200
2049.000,0.174
2050.000,0.131
2051.000,0.105
2052.000,0.091
2053.000,0.084
2054.000,0.082
2055.000,0.084
2056.000,0.090
2057.000,0.109
2058.000,0.171
2059.000,0.329
2060.000,1.038
2061.000,1.617
2062.000,2.794
2063.000,1.080
2064.000,0.273
2065.000,1.454
2066.000,0.794
2067.000,0.236
2068.000,1.005
2069.000,0.430
2070.000,0.309
2071.000,0.773
2072.000,0.213
2073.000,0.383
2074.000,0.715
2075.000,0.163
2076.000,0.443
2077.000,0.631
2078.000,0.156
2079.000,0.590
2080.000,0.388
2081.000,0.270
2082.000,0.513
2083.000,0.172
2084.000,0.413
2085.000,0.229
2086.000,0.288
2087.000,0.304
2088.000,0.202
2089.000,0.329
2090.000,0.172
2091.000,0.284
2092.000,0.193
2093.000,0.218
2094.000,0.237
2095.000,0.165
2096.000,0.248
2097.000,0.175
2098.000,0.188
2099.000,0.211
2100.000,0.150
2101.000,0.188
2102.000,0.169
2103.000,0.148
2104.000,0.178
2105.000,0.148
2106.000,0.148
2107.000,0.163
2108.000,0.137
2109.000,0.143
2110.000,0.151
2111.000,0.130
2112.000,0.135
2113.000,0.142
2114.000,0.125
2115.000,0.125
2116.000,0.134
2117.000,0.123
2118.000,0.115
2119.000,0.121
2120.000,0.122
2121.000,0.113
2122.000,0.109
2123.000,0.112
2124.000,0.114
2125.000,0.108
2126.000,0.103
2127.000,0.101
2128.000,0.103
2129.000,0.104
2130.000,0.102
2131.000,0.099
2132.000,0.096
2133.000,0.093
2134.000,0.092
2135.000,0.091
2136.000,0.091
2137.000,0.091
2138.000,0.094
2139.000,0.098
2140.000,0.112
2141.000,0.137
2142.000,0.226
2143.000,0.355
2144.000,0.867
2145.000,0.775
2146.000,0.454
2147.000,0.143
2148.000,0.441
2149.000,0.504
2150.000,0.171
2151.000,0.306
2152.000,0.449
2153.000,0.184
2154.000,0.202
2155.000,0.385
2156.000,0.256
2157.000,0.126
2158.000,0.163
2159.000,0.229
2160.000,0.187
2161.000,0.118
2162.000,0.169
2163.000,0.190
2164.000,0.121
2165.000,0.132
2166.000,0.173
2167.000,0.135
2168.000,0.106
2169.000,0.133
2170.000,0.152
2171.000,0.139
2172.000,0.107
2173.000,0.107
2174.000,0.129
2175.000,0.129
2176.000,0.110
2177.000,0.098
2178.000,0.104
2179.000,0.118
2180.000,0.122
2181.000,0.120
2182.000,0.108
2183.000,0.099
2184.000,0.091
2185.000,0.086
2186.000,0.084
2187.000,0.085
2188.000,0.088
2189.000,0.093
2190.000,0.105
2191.000,0.126
2192.000,0.185
2193.000,0.271
2194.000,0.523
2195.000,0.680
2196.000,1.033
2197.000,0.633
2198.000,0.184
2199.000,0.215
2200.000,0.486
2201.000,0.381
2202.000,0.139
2203.000,0.286
2204.000,0.386
2205.000,0.175
2206.000,0.167
2207.000,0.307
2208.000,0.206
2209.000,0.113
2210.000,0.201
2211.000,0.224
2212.000,0.135
2213.000,0.107
2214.000,0.177
2215.000,0.208
2216.000,0.145
2217.000,0.099
2218.000,0.115
2219.000,0.168
2220.000,0.243
2221.000,0.249
2222.000,0.245
2223.000,0.155
2224.000,0.098
2225.000,0.120
2226.000,0.158
2227.000,0.146
2228.000,0.103
2229.000,0.109
2230.000,0.139
2231.000,0.131
2232.000,0.102
2233.000,0.090
2234.000,0.106
2235.000,0.134
2236.000,0.166
2237.000,0.213
2238.000,0.279
2239.000,0.476
2240.000,0.572
2241.000,0.752
2242.000,0.363
2243.000,0.113
2244.000,0.299
2245.000,0.376
2246.000,0.182
2247.000,0.152
2248.000,0.296
2249.000,0.248
2250.000,0.118
2251.000,0.192
2252.000,0.267
2253.000,0.161
2254.000,0.105
2255.000,0.171
2256.000,0.205
2257.000,0.157
2258.000,0.101
2259.000,0.116
2260.000,0.173
2261.000,0.194
2262.000,0.189
2263.000,0.139
2264.000,0.102
2265.000,0.097
2266.000,0.118
2267.000,0.141
2268.000,0.138
2269.000,0.121
2270.000,0.099
2271.000,0.090
2272.000,0.097
2273.000,0.111
2274.000,0.123
2275.000,0.125
2276.000,0.122
2277.000,0.112
2278.000,0.104
2279.000,0.096
2280.000,0.091
2281.000,0.087
2282.000,0.085
2283.000,0.084
2284.000,0.085
2285.000,0.089
2286.000,0.103
2287.000,0.140
2288.000,0.286
2289.000,0.603
2290.000,1.759
2291.000,2.104
2292.000,2.028
2293.000,0.441
2294.000,0.473
2295.000,1.422
2296.000,0.615
2297.000,0.176
2298.000,0.807
2299.000,0.523
2300.000,0.134
2301.000,0.386
2302.000,0.403
2303.000,0.161
2304.000,0.213
2305.000,0.306
2306.000,0.165
2307.000,0.178
2308.000,0.260
2309.000,0.170
2310.000,0.159
2311.000,0.233
2312.000,0.181
2313.000,0.141
2314.000,0.207
2315.000,0.189
2316.000,0.136
2317.000,0.188
2318.000,0.185
2319.000,0.133
2320.000,0.173
2321.000,0.178
2322.000,0.130
2323.000,0.158
2324.000,0.174
2325.000,0.129
2326.000,0.137
2327.000,0.165
2328.000,0.138
2329.000,0.117
2330.000,0.134
2331.000,0.143
2332.000,0.126
2333.000,0.111
2334.000,0.117
2335.000,0.128
2336.000,0.122
2337.000,0.109
2338.000,0.103
2339.000,0.107
2340.000,0.115
2341.000,0.113
2342.000,0.109
2343.000,0.101
2344.000,0.094
2345.000,0.092
2346.000,0.094
2347.000,0.098
2348.000,0.104
2349.000,0.121
2350.000,0.144
2351.000,0.217
2352.000,0.297
2353.000,0.522
2354.000,0.500
2355.000,0.410
2356.000,0.158
2357.000,0.174
2358.000,0.348
2359.000,0.272
2360.000,0.130
2361.000,0.175
2362.000,0.260
2363.000,0.209
2364.000,0.111
2365.000,0.132
2366.000,0.219
2367.000,0.241
2368.000,0.236
2369.000,0.176
2370.000,0.136
2371.000,0.105
2372.000,0.092
2373.000,0.092
2374.000,0.102
2375.000,0.122
2376.000,0.150
2377.000,0.212
2378.000,0.278
2379.000,0.431
2380.000,0.440
2381.000,0.449
2382.000,0.218
2383.000,0.112
2384.000,0.231
2385.000,0.280
2386.000,0.171
2387.000,0.123
2388.000,0.207
2389.000,0.221
2390.000,0.131
2391.000,0.118
2392.000,0.178
2393.000,0.187
2394.000,0.144
2395.000,0.098
2396.000,0.088
2397.000,0.114
2398.000,0.208
2399.000,0.609
2400.000,1.172
2401.000,2.510
2402.000,1.203
2403.000,0.155
2404.000,1.168
2405.000,0.912
2406.000,0.145
2407.000,0.749
2408.000,0.595
2409.000,0.143
2410.000,0.548
2411.000,0.376
2412.000,0.140
2413.000,0.405
2414.000,0.273
2415.000,0.135
2416.000,0.292
2417.000,0.241
2418.000,0.137
2419.000,0.212
2420.000,0.215
2421.000,0.141
2422.000,0.174
2423.000,0.189
2424.000,0.141
2425.000,0.158
2426.000,0.172
2427.000,0.139
2428.000,0.148
2429.000,0.159
2430.000,0.135
2431.000,0.138
2432.000,0.148
2433.000,0.131
2434.000,0.126
2435.000,0.137
2436.000,0.132
2437.000,0.118
2438.000,0.121
2439.000,0.129
2440.000,0.124
2441.000,0.113
2442.000,0.109
2443.000,0.112
2444.000,0.115
2445.000,0.111
2446.000,0.103
2447.000,0.100
2448.000,0.101
2449.000,0.104
2450.000,0.103
2451.000,0.101
2452.000,0.097
2453.000,0.093
2454.000,0.091
2455.000,0.088
2456.000,0.087
2457.000,0.085
2458.000,0.084
2459.000,0.084
2460.000,0.085
2461.000,0.091
2462.000,0.113
2463.000,0.200
2464.000,0.439
2465.000,1.405
2466.000,2.297
2467.000,4.639
2468.000,2.159
2469.000,0.257
2470.000,2.125
2471.000,1.334
2472.000,0.317
2473.000,1.513
2474.000,0.451
2475.000,0.714
2476.000,0.938
2477.000,0.259
2478.000,0.967
2479.000,0.301
2480.000,0.619
2481.000,0.407
2482.000,0.412
2483.000,0.460
2484.000,0.309
2485.000,0.464
2486.000,0.251
2487.000,0.436
2488.000,0.227
2489.000,0.422
2490.000,0.215
2491.000,0.373
2492.000,0.225
2493.000,0.334
2494.000,0.264
2495.000,0.275
2496.000,0.271
2497.000,0.238
2498.000,0.268
2499.000,0.223
2500.000,0.261
2501.000,0.211
2502.000,0.251
2503.000,0.202
2504.000,0.240
2505.000,0.193
2506.000,0.224
2507.000,0.187
2508.000,0.209
2509.000,0.189
2510.000,0.188
2511.000,0.195
2512.000,0.172
2513.000,0.188
2514.000,0.170
2515.000,0.171
2516.000,0.172
2517.000,0.157
2518.000,0.167
2519.000,0.156
2520.000,0.153
2521.000,0.156
2522.000,0.145
2523.000,0.147
2524.000,0.144
2525.000,0.137
2526.000,0.139
2527.000,0.135
2528.000,0.130
2529.000,0.131
2530.000,0.128
2531.000,0.123
2532.000,0.122
2533.000,0.122
2534.000,0.118
2535.000,0.114
2536.000,0.114
2537.000,0.113
2538.000,0.109
2539.000,0.107
2540.000,0.106
2541.000,0.105
2542.000,0.102
2543.000,0.099
2544.000,0.098
2545.000,0.098
2546.000,0.096
2547.000,0.094
2548.000,0.092
2549.000,0.090
2550.000,0.089
2551.000,0.088
2552.000,0.087
2553.000,0.087
2554.000,0.087
2555.000,0.087
2556.000,0.091
2557.000,0.098
2558.000,0.122
2559.000,0.169
2560.000,0.346
2561.000,0.544
2562.000,1.195
2563.000,0.805
2564.000,0.216
2565.000,0.306
2566.000,0.601
2567.000,0.311
2568.000,0.205
2569.000,0.460
2570.000,0.302
2571.000,0.165
2572.000,0.360
2573.000,0.273
2574.000,0.133
2575.000,0.286
2576.000,0.273
2577.000,0.117
2578.000,0.212
2579.000,0.285
2580.000,0.143
2581.000,0.128
2582.000,0.238
2583.000,0.216
2584.000,0.133
2585.000,0.117
2586.000,0.176
2587.000,0.197
2588.000,0.130
2589.000,0.111
2590.000,0.155
2591.000,0.151
2592.000,0.111
2593.000,0.110
2594.000,0.136
2595.000,0.131
2596.000,0.103
2597.000,0.106
2598.000,0.125
2599.000,0.119
2600.000,0.099
2601.000,0.095
2602.000,0.107
2603.000,0.116
2604.000,0.110
2605.000,0.098
2606.000,0.089
2607.000,0.087
2608.000,0.092
2609.000,0.099
2610.000,0.108
2611.000,0.114
2612.000,0.122
2613.000,0.124
2614.000,0.134
2615.000,0.136
2616.000,0.149
2617.000,0.156
2618.000,0.183
2619.000,0.199
2620.000,0.259
2621.000,0.298
2622.000,0.445
2623.000,0.473
2624.000,0.567
2625.000,0.384
2626.000,0.202
2627.000,0.103
2628.000,0.184
2629.000,0.289
2630.000,0.218
2631.000,0.116
2632.000,0.111
2633.000,0.181
2634.000,0.227
2635.000,0.172
2636.000,0.115
2637.000,0.084
2638.000,0.095
2639.000,0.137
2640.000,0.196
2641.000,0.376
2642.000,0.543
2643.000,1.000
2644.000,0.723
2645.000,0.268
2646.000,0.159
2647.000,0.459
2648.000,0.367
2649.000,0.135
2650.000,0.333
2651.000,0.349
2652.000,0.142
2653.000,0.266
2654.000,0.304
2655.000,0.136
2656.000,0.216
2657.000,0.262
2658.000,0.130
2659.000,0.174
2660.000,0.243
2661.000,0.148
2662.000,0.125
2663.000,0.196
2664.000,0.175
2665.000,0.114
2666.000,0.132
2667.000,0.166
2668.000,0.140
2669.000,0.110
2670.000,0.135
2671.000,0.147
2672.000,0.114
2673.000,0.111
2674.000,0.133
2675.000,0.125
2676.000,0.104
2677.000,0.106
2678.000,0.120
2679.000,0.120
2680.000,0.103
2681.000,0.093
2682.000,0.096
2683.000,0.105
2684.000,0.112
2685.000,0.112
2686.000,0.113
2687.000,0.110
2688.000,0.114
2689.000,0.118
2690.000,0.140
2691.000,0.167
2692.000,0.244
2693.000,0.319
2694.000,0.557
2695.000,0.568
2696.000,0.558
2697.000,0.223
2698.000,0.134
2699.000,0.333
2700.000,0.323
2701.000,0.151
2702.000,0.166
2703.000,0.272
2704.000,0.210
2705.000,0.113
2706.000,0.176
2707.000,0.230
2708.000,0.146
2709.000,0.091
2710.000,0.131
2711.000,0.211
2712.000,0.385
2713.000,0.462
2714.000,0.687
2715.000,0.402
2716.000,0.117
2717.000,0.225
2718.000,0.344
2719.000,0.184
2720.000,0.131
2721.000,0.267
2722.000,0.223
2723.000,0.110
2724.000,0.196
2725.000,0.238
2726.000,0.127
2727.000,0.120
2728.000,0.204
2729.000,0.185
2730.000,0.116
2731.000,0.102
2732.000,0.149
2733.000,0.169
2734.000,0.124
2735.000,0.095
2736.000,0.111
2737.000,0.139
2738.000,0.147
2739.000,0.121
2740.000,0.096
2741.000,0.090
2742.000,0.102
2743.000,0.118
2744.000,0.121
2745.000,0.113
2746.000,0.099
2747.000,0.087
2748.000,0.083
2749.000,0.085
2750.000,0.091
2751.000,0.100
2752.000,0.117
2753.000,0.142
2754.000,0.209
2755.000,0.311
2756.000,0.611
2757.000,0.777
2758.000,1.123
2759.000,0.620
2760.000,0.147
2761.000,0.309
2762.000,0.552
2763.000,0.317
2764.000,0.141
2765.000,0.365
2766.000,0.376
2767.000,0.139
2768.000,0.218
2769.000,0.357
2770.000,0.200
2771.000,0.107
2772.000,0.201
2773.000,0.275
2774.000,0.230
2775.000,0.117
2776.000,0.136
2777.000,0.212
2778.000,0.165
2779.000,0.109
2780.000,0.137
2781.000,0.162
2782.000,0.126
2783.000,0.108
2784.000,0.138
2785.000,0.139
2786.000,0.107
2787.000,0.108
2788.000,0.130
2789.000,0.129
2790.000,0.109
2791.000,0.095
2792.000,0.100
2793.000,0.115
2794.000,0.126
2795.000,0.132
2796.000,0.118
2797.000,0.102
2798.000,0.089
2799.000,0.088
2800.000,0.096
2801.000,0.105
2802.000,0.116
2803.000,0.125
2804.000,0.153
2805.000,0.183
2806.000,0.275
2807.000,0.330
2808.000,0.450
2809.000,0.366
2810.000,0.248
2811.000,0.113
2812.000,0.127
2813.000,0.227
2814.000,0.234
2815.000,0.163
2816.000,0.097
2817.000,0.111
2818.000,0.169
2819.000,0.210
2820.000,0.264
2821.000,0.280
2822.000,0.332
2823.000,0.328
2824.000,0.377
2825.000,0.281
2826.000,0.178
2827.000,0.098
2828.000,0.128
2829.000,0.197
2830.000,0.179
2831.000,0.117
2832.000,0.095
2833.000,0.135
2834.000,0.173
2835.000,0.154
2836.000,0.117
2837.000,0.089
2838.000,0.090
2839.000,0.110
2840.000,0.134
2841.000,0.167
2842.000,0.189
2843.000,0.256
2844.000,0.287
2845.000,0.346
2846.000,0.277
2847.000,0.182
2848.000,0.097
2849.000,0.115
2850.000,0.185
2851.000,0.193
2852.000,0.147
2853.000,0.096
2854.000,0.101
2855.000,0.143
2856.000,0.166
2857.000,0.173
2858.000,0.150
2859.000,0.136
2860.000,0.120
2861.000,0.118
2862.000,0.126
2863.000,0.148
2864.000,0.195
2865.000,0.349
2866.000,0.550
2867.000,1.142
2868.000,1.067
2869.000,0.733
2870.000,0.155
2871.000,0.390
2872.000,0.692
2873.000,0.272
2874.000,0.215
2875.000,0.510
2876.000,0.279
2877.000,0.160
2878.000,0.374
2879.000,0.249
2880.000,0.131
2881.000,0.274
2882.000,0.218
2883.000,0.117
2884.000,0.205
2885.000,0.204
2886.000,0.118
2887.000,0.142
2888.000,0.199
2889.000,0.177
2890.000,0.116
2891.000,0.128
2892.000,0.178
2893.000,0.165
2894.000,0.123
2895.000,0.104
2896.000,0.128
2897.000,0.140
2898.000,0.112
2899.000,0.101
2900.000,0.118
2901.000,0.121
2902.000,0.103
2903.000,0.091
2904.000,0.098
2905.000,0.116
2906.000,0.135
2907.000,0.184
2908.000,0.202
2909.000,0.246
2910.000,0.177
2911.000,0.105
2912.000,0.121
2913.000,0.173
2914.000,0.171
2915.000,0.114
2916.000,0.092
2917.000,0.120
2918.000,0.160
2919.000,0.195
2920.000,0.223
2921.000,0.303
2922.000,0.424
2923.000,1.081
2924.000,1.301
2925.000,1.548
2926.000,0.431
2927.000,0.307
2928.000,1.006
2929.000,0.460
2930.000,0.217
2931.000,0.703
2932.000,0.340
2933.000,0.193
2934.000,0.522
2935.000,0.250
2936.000,0.165
2937.000,0.405
2938.000,0.242
2939.000,0.131
2940.000,0.280
2941.000,0.245
2942.000,0.133
2943.000,0.187
2944.000,0.215
2945.000,0.139
2946.000,0.152
2947.000,0.188
2948.000,0.140
2949.000,0.136
2950.000,0.169
2951.000,0.140
2952.000,0.125
2953.000,0.153
2954.000,0.140
2955.000,0.117
2956.000,0.134
2957.000,0.141
2958.000,0.116
2959.000,0.112
2960.000,0.127
2961.000,0.123
2962.000,0.106
2963.000,0.103
2964.000,0.112
2965.000,0.119
2966.000,0.111
2967.000,0.101
2968.000,0.093
2969.000,0.092
2970.000,0.095
2971.000,0.099
2972.000,0.106
2973.000,0.109
2974.000,0.116
2975.000,0.121
2976.000,0.136
2977.000,0.150
2978.000,0.197
2979.000,0.246
2980.000,0.400
2981.000,0.503
2982.000,0.778
2983.000,0.624
2984.000,0.371
2985.000,0.124
2986.000,0.232
2987.000,0.415
2988.000,0.279
2989.000,0.122
2990.000,0.200
2991.000,0.289
2992.000,0.210
2993.000,0.106
2994.000,0.158
2995.000,0.242
2996.000,0.196
2997.000,0.116
2998.000,0.094
2999.000,0.143
3000.000,0.214
3001.000,0.238
3002.000,0.247
3003.000,0.195
3004.000,0.144
3005.000,0.100
3006.000,0.090
3007.000,0.109
3008.000,0.130
3009.000,0.137
3010.000,0.117
3011.000,0.096
3012.000,0.086
3013.000,0.091
3014.000,0.105
3015.000,0.115
3016.000,0.126
3017.000,0.132
3018.000,0.146
3019.000,0.163
3020.000,0.221
3021.000,0.293
3022.000,0.506
3023.000,0.638
3024.000,0.953
3025.000,0.656
3026.000,0.246
3027.000,0.142
3028.000,0.398
3029.000,0.439
3030.000,0.172
3031.000,0.178
3032.000,0.358
3033.000,0.259
3034.000,0.116
3035.000,0.191
3036.000,0.268
3037.000,0.197
3038.000,0.106
3039.000,0.142
3040.000,0.244
3041.000,0.242
3042.000,0.165
3043.000,0.102
3044.000,0.144
3045.000,0.184
3046.000,0.132
3047.000,0.104
3048.000,0.141
3049.000,0.148
3050.000,0.112
3051.000,0.101
3052.000,0.126
3053.000,0.134
3054.000,0.108
3055.000,0.092
3056.000,0.102
3057.000,0.119
3058.000,0.127
3059.000,0.119
3060.000,0.110
3061.000,0.099
3062.000,0.093
3063.000,0.089
3064.000,0.089
3065.000,0.090
3066.000,0.097
3067.000,0.112
3068.000,0.153
3069.000,0.220
3070.000,0.411
3071.000,0.612
3072.000,1.154
3073.000,1.018
3074.000,0.655
3075.000,0.146
3076.000,0.352
3077.000,0.642
3078.000,0.284
3079.000,0.181
3080.000,0.450
3081.000,0.293
3082.000,0.136
3083.000,0.310
3084.000,0.266
3085.000,0.119
3086.000,0.196
3087.000,0.246
3088.000,0.146
3089.000,0.125
3090.000,0.196
3091.000,0.158
3092.000,0.114
3093.000,0.168
3094.000,0.164
3095.000,0.112
3096.000,0.140
3097.000,0.163
3098.000,0.121
3099.000,0.115
3100.000,0.146
3101.000,0.135
3102.000,0.107
3103.000,0.113
3104.000,0.130
3105.000,0.123
3106.000,0.102
3107.000,0.100
3108.000,0.113
3109.000,0.115
3110.000,0.105
3111.000,0.092
3112.000,0.087
3113.000,0.090
3114.000,0.098
3115.000,0.114
3116.000,0.140
3117.000,0.234
3118.000,0.335
3119.000,0.603
3120.000,0.498
3121.000,0.249
3122.000,0.116
3123.000,0.281
3124.000,0.373
3125.000,0.188
3126.000,0.118
3127.000,0.241
3128.000,0.269
3129.000,0.168
3130.000,0.092
3131.000,0.147
3132.000,0.265
3133.000,0.288
3134.000,0.265
3135.000,0.161
3136.000,0.095
3137.000,0.096
3138.000,0.145
3139.000,0.198
3140.000,0.192
3141.000,0.164
3142.000,0.114
3143.000,0.088
3144.000,0.092
3145.000,0.115
3146.000,0.139
3147.000,0.142
3148.000,0.135
3149.000,0.113
3150.000,0.096
3151.000,0.084
3152.000,0.080
3153.000,0.083
3154.000,0.092
3155.000,0.106
3156.000,0.129
3157.000,0.187
3158.000,0.296
3159.000,0.640
3160.000,1.007
3161.000,2.073
3162.000,1.566
3163.000,0.452
3164.000,0.257
3165.000,0.905
3166.000,0.593
3167.000,0.160
3168.000,0.642
3169.000,0.508
3170.000,0.157
3171.000,0.539
3172.000,0.383
3173.000,0.156
3174.000,0.483
3175.000,0.328
3176.000,0.157
3177.000,0.453
3178.000,0.350
3179.000,0.149
3180.000,0.417
3181.000,0.300
3182.000,0.163
3183.000,0.382
3184.000,0.216
3185.000,0.201
3186.000,0.313
3187.000,0.150
3188.000,0.235
3189.000,0.215
3190.000,0.143
3191.000,0.226
3192.000,0.154
3193.000,0.161
3194.000,0.201
3195.000,0.131
3196.000,0.166
3197.000,0.183
3198.000,0.123
3199.000,0.160
3200.000,0.173
3201.000,0.119
3202.000,0.141
3203.000,0.167
3204.000,0.124
3205.000,0.114
3206.000,0.144
3207.000,0.135
3208.000,0.109
3209.000,0.106
3210.000,0.122
3211.000,0.124
3212.000,0.104
3213.000,0.096
3214.000,0.105
3215.000,0.111
3216.000,0.109
3217.000,0.097
3218.000,0.089
3219.000,0.086
3220.000,0.089
3221.000,0.097
3222.000,0.109
3223.000,0.150
3224.000,0.201
3225.000,0.372
3226.000,0.430
3227.000,0.472
3228.000,0.230
3229.000,0.114
3230.000,0.237
3231.000,0.282
3232.000,0.171
3233.000,0.114
3234.000,0.198
3235.000,0.234
3236.000,0.143
3237.000,0.092
3238.000,0.130
3239.000,0.192
3240.000,0.225
3241.000,0.181
3242.000,0.141
3243.000,0.104
3244.000,0.088
3245.000,0.092
3246.000,0.111
3247.000,0.147
3248.000,0.194
3249.000,0.297
3250.000,0.350
3251.000,0.457
3252.000,0.314
3253.000,0.146
3254.000,0.113
3255.000,0.221
3256.000,0.253
3257.000,0.141
3258.000,0.107
3259.000,0.177
3260.000,0.203
3261.000,0.168
3262.000,0.111
3263.000,0.090
3264.000,0.084
3265.000,0.082
3266.000,0.080
3267.000,0.080
3268.000,0.082
3269.000,0.084
3270.000,0.086
3271.000,0.086
3272.000,0.088
3273.000,0.090
3274.000,0.100
3275.000,0.125
3276.000,0.232
3277.000,0.438
3278.000,1.112
3279.000,1.262
3280.000,0.967
3281.000,0.209
3282.000,0.329
3283.000,0.801
3284.000,0.429
3285.000,0.125
3286.000,0.438
3287.000,0.442
3288.000,0.149
3289.000,0.195
3290.000,0.373
3291.000,0.268
3292.000,0.104
3293.000,0.247
3294.000,0.364
3295.000,0.171
3296.000,0.123
3297.000,0.253
3298.000,0.220
3299.000,0.120
3300.000,0.137
3301.000,0.193
3302.000,0.154
3303.000,0.109
3304.000,0.155
3305.000,0.165
3306.000,0.112
3307.000,0.123
3308.000,0.155
3309.000,0.125
3310.000,0.102
3311.000,0.124
3312.000,0.133
3313.000,0.112
3314.000,0.095
3315.000,0.105
3316.000,0.124
3317.000,0.127
3318.000,0.122
3319.000,0.107
3320.000,0.098
3321.000,0.091
3322.000,0.086
3323.000,0.082
3324.000,0.081
3325.000,0.082
3326.000,0.083
3327.000,0.086
3328.000,0.095
3329.000,0.121
3330.000,0.186
3331.000,0.435
3332.000,0.919
3333.000,2.619
3334.000,2.664
3335.000,1.861
3336.000,0.192
3337.000,1.262
3338.000,1.311
3339.000,0.205
3340.000,1.138
3341.000,0.573
3342.000,0.426
3343.000,0.857
3344.000,0.189
3345.000,0.676
3346.000,0.291
3347.000,0.401
3348.000,0.492
3349.000,0.208
3350.000,0.595
3351.000,0.331
3352.000,0.335
3353.000,0.406
3354.000,0.237
3355.000,0.400
3356.000,0.211
3357.000,0.378
3358.000,0.207
3359.000,0.341
3360.000,0.212
3361.000,0.308
3362.000,0.219
3363.000,0.270
3364.000,0.221
3365.000,0.237
3366.000,0.226
3367.000,0.207
3368.000,0.231
3369.000,0.182
3370.000,0.224
3371.000,0.176
3372.000,0.204
3373.000,0.196
3374.000,0.170
3375.000,0.199
3376.000,0.162
3377.000,0.175
3378.000,0.169
3379.000,0.154
3380.000,0.169
3381.000,0.147
3382.000,0.155
3383.000,0.150
3384.000,0.136
3385.000,0.148
3386.000,0.138
3387.000,0.129
3388.000,0.138
3389.000,0.132
3390.000,0.119
3391.000,0.125
3392.000,0.124
3393.000,0.113
3394.000,0.114
3395.000,0.117
3396.000,0.108
3397.000,0.103
3398.000,0.106
3399.000,0.106
3400.000,0.100
3401.000,0.095
3402.000,0.094
3403.000,0.096
3404.000,0.096
3405.000,0.093
3406.000,0.089
3407.000,0.085
3408.000,0.083
3409.000,0.082
3410.000,0.083
3411.000,0.084
3412.000,0.089
3413.000,0.099
3414.000,0.136
3415.000,0.195
3416.000,0.405
3417.000,0.541
3418.000,0.743
3419.000,0.415
3420.000,0.127
3421.000,0.220
3422.000,0.386
3423.000,0.283
3424.000,0.115
3425.000,0.211
3426.000,0.321
3427.000,0.189
3428.000,0.098
3429.000,0.171
3430.000,0.241
3431.000,0.229
3432.000,0.133
3433.000,0.089
3434.000,0.114
3435.000,0.177
3436.000,0.281
3437.000,0.296
3438.000,0.310
3439.000,0.181
3440.000,0.096
3441.000,0.139
3442.000,0.194
3443.000,0.156
3444.000,0.100
3445.000,0.133
3446.000,0.173
3447.000,0.134
3448.000,0.096
3449.000,0.114
3450.000,0.143
3451.000,0.134
3452.000,0.101
3453.000,0.088
3454.000,0.102
3455.000,0.119
3456.000,0.127
3457.000,0.117
3458.000,0.106
3459.000,0.094
3460.000,0.088
3461.000,0.084
3462.000,0.082
3463.000,0.081
3464.000,0.082
3465.000,0.085
3466.000,0.096
3467.000,0.127
3468.000,0.224
3469.000,0.442
3470.000,1.141
3471.000,1.846
3472.000,2.886
3473.000,1.072
3474.000,0.265
3475.000,1.446
3476.000,0.621
3477.000,0.363
3478.000,1.007
3479.000,0.212
3480.000,0.638
3481.000,0.611
3482.000,0.215
3483.000,0.747
3484.000,0.293
3485.000,0.381
3486.000,0.471
3487.000,0.169
3488.000,0.424
3489.000,0.182
3490.000,0.341
3491.000,0.266
3492.000,0.239
3493.000,0.309
3494.000,0.175
3495.000,0.296
3496.000,0.174
3497.000,0.264
3498.000,0.204
3499.000,0.211
3500.000,0.228
3501.000,0.170
3502.000,0.226
3503.000,0.164
3504.000,0.205
3505.000,0.184
3506.000,0.169
3507.000,0.197
3508.000,0.153
3509.000,0.177
3510.000,0.164
3511.000,0.149
3512.000,0.167
3513.000,0.143
3514.000,0.148
3515.000,0.153
3516.000,0.133
3517.000,0.142
3518.000,0.141
3519.000,0.126
3520.000,0.133
3521.000,0.134
3522.000,0.120
3523.000,0.122
3524.000,0.127
3525.000,0.117
3526.000,0.111
3527.000,0.115
3528.000,0.114
3529.000,0.107
3530.000,0.102
3531.000,0.104
3532.000,0.106
3533.000,0.103
3534.000,0.099
3535.000,0.095
3536.000,0.092
3537.000,0.092
3538.000,0.092
3539.000,0.095
3540.000,0.097
3541.000,0.105
3542.000,0.116
3543.000,0.162
3544.000,0.264
3545.000,0.750
3546.000,1.041
3547.000,1.547
3548.000,0.536
3549.000,0.246
3550.000,0.931
3551.000,0.506
3552.000,0.173
3553.000,0.610
3554.000,0.382
3555.000,0.131
3556.000,0.389
3557.000,0.319
3558.000,0.119
3559.000,0.209
3560.000,0.291
3561.000,0.187
3562.000,0.124
3563.000,0.229
3564.000,0.233
3565.000,0.124
3566.000,0.179
3567.000,0.219
3568.000,0.129
3569.000,0.154
3570.000,0.197
3571.000,0.129
3572.000,0.141
3573.000,0.177
3574.000,0.127
3575.000,0.130
3576.000,0.160
3577.000,0.125
3578.000,0.116
3579.000,0.142
3580.000,0.126
3581.000,0.104
3582.000,0.116
3583.000,0.128
3584.000,0.118
3585.000,0.100
3586.000,0.098
3587.000,0.109
3588.000,0.114
3589.000,0.109
3590.000,0.095
3591.000,0.088
3592.000,0.089
3593.000,0.095
3594.000,0.099
3595.000,0.099
3596.000,0.097
3597.000,0.095
3598.000,0.095
3599.000,0.098
3600.000,0.110
3601.000,0.135
3602.000,0.213
3603.000,0.347
3604.000,0.767
3605.000,1.068
3606.000,1.720
3607.000,0.974
3608.000,0.172
3609.000,0.477
3610.000,0.794
3611.000,0.301
3612.000,0.247
3613.000,0.579
3614.000,0.289
3615.000,0.206
3616.000,0.444
3617.000,0.218
3618.000,0.194
3619.000,0.345
3620.000,0.162
3621.000,0.194
3622.000,0.276
3623.000,0.136
3624.000,0.179
3625.000,0.228
3626.000,0.131
3627.000,0.147
3628.000,0.206
3629.000,0.154
3630.000,0.119
3631.000,0.174
3632.000,0.181
3633.000,0.116
3634.000,0.129
3635.000,0.167
3636.000,0.126
3637.000,0.107
3638.000,0.137
3639.000,0.128
3640.000,0.100
3641.000,0.109
3642.000,0.122
3643.000,0.109
3644.000,0.092
3645.000,0.097
3646.000,0.114
3647.000,0.122
3648.000,0.124
3649.000,0.112
3650.000,0.103
3651.000,0.090
3652.000,0.082
3653.000,0.078
3654.000,0.078
3655.000,0.081
3656.000,0.087
3657.000,0.107
3658.000,0.144
3659.000,0.284
3660.000,0.476
3661.000,1.089
3662.000,0.851
3663.000,0.304
3664.000,0.190
3665.000,0.557
3666.000,0.427
3667.000,0.138
3668.000,0.380
3669.000,0.413
3670.000,0.133
3671.000,0.257
3672.000,0.385
3673.000,0.160
3674.000,0.148
3675.000,0.299
3676.000,0.197
3677.000,0.101
3678.000,0.193
3679.000,0.219
3680.000,0.137
3681.000,0.104
3682.000,0.170
3683.000,0.197
3684.000,0.130
3685.000,0.102
3686.000,0.143
3687.000,0.162
3688.000,0.128
3689.000,0.096
3690.000,0.114
3691.000,0.138
3692.000,0.120
3693.000,0.095
3694.000,0.097
3695.000,0.115
3696.000,0.119
3697.000,0.102
3698.000,0.087
3699.000,0.088
3700.000,0.098
3701.000,0.108
3702.000,0.109
3703.000,0.107
3704.000,0.100
3705.000,0.097
3706.000,0.094
3707.000,0.096
3708.000,0.102
3709.000,0.124
3710.000,0.169
3711.000,0.308
3712.000,0.543
3713.000,1.389
3714.000,1.612
3715.000,1.577
3716.000,0.382
3717.000,0.373
3718.000,1.065
3719.000,0.452
3720.000,0.234
3721.000,0.732
3722.000,0.318
3723.000,0.245
3724.000,0.538
3725.000,0.182
3726.000,0.298
3727.000,0.388
3728.000,0.130
3729.000,0.346
3730.000,0.307
3731.000,0.134
3732.000,0.354
3733.000,0.298
3734.000,0.134
3735.000,0.342
3736.000,0.299
3737.000,0.136
3738.000,0.329
3739.000,0.233
3740.000,0.161
3741.000,0.298
3742.000,0.156
3743.000,0.204
3744.000,0.222
3745.000,0.133
3746.000,0.211
3747.000,0.154
3748.000,0.142
3749.000,0.188
3750.000,0.125
3751.000,0.142
3752.000,0.173
3753.000,0.123
3754.000,0.121
3755.000,0.157
3756.000,0.134
3757.000,0.106
3758.000,0.117
3759.000,0.125
3760.000,0.107
3761.000,0.101
3762.000,0.113
3763.000,0.110
3764.000,0.095
3765.000,0.094
3766.000,0.103
3767.000,0.105
3768.000,0.103
3769.000,0.093
3770.000,0.085
3771.000,0.082
3772.000,0.083
3773.000,0.086
3774.000,0.088
3775.000,0.092
3776.000,0.095
3777.000,0.109
3778.000,0.127
3779.000,0.196
3780.000,0.264
3781.000,0.447
3782.000,0.425
3783.000,0.336
3784.000,0.137
3785.000,0.135
3786.000,0.272
3787.000,0.251
3788.000,0.134
3789.000,0.107
3790.000,0.186
3791.000,0.233
3792.000,0.170
3793.000,0.107
3794.000,0.081
3795.000,0.102
3796.000,0.166
3797.000,0.252
3798.000,0.385
3799.000,0.456
3800.000,0.622
3801.000,0.449
3802.000,0.233
3803.000,0.098
3804.000,0.223
3805.000,0.294
3806.000,0.146
3807.000,0.134
3808.000,0.237
3809.000,0.175
3810.000,0.106
3811.000,0.166
3812.000,0.179
3813.000,0.112
3814.000,0.097
3815.000,0.150
3816.000,0.183
3817.000,0.158
3818.000,0.150
3819.000,0.124
3820.000,0.116
3821.000,0.097
3822.000,0.084
3823.000,0.089
3824.000,0.101
3825.000,0.103
3826.000,0.091
3827.000,0.080
3828.000,0.077
3829.000,0.084
3830.000,0.106
3831.000,0.154
3832.000,0.324
3833.000,0.526
3834.000,0.969
3835.000,0.614
3836.000,0.135
3837.000,0.332
3838.000,0.536
3839.000,0.245
3840.000,0.152
3841.000,0.394
3842.000,0.321
3843.000,0.109
3844.000,0.255
3845.000,0.356
3846.000,0.151
3847.000,0.123
3848.000,0.275
3849.000,0.243
3850.000,0.125
3851.000,0.109
3852.000,0.198
3853.000,0.248
3854.000,0.158
3855.000,0.096
3856.000,0.133
3857.000,0.173
3858.000,0.148
3859.000,0.097
3860.000,0.113
3861.000,0.147
3862.000,0.122
3863.000,0.093
3864.000,0.108
3865.000,0.124
3866.000,0.111
3867.000,0.089
3868.000,0.091
3869.000,0.110
3870.000,0.121
3871.000,0.114
3872.000,0.096
3873.000,0.082
3874.000,0.079
3875.000,0.084
3876.000,0.094
3877.000,0.108
3878.000,0.127
3879.000,0.149
3880.000,0.204
3881.000,0.274
3882.000,0.467
3883.000,0.616
3884.000,1.008
3885.000,0.791
3886.000,0.411
3887.000,0.114
3888.000,0.331
3889.000,0.491
3890.000,0.214
3891.000,0.156
3892.000,0.356
3893.000,0.261
3894.000,0.117
3895.000,0.227
3896.000,0.253
3897.000,0.127
3898.000,0.133
3899.000,0.231
3900.000,0.227
3901.000,0.120
3902.000,0.121
3903.000,0.185
3904.000,0.150
3905.000,0.103
3906.000,0.138
3907.000,0.152
3908.000,0.113
3909.000,0.103
3910.000,0.133
3911.000,0.132
3912.000,0.101
3913.000,0.098
3914.000,0.119
3915.000,0.119
3916.000,0.101
3917.000,0.087
3918.000,0.092
3919.000,0.105
3920.000,0.109
3921.000,0.107
3922.000,0.095
3923.000,0.084
3924.000,0.078
3925.000,0.077
3926.000,0.081
3927.000,0.089
3928.000,0.110
3929.000,0.154
3930.000,0.294
3931.000,0.533
3932.000,1.280
3933.000,1.586
3934.000,1.933
3935.000,0.650
3936.000,0.225
3937.000,1.028
3938.000,0.570
3939.000,0.201
3940.000,0.724
3941.000,0.308
3942.000,0.287
3943.000,0.530
3944.000,0.151
3945.000,0.392
3946.000,0.333
3947.000,0.156
3948.000,0.418
3949.000,0.225
3950.000,0.193
3951.000,0.370
3952.000,0.195
3953.000,0.186
3954.000,0.296
3955.000,0.154
3956.000,0.195
3957.000,0.216
3958.000,0.134
3959.000,0.202
3960.000,0.151
3961.000,0.155
3962.000,0.178
3963.000,0.128
3964.000,0.169
3965.000,0.149
3966.000,0.126
3967.000,0.162
3968.000,0.137
3969.000,0.118
3970.000,0.151
3971.000,0.142
3972.000,0.109
3973.000,0.133
3974.000,0.139
3975.000,0.105
3976.000,0.116
3977.000,0.130
3978.000,0.105
3979.000,0.099
3980.000,0.116
3981.000,0.112
3982.000,0.096
3983.000,0.089
3984.000,0.097
3985.000,0.108
3986.000,0.105
3987.000,0.095
3988.000,0.083
3989.000,0.080
3990.000,0.085
3991.000,0.091
3992.000,0.099
3993.000,0.103
3994.000,0.122
3995.000,0.139
3996.000,0.205
3997.000,0.251
3998.000,0.354
3999.000,0.293
4000.000,0.204
4001.000,0.101
4002.000,0.114
4003.000,0.193
4004.000,0.198
4005.000,0.150
4006.000,0.092
4007.000,0.082
4008.000,0.116
4009.000,0.179
4010.000,0.280
4011.000,0.433
4012.000,1.190
4013.000,1.456
4014.000,1.535
4015.000,0.307
4016.000,0.491
4017.000,1.103
4018.000,0.265
4019.000,0.434
4020.000,0.832
4021.000,0.163
4022.000,0.498
4023.000,0.679
4024.000,0.131
4025.000,0.589
4026.000,0.480
4027.000,0.188
4028.000,0.592
4029.000,0.233
4030.000,0.325
4031.000,0.375
4032.000,0.162
4033.000,0.374
4034.000,0.165
4035.000,0.295
4036.000,0.235
4037.000,0.199
4038.000,0.276
4039.000,0.152
4040.000,0.254
4041.000,0.166
4042.000,0.200
4043.000,0.207
4044.000,0.151
4045.000,0.217
4046.000,0.153
4047.000,0.169
4048.000,0.180
4049.000,0.135
4050.000,0.172
4051.000,0.143
4052.000,0.138
4053.000,0.157
4054.000,0.125
4055.000,0.139
4056.000,0.141
4057.000,0.116
4058.000,0.131
4059.000,0.133
4060.000,0.110
4061.000,0.117
4062.000,0.126
4063.000,0.109
4064.000,0.102
4065.000,0.112
4066.000,0.109
4067.000,0.097
4068.000,0.094
4069.000,0.100
4070.000,0.101
4071.000,0.093
4072.000,0.086
4073.000,0.085
4074.000,0.089
4075.000,0.093
4076.000,0.093
4077.000,0.093
4078.000,0.091
4079.000,0.092
4080.000,0.093
4081.000,0.102
4082.000,0.114
4083.000,0.153
4084.000,0.208
4085.000,0.361
4086.000,0.503
4087.000,0.914
4088.000,0.829
4089.000,0.616
4090.000,0.166
4091.000,0.238
4092.000,0.516
4093.000,0.304
4094.000,0.129
4095.000,0.322
4096.000,0.306
4097.000,0.127
4098.000,0.203
4099.000,0.265
4100.000,0.140
4101.000,0.130
4102.000,0.223
4103.000,0.175
4104.000,0.103
4105.000,0.153
4106.000,0.190
4107.000,0.128
4108.000,0.102
4109.000,0.147
4110.000,0.155
4111.000,0.114
4112.000,0.097
4113.000,0.124
4114.000,0.141
4115.000,0.114
4116.000,0.091
4117.000,0.099
4118.000,0.117
4119.000,0.121
4120.000,0.103
4121.000,0.086
4122.000,0.083
4123.000,0.091
4124.000,0.101
4125.000,0.106
4126.000,0.105
4127.000,0.098
4128.000,0.091
4129.000,0.085
4130.000,0.081
4131.000,0.079
4132.000,0.080
4133.000,0.085
4134.000,0.104
4135.000,0.152
4136.000,0.335
4137.000,0.750
4138.000,2.360
4139.000,2.904
4140.000,2.599
4141.000,0.336
4142.000,1.149
4143.000,1.645
4144.000,0.172
4145.000,1.241
4146.000,0.805
4147.000,0.384
4148.000,1.102
4149.000,0.217
4150.000,0.713
4151.000,0.346
4152.000,0.457
4153.000,0.446
4154.000,0.334
4155.000,0.451
4156.000,0.253
4157.000,0.422
4158.000,0.230
4159.000,0.403
4160.000,0.206
4161.000,0.364
4162.000,0.205
4163.000,0.345
4164.000,0.202
4165.000,0.308
4166.000,0.200
4167.000,0.289
4168.000,0.205
4169.000,0.263
4170.000,0.202
4171.000,0.244
4172.000,0.203
4173.000,0.225
4174.000,0.200
4175.000,0.207
4176.000,0.201
4177.000,0.191
4178.000,0.199
4179.000,0.174
4180.000,0.194
4181.000,0.165
4182.000,0.186
4183.000,0.163
4184.000,0.169
4185.000,0.166
4186.000,0.152
4187.000,0.162
4188.000,0.146
4189.000,0.150
4190.000,0.147
4191.000,0.137
4192.000,0.143
4193.000,0.134
4194.000,0.130
4195.000,0.133
4196.000,0.124
4197.000,0.123
4198.000,0.124
4199.000,0.116
4200.000,0.114
4201.000,0.115
4202.000,0.110
4203.000,0.106
4204.000,0.107
4205.000,0.106
4206.000,0.100
4207.000,0.098
4208.000,0.098
4209.000,0.097
4210.000,0.093
4211.000,0.090
4212.000,0.088
4213.000,0.088
4214.000,0.088
4215.000,0.087
4216.000,0.085
4217.000,0.084
4218.000,0.082
4219.000,0.081
4220.000,0.080
4221.000,0.080
4222.000,0.082
4223.000,0.092
4224.000,0.115
4225.000,0.196
4226.000,0.345
4227.000,0.992
4228.000,1.019
4229.000,0.792
4230.000,0.159
4231.000,0.534
4232.000,0.676
4233.000,0.174
4234.000,0.465
4235.000,0.503
4236.000,0.149
4237.000,0.429
4238.000,0.362
4239.000,0.135
4240.000,0.390
4241.000,0.299
4242.000,0.124
4243.000,0.338
4244.000,0.271
4245.000,0.117
4246.000,0.298
4247.000,0.275
4248.000,0.115
4249.000,0.258
4250.000,0.268
4251.000,0.117
4252.000,0.221
4253.000,0.240
4254.000,0.115
4255.000,0.200
4256.000,0.210
4257.000,0.112
4258.000,0.187
4259.000,0.185
4260.000,0.110
4261.000,0.176
4262.000,0.167
4263.000,0.106
4264.000,0.161
4265.000,0.158
4266.000,0.101
4267.000,0.139
4268.000,0.161
4269.000,0.107
4270.000,0.104
4271.000,0.144
4272.000,0.134
4273.000,0.098
4274.000,0.093
4275.000,0.117
4276.000,0.128
4277.000,0.105
4278.000,0.085
4279.000,0.088
4280.000,0.103
4281.000,0.109
4282.000,0.097
4283.000,0.083
4284.000,0.077
4285.000,0.080
4286.000,0.088
4287.000,0.100
4288.000,0.118
4289.000,0.141
4290.000,0.195
4291.000,0.255
4292.000,0.421
4293.000,0.478
4294.000,0.572
4295.000,0.331
4296.000,0.119
4297.000,0.148
4298.000,0.287
4299.000,0.269
4300.000,0.120
4301.000,0.134
4302.000,0.239
4303.000,0.199
4304.000,0.104
4305.000,0.099
4306.000,0.169
4307.000,0.219
4308.000,0.169
4309.000,0.109
4310.000,0.079
4311.000,0.097
4312.000,0.138
4313.000,0.166
4314.000,0.189
4315.000,0.173
4316.000,0.150
4317.000,0.110
4318.000,0.083
4319.000,0.081
4320.000,0.099
4321.000,0.119
4322.000,0.121
4323.000,0.110
4324.000,0.092
4325.000,0.079
4326.000,0.073
4327.000,0.075
4328.000,0.083
4329.000,0.096
4330.000,0.130
4331.000,0.187
4332.000,0.372
4333.000,0.596
4334.000,1.162
4335.000,1.006
4336.000,0.533
4337.000,0.120
4338.000,0.437
4339.000,0.594
4340.000,0.191
4341.000,0.235
4342.000,0.469
4343.000,0.214
4344.000,0.158
4345.000,0.347
4346.000,0.199
4347.000,0.114
4348.000,0.251
4349.000,0.210
4350.000,0.101
4351.000,0.128
4352.000,0.236
4353.000,0.382
4354.000,0.242
4355.000,0.103
4356.000,0.149
4357.000,0.197
4358.000,0.121
4359.000,0.129
4360.000,0.171
4361.000,0.119
4362.000,0.121
4363.000,0.152
4364.000,0.114
4365.000,0.105
4366.000,0.135
4367.000,0.119
4368.000,0.090
4369.000,0.104
4370.000,0.135
4371.000,0.134
4372.000,0.121
4373.000,0.096
4374.000,0.082
4375.000,0.082
4376.000,0.090
4377.000,0.099
4378.000,0.098
4379.000,0.093
4380.000,0.082
4381.000,0.074
4382.000,0.071
4383.000,0.071
4384.000,0.075
4385.000,0.090
4386.000,0.148
4387.000,0.278
4388.000,0.757
4389.000,0.959
4390.000,0.992
4391.000,0.265
4392.000,0.288
4393.000,0.732
4394.000,0.342
4395.000,0.174
4396.000,0.507
4397.000,0.301
4398.000,0.129
4399.000,0.352
4400.000,0.263
4401.000,0.106
4402.000,0.250
4403.000,0.245
4404.000,0.107
4405.000,0.162
4406.000,0.216
4407.000,0.130
4408.000,0.114
4409.000,0.186
4410.000,0.174
4411.000,0.104
4412.000,0.133
4413.000,0.179
4414.000,0.130
4415.000,0.097
4416.000,0.129
4417.000,0.137
4418.000,0.104
4419.000,0.094
4420.000,0.117
4421.000,0.122
4422.000,0.095
4423.000,0.087
4424.000,0.103
4425.000,0.115
4426.000,0.114
4427.000,0.095
4428.000,0.081
4429.000,0.084
4430.000,0.095
4431.000,0.100
4432.000,0.094
4433.000,0.088
4434.000,0.082
4435.000,0.079
4436.000,0.079
4437.000,0.082
4438.000,0.092
4439.000,0.126
4440.000,0.198
4441.000,0.425
4442.000,0.703
4443.000,1.445
4444.000,1.184
4445.000,0.497
4446.000,0.147
4447.000,0.622
4448.000,0.588
4449.000,0.144
4450.000,0.417
4451.000,0.487
4452.000,0.144
4453.000,0.342
4454.000,0.394
4455.000,0.129
4456.000,0.295
4457.000,0.319
4458.000,0.123
4459.000,0.261
4460.000,0.276
4461.000,0.120
4462.000,0.240
4463.000,0.239
4464.000,0.120
4465.000,0.224
4466.000,0.194
4467.000,0.122
4468.000,0.207
4469.000,0.157
4470.000,0.124
4471.000,0.187
4472.000,0.137
4473.000,0.119
4474.000,0.166
4475.000,0.130
4476.000,0.104
4477.000,0.144
4478.000,0.142
4479.000,0.099
4480.000,0.104
4481.000,0.133
4482.000,0.122
4483.000,0.096
4484.000,0.084
4485.000,0.096
4486.000,0.113
4487.000,0.107
4488.000,0.092
4489.000,0.078
4490.000,0.077
4491.000,0.088
4492.000,0.097
4493.000,0.109
4494.000,0.110
4495.000,0.124
4496.000,0.121
4497.000,0.124
4498.000,0.110
4499.000,0.100
4500.000,0.087
4501.000,0.081
4502.000,0.079
4503.000,0.094
4504.000,0.150
4505.000,0.439
4506.000,1.092
4507.000,3.241
4508.000,2.515
4509.000,0.405
4510.000,0.765
4511.000,1.432
4512.000,0.251
4513.000,0.738
4514.000,0.745
4515.000,0.167
4516.000,0.687
4517.000,0.228
4518.000,0.407
4519.000,0.456
4520.000,0.200
4521.000,0.511
4522.000,0.182
4523.000,0.380
4524.000,0.241
4525.000,0.266
4526.000,0.299
4527.000,0.201
4528.000,0.317
4529.000,0.173
4530.000,0.289
4531.000,0.181
4532.000,0.252
4533.000,0.205
4534.000,0.208
4535.000,0.222
4536.000,0.175
4537.000,0.221
4538.000,0.164
4539.000,0.208
4540.000,0.167
4541.000,0.184
4542.000,0.175
4543.000,0.160
4544.000,0.177
4545.000,0.147
4546.000,0.168
4547.000,0.150
4548.000,0.145
4549.000,0.156
4550.000,0.134
4551.000,0.141
4552.000,0.141
4553.000,0.125
4554.000,0.132
4555.000,0.129
4556.000,0.118
4557.000,0.121
4558.000,0.119
4559.000,0.110
4560.000,0.111
4561.000,0.112
4562.000,0.105
4563.000,0.101
4564.000,0.102
4565.000,0.102
4566.000,0.096
4567.000,0.092
4568.000,0.092
4569.000,0.092
4570.000,0.090
4571.000,0.086
4572.000,0.083
4573.000,0.081
4574.000,0.081
4575.000,0.081
4576.000,0.081
4577.000,0.084
4578.000,0.088
4579.000,0.102
4580.000,0.126
4581.000,0.201
4582.000,0.301
4583.000,0.583
4584.000,0.638
4585.000,0.694
4586.000,0.279
4587.000,0.123
4588.000,0.357
4589.000,0.366
4590.000,0.152
4591.000,0.165
4592.000,0.303
4593.000,0.228
4594.000,0.104
4595.000,0.189
4596.000,0.263
4597.000,0.154
4598.000,0.087
4599.000,0.149
4600.000,0.218
4601.000,0.235
4602.000,0.163
4603.000,0.108
4604.000,0.087
4605.000,0.108
4606.000,0.140
4607.000,0.140
4608.000,0.114
4609.000,0.086
4610.000,0.085
4611.000,0.103
4612.000,0.111
4613.000,0.104
4614.000,0.086
4615.000,0.077
4616.000,0.081
4617.000,0.092
4618.000,0.103
4619.000,0.111
4620.000,0.123
4621.000,0.136
4622.000,0.176
4623.000,0.227
4624.000,0.364
4625.000,0.469
4626.000,0.700
4627.000,0.573
4628.000,0.355
4629.000,0.112
4630.000,0.202
4631.000,0.368
4632.000,0.236
4633.000,0.107
4634.000,0.202
4635.000,0.257
4636.000,0.154
4637.000,0.094
4638.000,0.178
4639.000,0.240
4640.000,0.185
4641.000,0.130
4642.000,0.092
4643.000,0.107
4644.000,0.136
4645.000,0.117
4646.000,0.087
4647.000,0.089
4648.000,0.110
4649.000,0.120
4650.000,0.108
4651.000,0.091
4652.000,0.080
4653.000,0.080
4654.000,0.088
4655.000,0.099
4656.000,0.114
4657.000,0.129
4658.000,0.157
4659.000,0.180
4660.000,0.225
4661.000,0.234
4662.000,0.248
4663.000,0.189
4664.000,0.132
4665.000,0.084
4666.000,0.083
4667.000,0.117
4668.000,0.156
4669.000,0.199
4670.000,0.217
4671.000,0.278
4672.000,0.316
4673.000,0.462
4674.000,0.497
4675.000,0.613
4676.000,0.403
4677.000,0.168
4678.000,0.103
4679.000,0.242
4680.000,0.299
4681.000,0.152
4682.000,0.104
4683.000,0.203
4684.000,0.206
4685.000,0.117
4686.000,0.092
4687.000,0.156
4688.000,0.185
4689.000,0.123
4690.000,0.081
4691.000,0.100
4692.000,0.146
4693.000,0.182
4694.000,0.167
4695.000,0.134
4696.000,0.094
4697.000,0.078
4698.000,0.089
4699.000,0.109
4700.000,0.122
4701.000,0.109
4702.000,0.088
4703.000,0.074
4704.000,0.077
4705.000,0.090
4706.000,0.102
4707.000,0.108
4708.000,0.105
4709.000,0.105
4710.000,0.104
4711.000,0.115
4712.000,0.134
4713.000,0.196
4714.000,0.294
4715.000,0.662
4716.000,0.941
4717.000,1.447
4718.000,0.803
4719.000,0.139
4720.000,0.429
4721.000,0.663
4722.000,0.230
4723.000,0.251
4724.000,0.504
4725.000,0.228
4726.000,0.207
4727.000,0.380
4728.000,0.170
4729.000,0.212
4730.000,0.288
4731.000,0.132
4732.000,0.219
4733.000,0.212
4734.000,0.122
4735.000,0.208
4736.000,0.161
4737.000,0.128
4738.000,0.189
4739.000,0.135
4740.000,0.130
4741.000,0.167
4742.000,0.121
4743.000,0.126
4744.000,0.151
4745.000,0.114
4746.000,0.116
4747.000,0.136
4748.000,0.111
4749.000,0.101
4750.000,0.119
4751.000,0.114
4752.000,0.094
4753.000,0.094
4754.000,0.105
4755.000,0.108
4756.000,0.093
4757.000,0.083
4758.000,0.082
4759.000,0.087
4760.000,0.091
4761.000,0.086
4762.000,0.080
4763.000,0.074
4764.000,0.073
4765.000,0.075
4766.000,0.081
4767.000,0.095
4768.000,0.118
4769.000,0.187
4770.000,0.249
4771.000,0.377
4772.000,0.343
4773.000,0.253
4774.000,0.114
4775.000,0.105
4776.000,0.198
4777.000,0.229
4778.000,0.185
4779.000,0.101
4780.000,0.082
4781.000,0.126
4782.000,0.188
4783.000,0.287
4784.000,0.396
4785.000,0.901
4786.000,1.046
4787.000,1.099
4788.000,0.275
4789.000,0.297
4790.000,0.736
4791.000,0.253
4792.000,0.261
4793.000,0.536
4794.000,0.162
4795.000,0.291
4796.000,0.389
4797.000,0.115
4798.000,0.321
4799.000,0.295
4800.000,0.116
4801.000,0.327
4802.000,0.267
4803.000,0.119
4804.000,0.306
4805.000,0.267
4806.000,0.117
4807.000,0.277
4808.000,0.224
4809.000,0.124
4810.000,0.260
4811.000,0.171
4812.000,0.143
4813.000,0.228
4814.000,0.128
4815.000,0.161
4816.000,0.182
4817.000,0.113
4818.000,0.162
4819.000,0.144
4820.000,0.110
4821.000,0.149
4822.000,0.122
4823.000,0.105
4824.000,0.134
4825.000,0.115
4826.000,0.097
4827.000,0.115
4828.000,0.115
4829.000,0.095
4830.000,0.094
4831.000,0.106
4832.000,0.104
4833.000,0.089
4834.000,0.085
4835.000,0.093
4836.000,0.096
4837.000,0.089
4838.000,0.080
4839.000,0.078
4840.000,0.082
4841.000,0.085
4842.000,0.085
4843.000,0.082
4844.000,0.077
4845.000,0.073
4846.000,0.070
4847.000,0.067
4848.000,0.066
4849.000,0.066
4850.000,0.065
4851.000,0.064
4852.000,0.063
4853.000,0.064
4854.000,0.069
4855.000,0.088
4856.000,0.152
4857.000,0.438
4858.000,1.250
4859.000,5.349
4860.000,6.214
4861.000,3.684
4862.000,0.359
4863.000,3.679
4864.000,0.693
4865.000,1.945
4866.000,1.138
4867.000,0.982
4868.000,1.304
4869.000,0.812
4870.000,0.936
4871.000,0.801
4872.000,0.587
4873.000,0.930
4874.000,0.345
4875.000,0.908
4876.000,0.366
4877.000,0.657
4878.000,0.563
4879.000,0.392
4880.000,0.640
4881.000,0.368
4882.000,0.503
4883.000,0.495
4884.000,0.366
4885.000,0.506
4886.000,0.382
4887.000,0.407
4888.000,0.434
4889.000,0.358
4890.000,0.416
4891.000,0.377
4892.000,0.374
4893.000,0.385
4894.000,0.360
4895.000,0.365
4896.000,0.355
4897.000,0.351
4898.000,0.341
4899.000,0.345
4900.000,0.332
4901.000,0.330
4902.000,0.331
4903.000,0.310
4904.000,0.326
4905.000,0.301
4906.000,0.306
4907.000,0.302
4908.000,0.290
4909.000,0.296
4910.000,0.282
4911.000,0.280
4912.000,0.278
4913.000,0.265
4914.000,0.269
4915.000,0.261
4916.000,0.266
4917.000,0.252
4918.000,0.250
4919.000,0.253
4920.000,0.235
4921.000,0.238
4922.000,0.248
4923.000,0.283
4924.000,0.747
4925.000,0.579
4926.000,0.280
4927.000,0.458
4928.000,0.278
4929.000,0.412
4930.000,0.292
4931.000,0.375
4932.000,0.289
4933.000,0.339
4934.000,0.277
4935.000,0.303
4936.000,0.267
4937.000,0.267
4938.000,0.258
4939.000,0.235
4940.000,0.253
4941.000,0.207
4942.000,0.234
4943.000,0.204
4944.000,0.208
4945.000,0.218
4946.000,0.190
4947.000,0.205
4948.000,0.196
4949.000,0.176
4950.000,0.197
4951.000,0.173
4952.000,0.174
4953.000,0.179
4954.000,0.162
4955.000,0.154
4956.000,0.165
4957.000,0.160
4958.000,0.143
4959.000,0.141
4960.000,0.149
4961.000,0.148
4962.000,0.138
4963.000,0.126
4964.000,0.118
4965.000,0.119
4966.000,0.124
4967.000,0.141
4968.000,0.198
4969.000,0.534
4970.000,1.232
4971.000,3.930
4972.000,2.345
4973.000,0.478
4974.000,2.147
4975.000,0.488
4976.000,1.377
4977.000,0.553
4978.000,1.050
4979.000,0.415
4980.000,0.969
4981.000,0.282
4982.000,0.853
4983.000,0.328
4984.000,0.627
4985.000,0.445
4986.000,0.405
4987.000,0.516
4988.000,0.362
4989.000,0.419
4990.000,0.441
4991.000,0.315
4992.000,0.437
4993.000,0.346
4994.000,0.332
4995.000,0.402
4996.000,0.293
4997.000,0.360
4998.000,0.333
4999.000,0.303
