0.000,9255.174,1.975,1.814,0.001,30.849
1.000,8152.640,1.058,12.462,0.531,26.644
2.000,8016.343,5.901,24.955,1.398,25.323
3.000,8098.085,10.739,34.230,2.077,24.916
4.000,8116.995,13.149,38.408,2.368,24.689
5.000,8069.077,12.929,37.958,2.301,24.595
6.000,7965.091,11.224,34.917,2.021,24.529
7.000,7920.813,8.978,30.715,1.636,24.766
8.000,7875.640,7.275,27.273,1.293,24.959
9.000,7771.294,6.176,24.998,1.061,24.843
10.000,7792.629,5.705,23.891,0.903,25.072
11.000,7770.301,5.717,23.754,0.804,25.097
12.000,7760.353,6.018,24.179,0.737,25.130
13.000,7731.090,6.407,24.657,0.660,25.110
14.000,7667.122,6.746,25.027,0.621,24.935
15.000,7729.047,6.905,25.277,0.621,25.142
16.000,7661.317,6.893,25.212,0.615,24.922
17.000,7670.177,6.876,25.183,0.619,24.948
18.000,7713.082,6.674,24.856,0.649,25.061
19.000,7704.876,6.635,24.831,0.677,25.005
20.000,7708.657,7.100,25.673,0.702,24.992
21.000,7681.288,7.892,26.976,0.703,24.900
22.000,7686.803,7.507,26.216,0.656,24.965
23.000,7667.984,7.516,26.188,0.621,24.938
24.000,7662.355,8.897,28.570,0.641,24.899
25.000,7656.854,11.266,32.431,0.679,24.842
26.000,7648.438,13.166,35.486,0.736,24.758
27.000,7615.657,14.055,36.908,0.767,24.618
28.000,7599.228,13.344,35.599,0.728,24.602
29.000,7620.427,11.720,32.817,0.661,24.740
30.000,7601.449,10.013,29.979,0.623,24.714
31.000,7642.186,9.329,28.839,0.612,24.860
32.000,7615.388,10.167,30.235,0.637,24.746
33.000,7587.240,12.280,33.735,0.698,24.591
34.000,7572.493,13.876,36.368,0.744,24.496
35.000,7587.780,15.483,38.927,0.785,24.506
36.000,7572.921,15.817,39.397,0.782,24.459
37.000,7573.601,13.462,35.678,0.707,24.537
38.000,7574.836,11.899,33.263,0.685,24.563
39.000,7580.848,12.081,33.552,0.704,24.564
40.000,7572.628,14.405,37.126,0.767,24.473
41.000,7577.610,17.745,42.234,0.863,24.394
42.000,7573.377,19.599,44.898,0.893,24.350
43.000,7577.126,18.008,42.198,0.793,24.463
44.000,7558.738,14.349,36.358,0.659,24.535
45.000,7562.911,12.455,33.436,0.618,24.590
46.000,7556.112,12.913,34.274,0.648,24.537
47.000,7544.508,15.564,38.484,0.744,24.402
48.000,7539.569,18.595,42.998,0.828,24.302
49.000,7547.523,20.475,45.609,0.851,24.305
50.000,7527.985,19.813,44.623,0.816,24.276
51.000,7539.536,15.292,37.863,0.694,24.436
52.000,7530.247,13.100,34.486,0.643,24.456
53.000,7507.736,13.975,35.864,0.678,24.346
54.000,7518.502,17.123,40.735,0.792,24.267
55.000,7518.162,20.142,45.146,0.869,24.189
56.000,7508.729,18.626,42.852,0.813,24.215
57.000,7507.781,16.865,40.196,0.755,24.269
58.000,7525.175,16.290,39.349,0.741,24.341
59.000,7523.712,16.407,39.560,0.754,24.323
60.000,7519.618,13.803,35.489,0.688,24.375
61.000,7513.336,10.562,30.311,0.608,24.434
62.000,7496.850,12.580,33.641,0.679,24.309
63.000,7475.150,18.741,43.145,0.849,24.066
64.000,7484.703,23.798,50.831,1.012,23.934
65.000,7511.323,23.618,50.631,1.001,24.034
66.000,7489.806,19.447,44.400,0.878,24.086
67.000,7501.824,14.430,36.616,0.723,24.281
68.000,7489.877,12.842,34.035,0.688,24.276
69.000,7497.818,15.314,37.770,0.757,24.234
70.000,7500.289,20.049,44.836,0.885,24.114
71.000,7477.551,17.651,41.219,0.780,24.143
72.000,7511.962,16.218,39.196,0.748,24.290
73.000,7498.931,14.368,36.403,0.700,24.294
74.000,7479.736,13.358,34.856,0.686,24.244
75.000,7501.234,15.628,38.379,0.762,24.240
76.000,7486.502,19.588,44.404,0.894,24.059
77.000,7497.131,20.948,46.406,0.917,24.071
78.000,7479.441,20.285,45.390,0.887,24.043
79.000,7463.873,18.340,42.410,0.828,24.049
80.000,7494.391,12.974,34.143,0.674,24.305
81.000,7500.315,12.692,33.825,0.705,24.293
82.000,7467.673,15.299,37.964,0.794,24.095
83.000,7465.158,16.299,39.446,0.806,24.075
84.000,7477.501,16.757,40.118,0.786,24.136
85.000,7461.654,15.623,38.467,0.747,24.123
86.000,7471.826,16.211,39.390,0.769,24.135
87.000,7484.245,18.539,42.901,0.856,24.088
88.000,7467.648,20.194,45.229,0.902,23.987
89.000,7455.369,19.871,44.737,0.907,23.942
90.000,7452.522,17.478,41.122,0.832,24.007
91.000,7482.002,13.221,34.608,0.709,24.228
92.000,7457.156,11.160,31.308,0.634,24.221
93.000,7479.570,15.496,38.294,0.786,24.143
94.000,7467.188,21.813,47.797,0.976,23.912
95.000,7456.178,21.274,46.998,0.971,23.881
96.000,7471.998,15.620,38.440,0.776,24.128
97.000,7459.717,12.960,34.226,0.688,24.175
98.000,7468.029,12.985,34.535,0.746,24.145
99.000,7483.371,14.328,36.831,0.826,24.115
100.000,7477.361,15.179,37.958,0.828,24.093
101.000,7448.220,15.841,39.001,0.814,24.010
102.000,7454.108,16.965,40.645,0.823,24.022
103.000,7462.533,19.029,43.570,0.869,24.003
104.000,7464.307,21.100,46.439,0.935,23.943
105.000,7424.987,18.393,42.275,0.846,23.901
106.000,7424.925,16.847,39.852,0.803,23.943
107.000,7430.792,17.041,40.254,0.842,23.925
108.000,7438.954,15.290,37.424,0.748,24.046
109.000,7462.786,13.496,34.924,0.709,24.164
110.000,7432.660,15.815,38.583,0.786,23.986
111.000,7424.623,18.429,42.599,0.873,23.873
112.000,7413.139,19.907,44.967,0.933,23.775
113.000,7450.544,18.404,42.719,0.880,23.952
114.000,7416.553,16.449,39.727,0.807,23.912
115.000,7415.518,16.121,39.225,0.807,23.909
116.000,7442.263,14.625,36.944,0.771,24.034
117.000,7438.115,16.329,39.484,0.821,23.970
118.000,7432.779,20.503,45.503,0.923,23.849
119.000,7425.287,24.575,51.175,1.045,23.703
120.000,7434.130,21.110,46.072,0.929,23.848
121.000,7413.946,14.790,36.566,0.724,23.986
122.000,7413.614,13.706,34.850,0.711,23.998
123.000,7411.353,15.808,38.159,0.817,23.885
124.000,7416.727,18.169,41.717,0.882,23.837
125.000,7440.367,12.314,33.101,0.684,24.114
126.000,7460.113,10.695,30.685,0.635,24.229
127.000,7432.962,15.184,37.936,0.789,23.985
128.000,7444.922,21.749,47.777,1.010,23.804
129.000,7426.928,25.924,53.832,1.162,23.591
130.000,7437.271,21.217,46.863,0.965,23.822
131.000,7406.030,15.284,37.899,0.779,23.905
132.000,7412.526,13.091,34.388,0.734,23.971
133.000,7379.992,15.210,37.543,0.824,23.773
134.000,7431.412,18.598,42.748,0.996,23.772
135.000,7409.562,12.168,32.594,0.687,24.008
136.000,7398.609,10.743,30.409,0.635,24.023
137.000,7389.759,15.725,38.347,0.821,23.808
138.000,7398.657,19.822,44.990,1.050,23.609
139.000,7417.354,15.376,38.119,0.867,23.854
140.000,7412.523,11.889,32.592,0.732,23.973
141.000,7429.374,14.292,36.776,0.905,23.856
142.000,7402.368,14.936,37.590,0.881,23.790
143.000,7410.334,14.071,35.949,0.771,23.927
144.000,7391.722,17.982,41.723,0.881,23.754
145.000,7425.841,22.493,48.292,1.054,23.695
146.000,7381.817,14.475,36.219,0.761,23.842
147.000,7402.596,11.949,32.282,0.682,23.990
148.000,7411.114,14.096,35.993,0.797,23.903
149.000,7414.695,18.435,42.742,0.973,23.740
150.000,7410.949,14.989,37.547,0.846,23.854
151.000,7365.679,13.459,34.916,0.763,23.785
152.000,7410.829,13.501,35.168,0.816,23.883
153.000,7423.049,13.183,34.940,0.870,23.870
154.000,7404.167,9.998,29.445,0.709,23.968
155.000,7414.097,10.408,30.069,0.690,24.020
156.000,7384.044,15.528,38.163,0.860,23.750
157.000,7388.838,20.116,45.161,1.021,23.605
158.000,7387.080,22.270,48.173,1.068,23.552
159.000,7391.776,19.356,43.383,0.915,23.721
160.000,7385.713,14.384,35.798,0.783,23.832
161.000,7370.982,10.195,29.062,0.650,23.917
162.000,7388.890,14.143,35.840,0.890,23.736
163.000,7402.474,14.296,35.922,0.841,23.830
164.000,7396.701,13.254,34.199,0.726,23.926
165.000,7384.875,16.901,40.111,0.874,23.739
166.000,7391.583,20.434,45.569,1.018,23.617
167.000,7399.112,18.248,42.180,0.940,23.720
168.000,7386.615,15.146,37.199,0.813,23.805
169.000,7381.547,13.572,34.631,0.755,23.847
170.000,7382.825,15.975,38.327,0.875,23.730
171.000,7401.445,16.520,39.246,0.919,23.749
172.000,7391.487,12.064,32.292,0.713,23.921
173.000,7395.093,14.682,36.692,0.873,23.774
174.000,7395.804,17.387,40.888,0.961,23.688
175.000,7381.502,16.698,39.640,0.864,23.737
176.000,7366.093,16.165,38.922,0.860,23.689
177.000,7387.919,15.834,38.461,0.890,23.732
178.000,7391.354,10.695,30.374,0.704,23.930
179.000,7382.965,9.139,27.828,0.662,23.944
180.000,7388.129,14.396,36.599,0.942,23.682
181.000,7354.148,15.387,37.881,0.897,23.613
182.000,7386.242,14.460,36.511,0.819,23.798
183.000,7372.125,14.175,36.035,0.801,23.768
184.000,7344.781,15.394,37.800,0.852,23.627
185.000,7377.156,20.125,44.827,1.119,23.468
186.000,7379.699,11.699,31.956,0.724,23.871
187.000,7364.374,10.565,30.034,0.687,23.856
188.000,7387.969,9.557,28.539,0.651,23.971
189.000,7345.833,16.329,39.173,0.895,23.587
190.000,7382.597,18.566,42.825,0.962,23.642
191.000,7383.444,21.836,47.640,1.053,23.554
192.000,7395.781,20.505,45.601,1.060,23.588
193.000,7374.101,9.588,28.412,0.644,23.932
194.000,7381.396,8.443,26.273,0.631,23.969
195.000,7413.483,19.256,43.244,1.188,23.520
196.000,7397.006,11.362,31.377,0.819,23.833
197.000,7424.247,6.232,22.974,0.548,24.195
198.000,7391.119,10.221,30.327,0.722,23.910
199.000,7400.734,16.101,39.886,0.962,23.703
200.000,7391.462,20.981,47.240,1.126,23.507
201.000,7382.662,22.454,49.042,1.138,23.467
202.000,7393.425,14.512,36.924,0.836,23.804
203.000,7398.557,7.820,25.750,0.615,24.043
204.000,7421.308,6.049,22.255,0.598,24.135
205.000,7353.446,10.366,29.706,0.797,23.710
206.000,7366.409,16.206,39.017,0.968,23.582
207.000,7391.642,17.611,41.207,0.942,23.693
208.000,7391.669,20.035,44.635,1.014,23.621
209.000,7379.302,17.220,40.216,0.950,23.643
210.000,7354.036,10.274,29.236,0.718,23.791
211.000,7384.728,10.477,29.739,0.773,23.838
212.000,7423.520,14.622,37.525,1.032,23.708
213.000,7441.256,16.674,40.869,1.054,23.745
214.000,7417.067,17.111,41.466,1.020,23.698
215.000,7440.067,16.379,40.286,1.106,23.689
216.000,7421.273,11.368,31.759,0.881,23.852
217.000,7423.482,7.182,24.560,0.652,24.088
218.000,7358.535,12.561,33.532,0.848,23.675
219.000,7459.055,23.850,51.068,1.388,23.470
220.000,7404.780,23.688,50.309,1.236,23.442
221.000,7403.072,12.272,33.414,0.796,23.876
222.000,7402.081,12.619,33.743,0.865,23.804
223.000,7382.519,12.925,33.862,0.860,23.744
224.000,7359.902,14.133,35.580,0.816,23.712
225.000,7355.473,14.746,36.826,0.805,23.708
226.000,7441.691,20.897,46.419,1.097,23.704
227.000,7410.911,18.229,42.393,1.017,23.681
228.000,7394.306,9.782,29.206,0.699,23.943
229.000,7392.106,9.428,28.478,0.706,23.929
230.000,7411.393,15.545,38.500,0.972,23.728
231.000,7406.125,17.480,41.438,0.992,23.690
232.000,7363.542,17.585,41.074,0.905,23.635
233.000,7410.523,18.557,42.548,1.056,23.641
234.000,7390.958,12.196,32.672,0.842,23.789
235.000,7431.198,4.765,20.039,0.563,24.203
236.000,7425.179,7.036,24.630,0.702,24.044
237.000,7398.373,11.502,32.160,0.796,23.860
238.000,7436.415,16.322,40.230,0.944,23.839
239.000,7451.606,21.289,48.034,1.132,23.702
240.000,7452.145,23.758,51.445,1.214,23.622
241.000,7412.431,17.880,42.320,0.954,23.749
242.000,7423.889,15.688,38.623,0.978,23.764
243.000,7430.487,8.755,27.017,0.706,24.058
244.000,7409.596,5.640,21.263,0.559,24.134
245.000,7476.789,2.369,14.578,0.460,24.458
246.000,7401.479,8.367,26.295,0.803,23.863
247.000,7463.706,19.777,44.830,1.494,23.380
248.000,7388.553,11.206,31.218,0.847,23.777
249.000,7399.032,8.929,27.843,0.752,23.906
250.000,7404.155,12.233,33.426,0.886,23.789
251.000,7401.328,18.298,42.895,1.158,23.508
252.000,7456.659,22.952,49.803,1.403,23.447
253.000,7419.256,11.274,31.299,0.784,23.941
254.000,7401.498,8.336,26.234,0.687,23.980
255.000,7389.940,10.064,29.266,0.849,23.779
256.000,7454.259,12.586,33.730,1.042,23.800
257.000,7409.694,10.758,30.422,0.853,23.841
258.000,7433.805,10.367,30.063,0.847,23.927
259.000,7445.754,12.215,33.534,1.020,23.794
260.000,7420.488,9.941,29.339,0.850,23.880
261.000,7460.956,7.288,24.728,0.725,24.140
262.000,7486.969,9.216,28.509,0.867,24.085
263.000,7500.603,11.172,31.896,0.925,24.072
264.000,7485.587,12.541,33.938,0.907,24.040
265.000,7479.069,12.043,32.857,0.821,24.104
266.000,7469.435,11.186,31.614,0.817,24.076
267.000,7477.828,10.777,30.967,0.838,24.083
268.000,7478.992,12.218,33.201,0.889,24.036
269.000,7468.580,16.083,39.407,1.081,23.809
270.000,7462.333,14.474,36.752,0.956,23.914
271.000,7460.870,10.471,29.988,0.778,24.086
272.000,7463.092,11.572,31.641,0.870,24.002
273.000,7475.971,11.045,30.878,0.873,24.042
274.000,7441.463,10.915,30.500,0.820,23.980
275.000,7476.709,14.297,35.855,0.934,23.983
276.000,7458.266,13.333,34.532,0.847,24.009
277.000,7478.224,13.353,34.694,0.866,24.056
278.000,7478.836,12.684,33.604,0.849,24.075
279.000,7463.060,13.505,34.866,0.870,24.001
280.000,7452.577,16.291,39.199,0.962,23.875
281.000,7458.196,19.156,43.543,1.099,23.756
282.000,7461.140,15.398,37.523,0.920,23.945
283.000,7477.266,8.852,27.121,0.689,24.230
284.000,7447.122,10.674,30.423,0.849,23.970
285.000,7436.858,11.971,32.450,0.893,23.891
286.000,7452.372,15.835,38.881,1.047,23.789
287.000,7417.221,14.025,35.891,0.863,23.856
288.000,7466.418,12.254,33.301,0.812,24.070
289.000,7467.789,12.242,33.465,0.871,24.016
290.000,7466.046,11.501,32.356,0.852,24.029
291.000,7459.440,12.964,34.635,0.878,23.981
292.000,7444.840,14.337,36.636,0.874,23.936
293.000,7416.122,14.803,37.252,0.854,23.861
294.000,7424.313,16.636,39.953,0.968,23.774
295.000,7459.593,16.423,39.545,1.008,23.852
296.000,7442.248,10.410,29.743,0.717,24.085
297.000,7428.808,11.606,31.555,0.782,23.975
298.000,7458.238,16.596,39.713,1.081,23.774
299.000,7441.783,17.127,40.227,1.081,23.719
300.000,7424.576,13.067,33.628,0.861,23.882
301.000,7448.066,9.326,27.653,0.731,24.090
302.000,7473.914,6.132,21.920,0.588,24.319
303.000,7440.482,11.443,31.300,0.891,23.905
304.000,7424.389,14.824,36.806,0.999,23.743
305.000,7440.801,13.476,35.302,0.915,23.882
306.000,7446.965,11.909,32.553,0.787,24.030
307.000,7462.743,11.242,31.685,0.760,24.110
308.000,7470.343,12.146,33.410,0.834,24.061
309.000,7415.931,13.958,36.601,0.937,23.776
310.000,7447.786,15.258,38.641,0.978,23.842
311.000,7430.773,15.907,39.235,0.958,23.805
312.000,7421.990,13.659,35.293,0.848,23.886
313.000,7461.249,15.377,37.951,1.038,23.827
314.000,7457.777,8.428,26.649,0.717,24.136
315.000,7460.547,7.145,24.394,0.671,24.191
316.000,7445.807,7.462,25.178,0.680,24.133
317.000,7434.472,11.474,32.078,0.874,23.901
318.000,7412.636,13.689,35.743,0.948,23.754
319.000,7431.244,12.362,33.706,0.840,23.925
320.000,7435.003,12.988,34.566,0.855,23.922
321.000,7457.593,16.582,39.881,0.976,23.876
322.000,7420.264,14.880,36.830,0.907,23.821
323.000,7444.715,9.781,29.020,0.801,24.008
324.000,7455.206,6.886,24.000,0.763,24.081
325.000,7437.378,7.380,24.869,0.678,24.107
326.000,7422.479,10.780,30.974,0.815,23.920
327.000,7403.195,16.958,41.049,1.102,23.568
328.000,7468.561,16.955,40.962,1.204,23.684
329.000,7408.838,13.983,35.758,0.848,23.842
330.000,7439.996,15.133,37.628,1.022,23.771
331.000,7452.009,8.040,25.624,0.659,24.175
332.000,7422.661,10.101,28.617,0.789,23.946
333.000,7448.722,19.277,42.909,1.261,23.561
334.000,7413.632,17.554,40.312,1.035,23.670
335.000,7420.720,8.920,27.262,0.665,24.063
336.000,7451.389,10.308,29.711,0.757,24.074
337.000,7457.457,8.824,27.601,0.718,24.133
338.000,7417.320,12.670,33.837,0.845,23.872
339.000,7416.485,19.696,44.454,1.109,23.606
340.000,7414.402,17.281,40.645,0.974,23.733
341.000,7432.714,10.758,30.346,0.735,24.034
342.000,7435.979,10.432,29.712,0.802,23.978
343.000,7422.479,10.333,29.465,0.883,23.852
344.000,7434.945,9.530,28.689,0.805,23.971
345.000,7433.878,12.768,34.222,0.919,23.853
346.000,7443.393,10.939,31.030,0.797,24.007
347.000,7446.854,8.356,26.907,0.715,24.100
348.000,7464.060,8.475,27.305,0.762,24.111
349.000,7452.245,9.959,30.065,0.920,23.913
350.000,7460.915,10.830,31.561,0.912,23.950
351.000,7456.506,14.917,37.843,0.906,23.941
352.000,7426.410,15.451,38.339,0.899,23.848
353.000,7410.466,16.814,39.640,0.957,23.737
354.000,7444.950,21.348,46.450,1.248,23.561
355.000,7420.309,9.822,28.985,0.713,24.013
356.000,7431.411,8.200,26.222,0.637,24.126
357.000,7475.222,13.086,34.724,1.036,23.874
358.000,7447.577,10.972,31.128,0.917,23.900
359.000,7469.605,6.019,22.984,0.651,24.240
360.000,7448.147,7.576,25.914,0.707,24.112
361.000,7416.653,11.324,32.530,0.872,23.843
362.000,7404.988,15.174,38.629,0.958,23.717
363.000,7415.891,21.324,47.344,1.138,23.573
364.000,7460.544,26.226,54.035,1.419,23.442
365.000,7485.757,9.180,28.340,0.659,24.286
366.000,7466.793,6.280,23.171,0.603,24.278
367.000,7450.160,11.234,31.932,0.967,23.859
368.000,7434.700,10.995,31.279,0.906,23.869
369.000,7438.236,8.529,27.515,0.758,24.028
370.000,7461.399,9.026,28.398,0.764,24.099
371.000,7442.284,10.167,30.523,0.838,23.962
372.000,7463.017,11.093,32.165,0.891,23.978
373.000,7447.792,12.403,34.405,0.945,23.873
374.000,7452.714,12.726,34.680,0.925,23.909
375.000,7438.321,11.512,32.429,0.854,23.933
376.000,7440.310,9.397,28.799,0.790,24.003
377.000,7431.829,9.229,28.467,0.844,23.921
378.000,7439.253,13.015,34.609,0.996,23.793
379.000,7428.189,13.158,34.818,0.951,23.802
380.000,7432.235,9.921,29.268,0.746,24.020
381.000,7440.249,9.724,28.966,0.790,24.003
382.000,7439.574,9.268,28.280,0.849,23.942
383.000,7433.480,9.192,28.510,0.870,23.901
384.000,7422.570,17.919,42.362,1.072,23.662
385.000,7460.838,22.676,49.457,1.323,23.538
386.000,7434.499,16.230,39.566,0.940,23.833
387.000,7448.239,14.821,37.061,0.936,23.883
388.000,7587.360,10.586,30.205,1.255,24.028
389.000,7452.469,12.753,33.090,0.950,23.883
390.000,7464.562,6.672,23.412,0.641,24.233
391.000,7508.640,10.779,31.049,0.863,24.157
392.000,7473.364,8.676,27.252,0.673,24.230
393.000,7474.788,11.348,31.782,0.772,24.136
394.000,7498.946,18.549,43.464,1.143,23.846
395.000,7455.683,14.334,36.740,0.847,23.997
396.000,7464.049,12.837,34.215,0.750,24.122
397.000,7447.056,12.548,33.666,0.773,24.042
398.000,7420.317,15.126,37.609,0.906,23.820
399.000,7447.956,22.391,48.467,1.259,23.559
400.000,7412.364,16.890,39.466,0.885,23.814
401.000,7418.121,13.473,34.263,0.805,23.914
402.000,7487.490,5.496,21.269,0.544,24.406
403.000,7456.020,5.799,22.038,0.613,24.232
404.000,7417.502,12.402,33.737,0.975,23.742
405.000,7412.693,14.198,36.502,0.924,23.777
406.000,7415.102,19.228,43.665,1.036,23.672
407.000,7444.490,22.146,47.538,1.153,23.654
408.000,7525.793,7.619,25.588,0.624,24.454
409.000,7519.974,6.355,23.430,0.631,24.427
410.000,7476.118,9.825,29.747,0.794,24.117
411.000,7479.696,16.117,39.978,1.063,23.861
412.000,7502.099,18.671,43.827,1.160,23.838
413.000,7489.601,10.860,31.376,0.766,24.190
414.000,7485.582,8.121,26.760,0.716,24.227
415.000,7482.446,8.070,26.810,0.762,24.171
416.000,7450.808,12.249,33.895,0.926,23.901
417.000,7485.544,21.062,47.363,1.325,23.618
418.000,7425.543,14.116,36.170,0.845,23.898
419.000,7458.453,9.183,28.251,0.687,24.166
420.000,7445.076,10.467,30.084,0.796,24.013
421.000,7418.468,11.650,31.801,0.853,23.867
422.000,7441.842,10.932,31.087,0.811,23.987
423.000,7452.573,11.645,32.201,0.796,24.037
424.000,7433.629,14.435,36.259,0.901,23.869
425.000,7493.092,7.563,25.629,0.683,24.285
426.000,7477.447,8.440,27.193,0.733,24.183
427.000,7492.793,16.380,39.983,1.123,23.844
428.000,7457.852,14.578,36.842,0.882,23.968
429.000,7485.453,9.965,29.997,0.707,24.235
430.000,7480.309,9.036,28.488,0.688,24.238
431.000,7490.672,8.769,28.056,0.721,24.238
432.000,7500.924,10.294,30.750,0.812,24.182
433.000,7487.565,13.058,35.370,0.899,24.050
434.000,7507.302,14.359,37.289,0.898,24.118
435.000,7504.215,14.674,37.702,0.892,24.113
436.000,7499.829,14.774,37.875,0.930,24.060
437.000,7497.583,15.231,38.292,0.940,24.043
438.000,7497.812,19.550,44.113,1.135,23.848
439.000,7524.564,8.903,27.858,0.675,24.398
440.000,7531.993,7.045,24.670,0.626,24.471
441.000,7522.164,7.963,26.597,0.727,24.337
442.000,7496.150,10.010,30.135,0.847,24.131
443.000,7479.500,13.634,35.715,0.958,23.965
444.000,7484.895,18.871,43.680,1.165,23.775
445.000,7469.781,16.599,39.591,1.048,23.842
446.000,7495.400,16.265,39.038,0.975,24.001
447.000,7488.996,8.507,26.561,0.658,24.296
448.000,7525.435,7.667,24.621,0.696,24.380
449.000,7502.336,6.749,23.062,0.666,24.332
450.000,7507.581,9.196,27.907,0.687,24.329
451.000,7500.379,16.982,40.282,0.944,24.048
452.000,7484.185,13.658,35.870,0.828,24.110
453.000,7609.382,17.527,42.504,1.324,24.031
454.000,7498.522,10.446,30.826,0.750,24.236
455.000,7498.249,9.063,28.298,0.669,24.315
456.000,7482.044,12.609,34.346,0.896,24.035
457.000,7486.811,10.974,31.305,0.831,24.115
458.000,7471.697,7.480,25.484,0.716,24.180
459.000,7480.382,10.071,30.145,0.926,23.998
460.000,7480.446,11.112,31.462,0.797,24.128
461.000,7482.928,13.139,34.759,0.899,24.034
462.000,7505.892,9.163,28.186,0.690,24.320
463.000,7494.656,10.520,30.056,0.781,24.191
464.000,7489.465,9.485,28.275,0.795,24.160
465.000,7519.276,9.364,28.352,0.845,24.209
466.000,7484.367,14.893,37.284,1.009,23.929
467.000,7479.810,10.519,30.156,0.699,24.224
468.000,7481.516,11.760,32.562,0.793,24.135
469.000,7501.658,8.020,26.421,0.653,24.342
470.000,7482.509,9.358,28.394,0.699,24.233
471.000,7537.021,15.200,38.232,1.103,24.010
472.000,7487.988,8.269,26.583,0.689,24.261
473.000,7478.200,7.177,24.687,0.659,24.258
474.000,7465.378,14.166,36.201,0.941,23.934
475.000,7480.739,16.303,39.289,1.108,23.818
476.000,7474.371,14.279,36.697,0.889,24.015
477.000,7474.497,9.822,29.319,0.668,24.237
478.000,7467.037,11.097,31.249,0.734,24.146
479.000,7497.929,13.632,34.748,1.032,23.951
480.000,7533.426,4.545,19.722,0.549,24.552
481.000,7496.150,6.982,24.682,0.624,24.353
482.000,7493.269,10.770,31.554,0.764,24.203
483.000,7487.008,16.785,41.102,1.059,23.887
484.000,7463.983,12.195,33.626,0.805,24.064
485.000,7594.761,7.965,25.821,0.647,24.658
486.000,7532.528,10.930,31.164,0.842,24.255
487.000,7545.235,7.349,24.928,0.788,24.352
488.000,7578.772,4.590,19.395,0.656,24.596
489.000,7575.326,5.712,21.330,0.780,24.461
490.000,7630.617,10.275,29.962,1.082,24.343
491.000,7544.952,6.701,23.388,0.779,24.360
492.000,7571.076,5.692,21.563,0.725,24.501
493.000,7541.435,5.770,20.902,0.684,24.443
494.000,7570.699,11.641,31.111,1.076,24.148
495.000,7540.268,13.343,33.464,1.254,23.869
496.000,7599.650,3.260,16.123,0.621,24.700
497.000,7576.490,2.396,14.092,0.544,24.699
498.000,7579.157,3.411,16.668,0.610,24.643
499.000,7590.180,5.181,20.725,0.731,24.558
500.000,7569.151,6.901,24.641,0.827,24.392
501.000,7565.793,9.903,30.135,0.927,24.281
502.000,7559.554,9.092,28.372,0.769,24.418
503.000,7728.542,3.152,15.244,0.556,25.194
504.000,7674.765,1.601,11.527,0.534,25.037
505.000,7640.219,3.585,17.212,0.900,24.556
506.000,7687.860,7.411,25.823,1.295,24.320
507.000,7619.163,5.978,23.314,0.924,24.462
508.000,7680.127,8.408,27.855,0.893,24.696
509.000,7604.957,12.460,34.507,1.001,24.338
510.000,7574.472,17.392,42.108,1.251,23.986
511.000,7581.947,12.205,33.791,1.084,24.178
512.000,7543.777,10.198,30.271,0.944,24.190
513.000,7601.113,5.079,21.013,0.566,24.760
514.000,7557.291,7.122,24.666,0.594,24.585
515.000,7564.303,20.382,45.523,1.392,23.811
516.000,7546.173,6.911,25.106,0.661,24.481
517.000,7579.599,5.101,21.935,0.622,24.632
518.000,7587.464,4.525,20.751,0.600,24.681
519.000,7590.163,5.532,22.794,0.622,24.667
520.000,7534.200,7.688,26.956,0.687,24.416
521.000,7529.322,9.779,30.651,0.761,24.325
522.000,7530.026,10.516,31.812,0.786,24.302
523.000,7531.932,9.469,29.973,0.839,24.256
524.000,7543.687,8.603,28.257,0.753,24.381
525.000,7513.854,15.484,39.066,0.943,24.091
526.000,7493.154,13.833,36.517,0.815,24.150
527.000,7489.081,14.246,36.959,0.913,24.039
528.000,7470.444,10.414,30.722,0.744,24.146
529.000,7480.728,13.475,35.897,0.880,24.044
530.000,7469.211,9.450,29.483,0.761,24.125
531.000,7465.201,11.688,33.139,0.847,24.025
532.000,7466.729,7.544,26.249,0.637,24.241
533.000,7450.958,9.820,29.780,0.701,24.124
534.000,7555.881,14.981,38.349,1.124,24.050
535.000,7510.906,5.923,23.027,0.573,24.452
536.000,7526.741,5.539,22.395,0.741,24.336
537.000,7506.561,9.339,29.477,0.935,24.075
538.000,7471.696,8.266,27.469,0.811,24.083
539.000,7543.223,3.572,18.225,0.546,24.586
540.000,7526.824,3.798,18.704,0.550,24.528
541.000,7509.837,6.022,23.367,0.655,24.366
542.000,7511.405,7.545,26.370,0.718,24.308
543.000,7488.372,8.453,28.091,0.724,24.225
544.000,7489.298,9.840,30.549,0.756,24.197
545.000,7545.504,11.365,33.221,0.967,24.173
546.000,7500.163,12.240,34.583,0.819,24.170
547.000,7497.117,12.549,35.039,0.839,24.139
548.000,7480.733,12.436,34.593,0.884,24.039
549.000,7471.213,9.745,29.453,0.844,24.047
550.000,7514.956,12.602,34.199,1.099,23.938
551.000,7469.459,9.774,29.283,0.694,24.192
552.000,7493.046,8.074,26.594,0.626,24.339
553.000,7469.622,8.895,27.965,0.683,24.204
554.000,7474.347,13.159,35.123,0.945,23.957
555.000,7445.327,11.713,32.161,0.786,24.019
556.000,7464.852,14.714,37.008,0.935,23.935
557.000,7432.901,10.719,30.630,0.696,24.068
558.000,7552.017,12.892,34.648,1.223,23.938
559.000,7439.211,11.250,31.447,0.751,24.034
560.000,7434.792,11.574,31.566,0.758,24.012
561.000,7498.453,12.346,32.821,0.885,24.097
562.000,7490.422,4.747,19.597,0.546,24.409
563.000,7469.292,5.894,22.248,0.659,24.226
564.000,7454.579,7.188,24.722,0.612,24.224
565.000,7443.078,8.138,26.573,0.648,24.149
566.000,7442.267,8.837,27.836,0.685,24.110
567.000,7447.442,8.842,27.831,0.732,24.080
568.000,7454.990,11.014,31.570,0.805,24.032
569.000,7471.088,7.514,25.377,0.623,24.268
570.000,7458.258,8.306,26.762,0.657,24.191
571.000,7447.555,13.598,35.541,0.927,23.885
572.000,7477.164,13.431,34.995,1.026,23.885
573.000,7445.740,11.135,31.601,0.783,24.023
574.000,7516.269,6.716,24.074,0.594,24.447
575.000,7513.003,6.677,24.085,0.613,24.417
576.000,7482.634,10.224,30.316,0.796,24.133
577.000,7464.207,9.856,29.700,0.769,24.098
578.000,7474.259,9.113,28.350,0.708,24.193
579.000,7466.159,9.572,29.119,0.719,24.155
580.000,7543.438,13.143,35.311,1.093,24.038
581.000,7495.947,6.384,23.652,0.609,24.364
582.000,7508.553,5.580,22.295,0.607,24.408
583.000,7525.280,5.683,22.595,0.639,24.431
584.000,7534.937,6.098,23.402,0.797,24.306
585.000,7493.593,5.761,22.799,0.637,24.328
586.000,7527.269,10.302,31.211,0.780,24.298
587.000,7502.418,11.593,33.422,0.799,24.195
588.000,7501.827,10.630,31.739,0.768,24.225
589.000,7528.728,8.366,28.000,0.831,24.252
590.000,7486.477,11.421,33.131,0.814,24.127
591.000,7479.147,11.686,33.512,0.803,24.114
592.000,7485.815,12.045,34.001,0.814,24.125
593.000,7479.692,12.141,34.009,0.828,24.090
594.000,7449.098,11.809,33.182,0.812,24.004
595.000,7424.200,15.943,39.092,0.997,23.736
596.000,7460.318,12.094,32.768,0.798,24.056
597.000,7514.644,5.971,22.709,0.585,24.450
598.000,7519.430,5.372,21.748,0.677,24.373
599.000,7484.325,6.547,23.760,0.696,24.238
600.000,7438.395,10.688,30.274,0.825,23.956
601.000,7520.408,14.634,36.794,1.202,23.852
602.000,7508.810,4.703,20.251,0.542,24.473
603.000,7521.095,3.776,18.414,0.529,24.528
604.000,7494.448,4.038,19.115,0.576,24.391
605.000,7452.130,8.214,27.224,0.808,24.018
606.000,7466.314,9.812,30.035,0.845,24.029
607.000,7453.244,9.193,28.955,0.720,24.110
608.000,7511.030,10.535,31.321,0.820,24.203
609.000,7482.979,12.148,33.843,0.793,24.136
610.000,7467.088,12.865,34.780,0.812,24.064
611.000,7468.987,14.505,37.439,0.959,23.923
612.000,7435.364,12.096,33.469,0.842,23.928
613.000,7453.595,8.062,26.601,0.690,24.141
614.000,7425.824,9.212,28.691,0.736,24.002
615.000,7459.699,10.541,30.951,0.931,23.920
616.000,7471.886,6.232,23.034,0.598,24.293
617.000,7427.547,6.994,24.540,0.631,24.113
618.000,7512.293,12.340,33.865,1.149,23.878
619.000,7520.143,4.365,19.739,0.551,24.501
620.000,7508.851,4.337,19.726,0.571,24.444
621.000,7448.751,8.833,27.897,0.814,24.000
622.000,7436.511,10.090,30.020,0.880,23.894
623.000,7472.717,5.982,22.905,0.653,24.241
624.000,7498.586,6.645,24.361,0.662,24.319
625.000,7467.739,7.445,25.991,0.715,24.162
626.000,7511.233,9.381,29.600,0.959,24.064
627.000,7474.318,9.582,29.726,0.808,24.092
628.000,7478.831,9.413,29.308,0.748,24.167
629.000,7491.728,9.038,28.662,0.737,24.221
630.000,7512.870,8.082,26.874,0.748,24.280
631.000,7504.137,5.986,23.031,0.705,24.293
632.000,7494.958,9.378,29.096,0.787,24.181
633.000,7489.985,10.361,30.936,0.799,24.153
634.000,7478.822,10.746,31.473,0.764,24.150
635.000,7450.925,12.602,34.408,0.821,24.000
636.000,7462.371,16.866,40.996,1.060,23.800
637.000,7452.746,10.831,31.353,0.772,24.055
638.000,7505.447,9.913,30.119,0.939,24.064
639.000,7419.620,10.753,31.405,0.825,23.891
640.000,7478.685,12.136,33.697,0.939,23.974
641.000,7506.613,6.558,24.026,0.637,24.370
642.000,7480.522,5.656,22.346,0.638,24.282
643.000,7472.039,5.022,21.120,0.658,24.233
644.000,7428.448,8.995,27.888,0.784,23.962
645.000,7501.284,19.183,43.775,1.377,23.612
646.000,7457.678,8.014,26.152,0.675,24.168
647.000,7474.894,6.394,23.687,0.676,24.225
648.000,7477.158,6.907,24.620,0.663,24.245
649.000,7485.689,11.680,32.908,0.995,23.941
650.000,7501.136,6.273,23.194,0.615,24.374
651.000,7511.580,6.556,24.051,0.665,24.358
652.000,7486.572,8.750,28.135,0.718,24.221
653.000,7460.597,13.121,35.356,0.941,23.912
654.000,7433.930,11.627,32.554,0.837,23.927
655.000,7472.643,8.435,26.736,0.685,24.208
656.000,7439.555,9.652,29.060,0.840,23.943
657.000,7437.406,8.086,26.313,0.701,24.075
658.000,7415.818,9.461,28.814,0.761,23.943
659.000,7441.206,12.293,33.568,0.994,23.794
660.000,7465.494,6.666,23.727,0.628,24.242
661.000,7457.196,6.727,24.039,0.636,24.205
662.000,7451.950,9.573,29.217,0.779,24.045
663.000,7436.032,8.737,27.718,0.698,24.073
664.000,7463.926,7.508,25.328,0.628,24.236
665.000,7480.515,12.071,33.423,0.943,23.976
666.000,7460.150,6.302,23.526,0.616,24.235
667.000,7468.530,6.145,23.492,0.632,24.247
668.000,7506.111,6.925,24.959,0.839,24.165
669.000,7451.100,8.076,26.530,0.706,24.115
670.000,7483.303,12.980,34.450,0.980,23.948
671.000,7503.419,7.972,25.564,0.751,24.245
672.000,7507.661,5.212,20.510,0.691,24.318
673.000,7474.574,9.094,27.795,0.879,24.020
674.000,7454.842,9.334,28.318,0.836,23.997
675.000,7452.402,12.060,33.038,0.786,24.039
676.000,7435.230,14.478,37.121,0.867,23.901
677.000,7443.577,14.105,36.516,0.860,23.936
678.000,7455.477,10.273,30.105,0.731,24.104
679.000,7434.746,13.341,35.323,0.943,23.823
680.000,7467.384,8.036,26.572,0.746,24.129
681.000,7459.250,7.650,25.928,0.676,24.172
682.000,7399.006,10.856,31.255,0.791,23.856
683.000,7399.294,11.193,31.597,0.806,23.842
684.000,7481.438,8.153,26.399,0.915,24.006
685.000,7468.993,11.886,33.098,0.970,23.910
686.000,7490.374,5.206,21.230,0.596,24.356
687.000,7520.382,4.049,18.895,0.567,24.484
688.000,7501.208,3.489,17.334,0.588,24.400
689.000,7432.181,6.851,23.429,0.738,24.020
690.000,7529.312,14.905,36.781,1.278,23.803
691.000,7523.007,6.376,23.264,0.738,24.322
692.000,7506.616,6.151,23.027,0.600,24.405
693.000,7484.835,7.207,25.277,0.656,24.276
694.000,7494.128,8.595,27.902,0.733,24.230
695.000,7479.939,10.033,30.168,0.775,24.141
696.000,7452.236,12.282,33.350,0.834,23.990
697.000,7492.885,15.993,39.165,1.230,23.729
698.000,7439.980,13.476,35.223,0.816,23.967
699.000,7432.910,11.942,32.935,0.753,24.006
700.000,7437.966,14.028,36.390,0.856,23.920
701.000,7423.622,12.784,34.309,0.783,23.945
702.000,7463.117,9.145,28.068,0.656,24.204
703.000,7426.961,8.345,26.504,0.696,24.044
704.000,7485.211,10.865,30.913,1.106,23.828
705.000,7437.278,8.539,26.463,0.665,24.109
706.000,7419.763,10.894,30.439,0.720,23.996
707.000,7491.837,15.479,38.283,1.125,23.831
708.000,7464.360,3.865,18.172,0.553,24.311
709.000,7490.585,2.872,16.238,0.492,24.459
710.000,7425.386,6.925,24.692,0.659,24.075
711.000,7454.197,10.559,31.028,0.913,23.917
712.000,7406.058,10.782,31.232,0.804,23.865
713.000,7521.291,11.072,32.065,1.123,23.931
714.000,7514.222,7.047,25.097,0.775,24.255
715.000,7504.637,5.736,22.761,0.667,24.331
716.000,7516.549,5.035,21.471,0.616,24.422
717.000,7522.403,4.248,19.959,0.632,24.426
718.000,7487.899,5.513,22.676,0.693,24.249
719.000,7503.978,8.612,28.497,0.828,24.168
720.000,7489.137,8.493,28.120,0.791,24.155
721.000,7472.543,7.247,25.610,0.711,24.180
722.000,7481.056,6.565,24.141,0.689,24.230
723.000,7462.128,6.970,24.668,0.711,24.145
724.000,7458.292,9.958,29.955,0.909,23.934
725.000,7458.212,6.874,24.226,0.676,24.167
726.000,7463.319,6.901,24.341,0.684,24.176
727.000,7533.110,10.459,30.974,1.128,23.965
728.000,7482.771,6.073,22.912,0.664,24.260
729.000,7508.929,5.617,22.251,0.646,24.366
730.000,7512.520,7.174,25.358,0.771,24.252
731.000,7505.007,5.292,21.588,0.785,24.214
732.000,7515.747,4.043,19.256,0.716,24.318
733.000,7501.667,8.536,27.896,0.833,24.155
734.000,7469.502,11.350,32.832,0.880,24.000
735.000,7454.294,12.184,33.953,0.811,24.018
736.000,7486.346,15.208,38.806,0.965,23.971
737.000,7469.594,11.805,33.055,0.773,24.107
738.000,7464.636,10.980,31.662,0.781,24.083
739.000,7451.998,11.860,33.267,0.886,23.936
740.000,7442.986,11.873,33.317,0.912,23.880
741.000,7441.419,9.630,29.399,0.796,23.990
742.000,7434.450,9.498,29.164,0.807,23.957
743.000,7439.613,9.877,29.940,0.875,23.905
744.000,7453.849,6.046,23.154,0.690,24.138
745.000,7450.133,5.765,22.810,0.735,24.080
746.000,7438.260,5.640,22.382,0.668,24.107
747.000,7417.089,7.490,25.407,0.730,23.975
748.000,7522.087,12.830,34.625,1.143,23.912
749.000,7432.494,9.035,27.772,0.808,23.948
750.000,7506.079,3.666,17.721,0.536,24.466
751.000,7491.646,3.508,17.638,0.553,24.401
752.000,7471.228,4.672,20.189,0.623,24.262
753.000,7477.275,8.185,26.932,0.808,24.097
754.000,7473.811,11.878,33.442,0.951,23.944
755.000,7503.079,14.673,37.949,1.011,23.980
756.000,7492.418,15.888,39.527,1.020,23.936
757.000,7463.327,16.511,39.831,0.883,23.976
758.000,7461.285,20.511,45.861,1.097,23.755
759.000,7462.072,11.327,31.440,0.694,24.160
760.000,7459.396,8.645,27.036,0.638,24.208
761.000,7424.972,10.370,29.523,0.791,23.940
762.000,7454.212,10.597,29.779,0.973,23.856
763.000,7481.467,6.959,23.765,0.647,24.272
764.000,7436.663,8.656,27.146,0.674,24.096
765.000,7492.802,16.874,40.512,1.162,23.795
766.000,7422.688,9.505,28.642,0.658,24.065
767.000,7488.102,6.719,23.434,0.558,24.384
768.000,7526.939,11.161,31.854,0.977,24.094
769.000,7489.708,5.382,21.237,0.555,24.392
770.000,7491.683,5.436,21.343,0.548,24.406
771.000,7426.516,8.871,27.330,0.653,24.083
772.000,7518.253,15.748,38.973,1.136,23.905
773.000,7465.206,7.775,25.753,0.619,24.246
774.000,7506.195,6.582,23.918,0.614,24.388
775.000,7508.575,6.844,24.648,0.681,24.329
776.000,7512.659,6.936,24.755,0.695,24.328
777.000,7510.238,6.530,23.571,0.631,24.384
778.000,7503.880,6.361,23.116,0.610,24.383
779.000,7490.483,6.786,24.054,0.653,24.296
780.000,7474.731,7.919,26.296,0.744,24.153
781.000,7460.756,9.112,28.278,0.781,24.069
782.000,7472.082,11.108,31.580,0.901,23.987
783.000,7443.762,8.265,26.260,0.643,24.150
784.000,7463.265,7.860,25.570,0.628,24.230
785.000,7428.618,9.655,29.016,0.727,24.015
786.000,7411.118,11.652,32.175,0.773,23.911
787.000,7448.588,16.961,40.569,1.109,23.700
788.000,7431.534,8.606,26.739,0.602,24.150
789.000,7518.428,7.426,25.236,0.597,24.445
790.000,7490.334,9.238,28.922,0.712,24.236
791.000,7475.820,13.873,36.783,0.923,23.977
792.000,7462.015,14.766,37.920,0.904,23.949
793.000,7514.335,8.978,28.220,0.617,24.411
794.000,7511.781,7.565,25.669,0.616,24.403
795.000,7502.312,9.879,29.737,0.847,24.141
796.000,7507.983,11.332,32.089,0.956,24.051
797.000,7459.739,9.872,29.433,0.803,24.043
798.000,7570.939,14.184,36.571,1.279,23.938
799.000,7481.616,8.222,26.275,0.848,24.071
800.000,7511.494,3.060,16.047,0.592,24.426
801.000,7513.640,3.766,18.112,0.658,24.367
802.000,7520.482,8.287,27.294,0.858,24.190
803.000,7497.702,15.770,40.131,1.140,23.832
804.000,7597.921,25.052,54.258,1.557,23.749
805.000,7552.981,14.708,38.868,0.903,24.253
806.000,7533.713,7.892,27.527,0.768,24.324
807.000,7539.631,5.686,23.575,0.846,24.266
808.000,7530.321,6.925,25.635,0.718,24.363
809.000,7537.065,7.279,25.899,0.712,24.391
810.000,7523.320,7.278,25.705,0.748,24.310
811.000,7528.572,4.052,19.164,0.690,24.385
812.000,7529.193,7.263,24.955,0.880,24.197
813.000,7522.926,14.075,35.827,1.059,23.997
814.000,7511.690,11.298,30.689,0.695,24.323
815.000,7475.928,13.028,33.445,0.688,24.211
816.000,7465.068,19.367,43.316,0.914,23.949
817.000,7524.238,25.514,52.324,1.237,23.823
818.000,7495.231,15.229,36.628,0.709,24.255
819.000,7485.550,12.461,32.452,0.811,24.120
820.000,7489.304,12.397,32.519,0.796,24.148
821.000,7477.189,11.042,29.989,0.769,24.134
822.000,7494.214,8.104,24.531,0.613,24.347
823.000,7462.591,6.498,21.843,0.586,24.268
824.000,7491.650,8.318,25.727,0.771,24.180
825.000,7450.685,8.549,25.910,0.630,24.185
826.000,7460.242,12.356,32.505,0.797,24.050
827.000,7399.135,10.502,29.597,0.680,23.963
828.000,7433.167,12.241,32.568,0.766,23.990
829.000,7424.477,9.820,27.977,0.640,24.087
830.000,7440.556,11.239,30.078,0.806,23.975
831.000,7492.196,7.251,22.860,0.687,24.266
832.000,7474.034,4.231,16.925,0.652,24.241
833.000,7512.650,4.780,18.320,0.835,24.186
834.000,7460.540,3.305,14.478,0.642,24.205
835.000,7532.230,2.647,11.832,0.614,24.472
836.000,7503.821,3.195,13.291,0.599,24.392
837.000,7527.453,6.257,21.381,0.919,24.152
838.000,7519.959,6.910,22.731,0.963,24.082
839.000,7447.241,4.109,16.047,0.673,24.130
840.000,7525.221,2.255,11.085,0.551,24.512
841.000,7517.520,2.137,10.669,0.564,24.473
842.000,7485.562,2.632,12.696,0.677,24.253
843.000,7504.234,4.509,17.753,0.877,24.116
844.000,7461.033,8.997,26.463,0.852,23.996
845.000,7478.726,6.774,22.311,0.665,24.243
846.000,7440.595,7.751,24.275,0.752,24.028
847.000,7574.170,13.322,34.780,1.355,23.871
848.000,7557.583,11.492,31.758,1.236,23.934
849.000,7464.064,6.711,22.310,0.873,23.986
850.000,7506.300,1.723,10.700,0.613,24.386
851.000,8135.349,1.022,10.005,0.473,26.623
852.000,8059.875,1.045,11.506,0.545,26.300
853.000,7968.038,1.505,12.531,0.527,26.012
854.000,8164.063,2.586,15.566,0.620,26.572
855.000,8029.260,1.806,13.136,0.646,26.096
856.000,8025.292,0.854,10.586,0.775,25.955
857.000,7932.528,0.420,8.064,0.887,25.533
858.000,7936.541,0.483,7.402,1.099,25.334
859.000,7818.618,0.638,8.670,1.058,24.983
860.000,7785.332,1.123,11.164,0.840,25.089
861.000,7868.457,1.410,12.363,0.915,25.291
862.000,7873.159,1.393,12.282,0.906,25.316
863.000,8027.814,1.139,12.263,0.785,25.952
864.000,7942.707,1.282,13.350,0.744,25.710
865.000,8025.784,1.988,15.023,1.045,25.686
866.000,8078.350,2.628,16.063,1.124,25.782
867.000,7939.349,2.823,16.740,0.949,25.494
868.000,7882.386,2.301,15.415,1.049,25.203
869.000,7783.685,1.712,13.649,0.774,25.149
870.000,7896.979,1.585,13.125,0.726,25.575
871.000,7906.032,1.128,12.206,0.628,25.703
872.000,8052.928,0.767,10.556,0.637,26.183
873.000,8122.067,0.296,6.052,0.591,26.460
874.000,8050.458,0.518,7.071,0.528,26.285
875.000,8089.301,0.575,6.015,0.512,26.430
876.000,8108.630,1.626,11.289,0.731,26.275
877.000,8059.251,1.113,9.918,0.418,26.424
878.000,8279.714,1.727,11.651,0.434,27.142
879.000,8351.478,2.454,14.337,0.551,27.265
880.000,8140.750,1.304,9.290,0.545,26.569
881.000,8269.589,1.382,6.866,1.166,26.377
882.000,8206.839,1.697,4.596,0.981,26.353
883.000,8415.649,2.365,2.930,0.899,27.131
884.000,7955.852,2.748,2.264,0.643,25.854
885.000,7806.260,2.896,1.848,0.524,25.474
886.000,7963.388,1.405,3.503,0.392,26.130
887.000,7970.772,1.521,9.936,0.450,26.097
888.000,8009.558,2.555,14.707,0.631,26.045
889.000,7961.724,2.540,14.023,0.893,25.624
890.000,7982.701,2.078,11.380,0.878,25.709
891.000,7846.571,1.809,8.329,0.816,25.317
892.000,7875.066,2.040,5.694,0.867,25.360
893.000,7908.689,3.023,3.190,0.771,25.569
894.000,7906.666,3.944,2.495,0.811,25.522
895.000,7971.613,4.342,2.522,0.811,25.738
896.000,7961.649,4.392,2.821,0.817,25.699
897.000,7914.919,4.559,2.706,0.753,25.607
898.000,7899.301,5.072,2.189,0.782,25.526
899.000,7941.671,5.682,1.781,0.862,25.587
900.000,7892.300,6.183,1.695,0.919,25.366
901.000,7914.693,6.410,1.894,0.972,25.388
902.000,7922.958,7.799,1.890,1.053,25.334
903.000,7933.305,8.275,1.852,1.036,25.385
904.000,7926.696,7.117,1.883,0.914,25.485
905.000,7950.767,5.378,2.163,0.834,25.645
906.000,7951.735,4.396,2.868,0.774,25.708
907.000,7965.634,4.561,3.672,0.868,25.661
908.000,8679.523,1.248,8.514,0.972,27.936
909.000,8796.876,1.663,12.944,1.186,28.113
910.000,8989.705,2.298,14.680,1.217,28.726
911.000,9291.510,1.906,14.035,1.288,29.661
912.000,8826.621,1.908,13.878,1.026,28.373
913.000,8717.498,0.841,9.727,1.302,27.733
914.000,8509.504,0.840,8.865,1.179,27.163
915.000,8257.869,1.696,3.329,1.054,26.449
916.000,8348.531,5.854,0.774,0.997,26.808
917.000,8328.628,7.837,0.646,0.934,26.805
918.000,8234.488,10.765,0.921,0.887,26.537
919.000,8094.646,12.805,1.321,0.880,26.079
920.000,8025.146,13.833,1.525,0.833,25.894
921.000,8050.422,13.198,1.317,0.746,26.065
922.000,8029.397,13.265,1.353,0.790,25.950
923.000,7979.852,11.284,1.024,0.909,25.666
924.000,7968.783,8.976,0.912,1.127,25.411
925.000,8190.292,4.658,2.180,1.664,25.613
926.000,8294.072,4.074,3.303,2.087,25.535
927.000,8483.056,5.094,3.293,2.794,25.458
928.000,8517.584,7.886,3.247,3.125,25.242
929.000,8566.955,11.681,4.083,3.474,25.058
930.000,8587.843,12.795,4.591,3.590,25.011
931.000,8479.758,11.909,4.093,3.211,25.030
932.000,8341.530,12.387,3.549,2.679,25.101
933.000,8291.837,13.543,3.325,2.249,25.365
934.000,8253.260,16.301,3.928,1.959,25.526
935.000,8180.021,20.260,5.513,1.781,25.461
936.000,8114.149,23.930,7.366,1.694,25.327
937.000,8096.917,21.937,6.682,1.588,25.377
938.000,8225.681,17.208,4.664,1.353,26.040
939.000,8207.660,11.676,2.595,1.072,26.261
940.000,8370.453,7.843,1.630,0.980,26.896
941.000,8384.562,5.779,1.379,0.982,26.941
942.000,8349.660,5.583,1.297,0.951,26.856
943.000,8116.140,8.447,1.282,0.926,26.102
944.000,8088.062,13.064,2.149,1.074,25.861
945.000,8061.346,17.836,3.911,1.016,25.830
946.000,8116.870,17.157,3.655,1.017,26.013
947.000,8219.863,17.973,3.900,0.987,26.386
948.000,7938.993,13.736,2.529,1.051,25.386
949.000,7773.089,13.212,2.571,0.990,24.894
950.000,7917.955,13.951,2.750,1.155,25.212
951.000,7844.520,15.833,3.367,1.033,25.089
952.000,7854.507,18.349,4.372,1.211,24.944
953.000,7894.142,19.179,5.075,1.492,24.795
954.000,8020.974,18.868,5.191,2.114,24.596
955.000,8154.858,17.012,4.435,2.708,24.448
956.000,8267.913,14.073,3.227,3.011,24.522
957.000,8285.017,11.560,2.316,2.964,24.625
958.000,8196.504,10.368,1.833,2.644,24.651
959.000,8034.836,11.342,1.781,2.184,24.572
960.000,7934.395,14.523,2.497,1.789,24.632
961.000,7844.861,19.589,4.352,1.617,24.506
962.000,7836.549,24.369,6.481,1.624,24.471
963.000,7843.793,27.613,7.981,1.719,24.400
964.000,7870.131,27.355,7.702,1.783,24.423
965.000,7863.607,24.282,6.051,1.754,24.431
966.000,7873.412,21.210,4.566,1.665,24.552
967.000,7788.565,19.080,3.665,1.540,24.395
968.000,7759.683,17.450,3.088,1.401,24.438
969.000,7727.423,15.946,2.595,1.249,24.482
970.000,7675.174,14.750,2.233,1.144,24.413
971.000,7691.283,12.596,1.608,1.030,24.580
972.000,7690.164,10.261,1.093,0.940,24.666
973.000,7710.786,8.867,0.908,0.893,24.782
974.000,7676.086,8.796,0.955,0.886,24.673
975.000,7648.445,9.471,1.142,0.890,24.578
976.000,7676.300,10.141,1.428,0.968,24.592
977.000,7699.953,11.216,1.753,1.046,24.593
978.000,7691.788,13.979,2.662,1.188,24.424
979.000,7658.196,12.458,2.232,1.044,24.456
980.000,7633.422,14.613,3.005,1.118,24.299
981.000,7629.764,16.308,3.668,1.230,24.175
982.000,7656.628,11.400,2.004,1.000,24.494
983.000,7667.521,10.916,1.828,0.996,24.535
984.000,7675.435,10.723,1.716,1.006,24.551
985.000,7645.950,10.181,1.676,1.020,24.438
986.000,7646.701,10.019,1.681,1.106,24.355
987.000,7625.325,9.430,1.542,1.151,24.239
988.000,7630.949,8.299,1.306,1.129,24.280
989.000,7664.260,7.497,1.186,1.102,24.418
990.000,7633.813,8.684,1.377,1.102,24.317
991.000,7640.636,10.412,1.812,1.206,24.234
992.000,7664.720,4.958,1.369,0.934,24.587
993.000,7657.426,4.628,1.555,0.926,24.570
994.000,7639.753,5.178,1.604,0.996,24.442
995.000,7618.116,5.763,1.593,1.053,24.313
996.000,7605.791,5.945,1.518,1.052,24.272
997.000,7627.611,5.723,1.406,1.005,24.393
998.000,7651.507,6.700,1.251,1.039,24.438
999.000,7626.186,14.541,2.807,1.392,24.001
